Customer_id,Tenure,NumofProducts,HasCRCard,IsActiveMember,Exited
15634602,2,1,1,1,1
15647311,1,1,0,1,0
15619304,8,3,1,0,1
15701354,1,2,0,0,0
15737888,2,1,1,1,0
15574012,8,2,1,0,1
15592531,7,2,1,1,0
15656148,4,4,1,0,1
15792365,4,2,0,1,0
15592389,2,1,1,1,0
15767821,6,2,0,0,0
15737173,3,2,1,0,0
15632264,10,2,1,0,0
15691483,5,2,0,0,0
15600882,7,2,1,1,0
15643966,3,2,0,1,0
15737452,1,1,1,0,1
15788218,9,2,1,1,0
15661507,6,1,0,0,0
15568982,6,2,1,1,0
15577657,8,2,1,1,0
15597945,8,2,1,0,0
15699309,4,1,1,0,1
15725737,3,2,0,1,0
15625047,5,1,1,1,0
15738191,3,2,0,1,0
15736816,2,1,1,1,0
15700772,9,2,0,0,0
15728693,3,1,1,1,0
15656300,0,2,1,1,0
15589475,3,3,1,0,1
15706552,7,1,0,1,0
15750181,9,2,0,0,0
15659428,6,2,1,1,0
15732963,9,2,1,1,0
15794171,0,1,1,0,1
15788448,3,1,0,1,0
15729599,7,1,0,1,0
15717426,7,1,1,1,0
15585768,6,2,0,1,0
15619360,4,1,1,0,0
15738148,8,1,0,0,1
15687946,2,1,1,1,0
15755196,2,1,0,0,1
15684171,5,1,1,1,0
15754849,4,2,1,1,0
15602280,9,1,1,1,1
15771573,9,1,1,1,1
15766205,2,1,0,1,0
15771873,2,2,1,0,0
15616550,10,2,1,0,0
15768193,5,2,0,0,0
15683553,5,2,0,0,0
15702298,8,1,0,0,1
15569590,1,1,1,0,1
15760861,1,1,1,1,0
15630053,5,1,1,0,0
15647091,0,1,0,0,0
15623944,4,1,1,0,1
15804771,4,1,1,1,0
15651280,5,1,0,0,0
15773469,9,2,0,0,0
15702014,1,2,0,0,0
15751208,8,1,1,1,0
15592461,4,1,1,1,0
15789484,6,2,1,1,0
15696061,1,1,1,0,0
15641582,10,2,1,1,0
15638424,5,2,0,1,0
15755648,8,1,1,0,0
15703793,2,4,1,0,1
15620344,6,1,1,0,0
15812518,0,1,0,1,0
15779052,5,2,1,1,0
15770811,9,2,0,1,0
15780961,1,2,1,0,0
15614049,8,2,1,1,0
15662085,9,1,1,1,0
15575185,5,1,0,1,0
15803136,10,2,1,0,0
15706021,1,2,0,0,0
15663706,2,1,1,0,1
15641732,3,2,0,0,0
15701164,4,1,1,1,0
15738751,4,2,1,0,0
15805254,10,2,1,1,0
15762418,3,1,1,0,1
15625759,9,2,1,0,0
15622897,4,3,1,0,1
15767954,3,2,1,1,0
15757535,5,3,1,1,1
15731511,7,2,1,0,0
15809248,10,2,1,0,0
15640635,8,2,1,1,0
15676966,4,2,0,1,0
15699461,10,1,0,1,0
15738721,9,1,0,1,0
15693683,8,2,1,1,0
15604348,8,2,0,0,0
15633059,9,2,0,0,0
15808582,6,1,1,1,0
15743192,6,2,0,0,0
15580146,9,1,1,0,0
15776605,7,2,1,0,0
15804919,1,1,1,1,1
15613854,4,2,1,1,1
15599195,1,1,1,1,0
15812878,2,1,0,1,0
15602312,5,1,0,0,0
15744689,9,1,1,0,1
15803526,3,1,0,1,0
15665790,7,2,1,0,0
15715951,2,1,0,0,0
15591100,9,1,0,1,0
15609618,9,2,0,1,1
15675522,9,2,1,1,0
15705512,6,1,1,0,0
15698028,1,2,1,0,0
15661670,8,1,1,0,1
15600781,4,2,1,0,0
15682472,8,2,0,0,0
15580203,6,1,0,0,0
15690673,6,2,1,0,0
15760085,10,1,1,1,0
15779659,3,1,0,0,0
15627360,9,1,1,0,1
15671137,1,1,0,1,1
15782688,0,1,1,0,1
15575492,7,2,1,0,0
15591607,9,1,1,0,0
15740404,3,2,1,1,0
15718369,9,1,1,1,0
15677871,9,1,1,1,0
15642004,1,2,0,1,0
15712543,7,2,1,1,0
15584518,5,2,1,1,0
15802381,5,1,0,1,0
15610156,2,1,0,1,0
15594408,2,1,1,0,1
15640905,1,2,0,1,1
15698932,10,1,1,0,0
15724944,7,2,1,1,0
15628145,5,1,1,1,0
15713483,2,1,1,0,1
15612350,5,1,1,0,1
15800703,5,1,1,1,0
15705707,8,2,1,0,0
15754105,5,1,0,0,0
15703264,9,1,1,0,0
15794413,0,2,0,1,0
15650237,7,2,1,0,0
15759618,9,1,1,0,1
15811589,8,2,1,0,0
15689044,2,1,1,0,0
15709368,6,2,1,1,0
15679145,7,1,1,0,1
15655007,7,2,0,0,0
15623595,2,2,1,1,0
15589975,6,1,0,1,0
15804017,4,1,0,0,0
15692132,6,1,0,1,0
15641122,2,2,1,0,0
15630910,7,1,0,0,0
15680772,2,2,1,1,0
15658929,0,1,1,0,1
15585388,9,2,1,1,0
15724623,7,1,1,0,1
15588537,9,1,1,0,0
15574692,2,2,1,0,1
15611325,9,2,0,0,0
15587562,4,1,1,0,0
15613172,5,2,1,0,0
15651022,10,1,1,0,1
15586310,4,1,1,0,0
15625524,5,2,1,1,0
15755209,7,1,1,1,0
15645248,0,2,1,1,0
15790355,5,2,0,0,0
15762615,8,1,0,1,0
15625426,3,1,1,0,1
15716334,2,1,1,1,0
15789669,2,2,1,1,0
15621075,1,2,1,0,0
15810845,2,2,1,1,0
15719377,4,1,1,1,1
15654506,8,2,1,0,0
15771977,1,1,1,0,0
15708710,0,1,0,1,0
15726676,5,2,0,1,0
15587421,7,2,1,0,0
15726931,8,2,0,0,1
15771086,3,2,1,0,0
15756850,1,2,0,0,0
15702741,8,1,1,0,0
15679200,9,2,1,0,0
15594815,3,1,1,1,0
15635905,6,2,1,1,0
15777892,3,1,1,1,0
15656176,10,2,1,1,0
15811127,6,1,1,0,0
15604482,2,1,1,1,0
15622911,4,1,0,1,0
15600974,5,1,0,1,1
15727868,2,2,1,1,1
15627801,3,1,1,0,0
15773039,3,1,1,1,0
15755262,3,1,0,0,1
15679531,5,1,1,1,0
15684181,5,1,1,0,1
15612087,2,1,0,1,0
15752047,2,2,1,0,0
15624592,8,2,1,1,0
15573152,9,2,0,0,0
15594917,1,1,1,1,0
15785542,4,2,0,0,0
15723488,7,1,0,1,1
15680920,7,1,1,0,0
15786308,9,2,0,0,0
15659366,1,2,1,0,1
15774854,8,1,1,1,1
15725311,9,2,1,1,0
15787155,7,1,0,1,0
15727829,2,2,1,1,0
15733247,10,1,1,0,1
15568748,6,1,1,1,1
15699029,4,2,1,0,0
15774393,9,2,1,1,0
15676895,6,3,1,1,1
15637753,2,1,1,0,1
15605461,3,1,1,0,0
15808473,1,2,0,1,0
15627000,0,2,1,0,0
15787174,1,2,0,1,0
15723886,3,2,0,1,0
15704769,5,2,0,1,0
15772896,6,1,1,0,1
15711540,2,1,1,1,0
15764866,3,3,1,0,1
15794056,2,3,1,0,1
15795149,2,2,0,1,0
15812009,4,2,1,0,0
15651001,5,1,1,0,0
15813844,8,2,0,1,0
15596175,6,1,1,1,1
15576269,7,2,1,0,0
15797219,10,1,1,0,1
15685500,7,2,1,0,0
15599792,1,2,1,1,0
15657566,8,1,1,1,0
15772423,8,1,1,0,1
15628112,5,1,0,0,0
15753754,1,2,1,1,0
15793726,0,2,0,1,0
15694717,2,1,1,1,0
15665834,8,1,0,0,0
15765297,0,2,0,1,0
15636684,10,2,1,1,0
15592979,6,2,0,0,0
15750803,6,1,1,1,0
15607178,3,1,1,1,0
15713853,9,2,1,1,0
15673481,6,1,1,0,0
15686776,6,2,1,0,0
15673693,0,1,0,1,0
15700696,9,1,1,1,0
15813163,9,1,1,0,0
15653857,2,2,1,1,0
15777076,7,2,1,0,0
15717398,7,1,0,0,1
15799217,7,1,1,0,0
15787071,9,2,0,1,0
15619955,3,3,1,0,1
15796505,1,2,1,1,0
15725166,8,2,1,0,0
15800116,4,1,0,1,0
15758685,7,2,1,1,0
15694456,3,1,1,1,1
15767339,10,2,1,0,0
15683562,6,1,0,1,0
15782210,1,1,1,0,1
15668893,8,2,1,1,0
15669169,10,2,1,1,0
15643024,4,1,1,1,1
15699389,7,1,1,1,0
15708608,8,2,0,1,0
15626144,7,2,1,0,0
15573112,5,1,1,0,0
15790678,8,1,1,0,0
15727556,5,1,1,1,0
15697307,10,2,1,0,0
15652266,9,1,0,1,0
15607098,5,2,1,0,0
15655774,7,2,1,0,0
15590241,9,1,0,0,1
15785819,3,2,1,1,0
15723654,2,1,1,0,0
15774510,4,1,1,1,0
15684173,7,3,1,0,1
15650068,0,1,1,1,0
15811490,5,2,1,1,0
15803976,10,2,1,0,0
15682541,6,1,0,0,0
15695699,8,2,1,0,0
15624188,6,2,1,1,0
15812191,4,1,0,0,0
15636673,1,1,1,1,0
15594898,2,1,1,1,1
15660211,7,2,1,0,0
15773972,4,1,1,0,1
15746726,8,1,1,0,0
15712287,4,2,1,1,0
15702919,6,1,1,0,0
15674398,3,2,0,0,0
15797960,0,1,1,0,0
15631868,2,1,1,1,0
15581539,3,2,0,0,0
15662736,2,1,1,0,1
15666252,9,2,1,1,0
15677512,3,1,1,0,0
15626114,4,1,1,0,0
15810834,2,1,1,1,0
15678910,8,1,1,1,0
15694408,1,1,1,0,1
15585215,4,2,0,0,0
15682757,3,2,1,0,0
15736601,4,1,1,0,0
15601848,2,2,1,0,0
15736008,9,1,1,0,1
15669064,1,1,1,1,0
15624528,7,2,1,1,0
15598493,7,2,0,1,0
15601274,1,1,1,0,0
15702669,2,2,0,1,0
15728669,8,1,1,0,1
15742668,6,1,1,0,0
15697441,7,1,1,0,1
15740476,3,2,0,1,0
15648064,2,2,1,0,0
15636624,5,1,1,0,1
15807923,10,1,1,0,1
15745844,6,2,0,1,1
15786170,4,1,0,0,0
15681081,5,2,1,1,0
15684484,8,2,0,0,0
15785869,7,2,1,0,0
15763859,7,2,1,0,0
15658935,9,2,1,0,0
15747358,3,1,1,1,0
15735203,1,1,1,1,0
15576256,5,2,1,1,0
15659420,3,2,1,1,0
15593365,2,1,1,1,0
15777352,7,1,1,0,0
15812007,6,2,1,1,0
15625461,1,2,1,1,0
15739438,0,2,1,0,0
15611759,8,2,1,1,0
15661629,9,1,1,0,1
15633950,1,1,1,1,0
15592386,3,2,0,1,0
15803716,3,2,0,1,0
15696674,2,1,0,1,1
15706365,9,1,1,1,0
15745088,9,2,1,0,0
15676715,9,2,1,1,0
15613085,3,1,1,1,0
15633537,9,2,1,0,0
15594720,8,2,1,1,0
15684042,2,2,0,1,0
15583303,2,1,1,0,0
15611579,4,1,1,1,0
15774696,1,2,0,1,0
15694506,0,2,1,1,0
15688074,1,1,1,1,0
15759537,7,2,1,1,0
15758449,8,1,0,1,0
15583456,10,3,1,1,1
15667871,4,1,1,0,0
15677371,2,1,1,0,0
15629677,2,3,0,0,1
15713578,9,2,1,1,0
15591509,7,2,1,0,0
15568240,10,2,0,1,0
15622993,8,2,1,0,0
15689294,3,1,1,0,0
15720910,9,1,1,1,0
15721181,6,2,1,0,0
15776433,2,2,1,1,0
15748936,2,2,0,1,0
15717225,10,2,1,0,0
15685226,7,1,1,1,0
15785611,3,1,1,1,0
15573456,9,2,1,0,1
15684548,8,2,0,0,1
15620505,0,1,1,1,0
15807432,2,2,0,1,0
15584766,3,1,1,1,0
15612187,8,1,1,0,0
15762218,9,2,0,1,0
15646372,1,1,1,0,1
15690452,1,1,1,0,0
15747795,4,1,1,1,0
15781589,8,2,0,1,0
15732674,6,2,0,1,0
15642291,8,2,1,1,0
15692761,9,1,1,0,0
15578045,9,1,0,0,1
15745354,4,2,1,0,0
15701376,10,2,1,1,0
15691625,3,1,1,0,0
15566594,10,2,0,0,0
15760431,1,2,1,1,0
15686302,3,1,1,1,0
15801559,9,3,1,1,1
15810432,8,2,1,0,0
15809616,8,2,0,0,0
15720559,5,1,0,0,1
15695632,9,1,1,1,0
15659843,6,2,0,0,0
15615624,6,2,0,0,0
15810418,3,1,1,0,1
15716186,2,2,1,0,0
15674551,7,1,1,0,1
15622834,4,1,1,0,0
15566111,9,1,1,0,0
15784597,9,1,1,0,0
15652883,10,2,1,0,0
15806964,0,1,1,1,0
15576313,9,1,1,0,0
15806467,1,1,0,0,1
15597602,3,1,1,1,1
15743040,2,2,0,1,0
15705521,0,1,1,0,0
15595039,8,1,1,0,1
15799384,8,1,0,0,0
15581197,3,1,0,1,0
15693737,4,2,1,0,0
15624623,10,2,0,0,0
15783501,2,2,1,0,0
15690134,3,1,1,1,0
15782735,3,1,0,0,0
15611088,9,2,1,0,0
15672145,7,2,1,1,0
15732628,2,1,1,1,0
15787470,3,1,0,0,1
15803406,1,1,0,1,0
15730460,2,1,0,0,0
15644572,4,1,1,1,0
15694860,6,1,0,0,1
15658169,6,2,1,0,0
15794396,7,1,1,0,0
15785798,9,2,0,1,0
15710825,7,1,0,0,0
15668444,3,1,1,0,0
15726631,6,1,0,1,0
15733797,5,2,1,0,0
15747960,3,1,1,1,0
15634632,3,2,1,0,0
15707362,1,1,0,1,1
15662976,8,1,1,1,0
15732778,1,2,1,1,0
15718443,3,2,1,0,0
15670039,3,2,1,0,0
15773792,4,1,1,1,1
15613786,4,2,1,1,0
15726032,9,1,1,0,0
15663252,9,2,1,1,0
15593782,5,3,1,0,1
15633283,8,2,1,0,0
15749167,3,2,1,1,0
15759298,10,1,1,1,0
15683625,1,1,1,0,1
15635367,2,1,1,0,0
15681705,8,2,1,0,0
15603156,1,2,1,0,0
15591986,6,1,0,0,1
15798888,1,1,1,1,0
15809722,8,2,1,0,0
15677538,7,1,1,1,0
15797736,4,1,1,1,0
15695585,6,1,0,1,0
15744398,5,2,1,0,0
15750658,8,3,0,0,0
15578186,9,2,1,0,0
15676519,9,2,1,0,1
15637954,0,1,1,1,0
15758639,7,2,1,0,0
15613772,3,1,1,1,1
15731744,2,2,0,1,0
15807709,9,1,1,1,0
15714689,1,1,1,1,0
15699005,2,1,1,1,0
15624170,4,2,0,1,0
15725679,6,1,0,0,1
15585865,2,2,0,0,1
15804256,8,2,1,1,0
15662403,6,2,1,0,0
15733616,5,1,1,1,0
15591995,8,2,1,1,0
15677020,8,1,0,1,1
15727688,4,2,1,1,0
15715941,5,2,1,1,0
15714485,5,1,1,0,1
15730059,9,2,1,1,0
15715527,4,1,0,0,0
15576623,5,2,1,0,0
15805565,7,1,1,0,0
15677307,6,1,1,0,0
15773890,5,2,1,1,0
15598883,2,2,1,1,0
15568506,10,2,1,1,0
15761043,6,2,1,0,0
15782236,5,2,0,0,0
15593601,6,1,1,1,0
15682048,3,1,1,1,1
15746902,9,2,1,0,0
15752081,10,3,0,1,1
15781307,7,2,1,0,0
15775912,4,2,0,1,1
15745417,6,1,0,1,0
15671256,1,1,1,0,1
15653547,7,1,1,1,0
15595766,5,2,1,1,0
15742358,8,1,1,1,0
15763274,3,1,0,0,0
15786063,2,2,1,1,0
15600258,2,2,1,1,0
15573318,8,2,1,0,0
15653849,3,1,1,0,1
15694272,1,1,1,1,0
15736112,2,2,1,1,0
15749851,4,1,0,1,0
15663478,6,1,1,1,0
15592300,10,1,1,0,0
15567832,7,1,1,0,0
15776780,1,1,1,0,1
15592846,10,2,1,0,0
15739803,9,2,1,0,0
15794142,5,3,0,1,1
15762729,1,1,1,0,1
15667896,8,2,1,1,0
15626578,9,2,1,1,0
15776223,4,1,1,1,0
15705953,0,1,1,0,1
15802593,7,3,0,1,1
15615457,2,2,1,0,0
15708916,0,2,1,0,0
15720187,7,2,1,0,0
15595440,7,2,1,1,0
15600651,1,3,1,1,0
15750141,3,2,1,0,0
15657284,6,1,1,1,1
15763063,10,1,1,0,0
15709324,7,2,1,0,0
15711309,3,1,1,0,0
15775318,3,3,0,1,1
15705515,5,2,1,0,0
15634844,3,1,1,0,1
15717046,3,2,1,1,0
15571816,5,1,1,1,0
15670080,7,1,0,1,0
15800440,1,1,0,1,0
15665678,8,1,1,1,0
15665956,1,1,1,0,1
15788126,6,1,1,1,0
15811773,4,2,1,1,0
15651674,2,1,0,0,1
15689614,1,1,1,1,0
15795564,5,2,1,1,0
15706647,7,3,1,1,0
15728505,1,2,1,1,0
15730076,1,1,1,0,1
15622003,9,2,1,0,0
15607312,10,2,1,1,1
15644753,3,1,1,1,0
15653620,8,2,1,1,0
15761986,3,1,1,0,0
15633922,4,2,0,1,0
15734674,6,1,1,0,0
15658032,2,2,1,1,0
15692671,8,2,1,0,0
15737741,2,2,0,1,1
15576352,3,2,0,1,0
15753719,9,1,1,0,0
15803689,1,2,0,0,1
15718057,2,1,0,0,1
15722010,9,1,1,0,1
15680998,5,1,1,1,0
15614782,1,1,1,0,0
15591047,6,2,0,0,1
15788291,7,1,1,1,1
15604044,8,1,1,0,0
15679587,9,1,1,1,0
15775153,4,1,0,0,0
15603925,4,2,0,1,0
15680970,2,1,1,0,0
15697183,9,2,1,0,0
15567446,9,1,1,1,0
15637476,5,1,0,0,1
15714939,4,1,0,1,0
15683503,8,3,0,1,1
15645569,7,2,1,1,0
15782569,9,1,0,1,0
15592387,5,1,1,0,1
15609286,10,1,1,1,0
15814035,9,1,1,1,0
15661249,4,2,0,1,0
15629117,10,2,1,0,0
15607170,5,2,1,1,0
15586585,2,1,1,0,0
15686611,10,1,0,0,0
15603203,6,2,1,0,0
15619857,2,1,1,1,0
15805062,1,1,1,1,0
15660271,8,1,1,1,0
15745295,0,1,1,0,1
15719352,6,2,1,0,0
15766575,8,1,1,0,1
15594594,7,1,1,1,0
15646161,8,2,1,1,0
15682585,9,1,1,0,0
15603134,10,1,0,1,0
15636444,5,2,1,1,0
15773456,3,2,0,1,0
15745307,2,1,0,1,0
15604119,7,1,0,0,0
15626900,1,1,1,1,0
15605447,2,1,1,0,0
15589030,1,2,1,1,0
15692463,3,1,1,0,0
15712403,1,1,1,0,1
15811762,6,1,1,0,1
15718673,10,1,1,0,0
15724282,3,2,1,1,0
15738181,6,2,0,0,1
15633648,5,2,1,0,0
15603323,1,2,0,0,0
15583725,1,1,0,1,0
15588350,10,1,0,1,0
15798398,4,1,0,0,0
15784844,5,1,1,0,1
15580684,5,1,1,0,0
15809663,1,1,1,1,0
15640078,5,1,1,0,1
15698786,9,1,1,0,1
15569807,8,1,1,0,1
15730830,3,2,1,1,0
15805112,7,1,1,0,0
15633064,4,2,1,0,0
15703119,6,2,1,1,0
15730447,4,2,1,1,0
15813850,7,1,1,1,0
15711889,3,1,1,0,0
15664610,4,1,1,1,1
15751710,8,2,1,1,0
15692926,8,1,1,1,0
15813741,6,1,0,1,0
15698474,1,2,1,1,0
15568595,9,1,1,1,0
15603065,6,2,1,0,0
15592937,3,1,1,1,0
15699637,8,1,1,1,0
15667215,2,2,1,1,0
15788659,4,2,1,1,0
15763218,1,2,0,1,0
15645772,9,2,1,1,0
15725511,3,1,0,1,0
15575024,3,2,1,1,0
15640825,3,1,1,1,0
15662397,5,1,1,1,0
15576368,3,2,0,0,0
15674991,9,2,0,1,0
15721024,0,1,0,0,0
15745621,6,2,1,1,0
15642394,5,2,1,1,0
15754605,5,2,1,1,0
15607040,4,2,1,0,0
15715142,7,1,0,1,1
15810978,1,2,1,1,0
15668886,3,2,1,0,0
15780804,5,1,0,1,0
15613880,5,1,0,1,0
15775238,4,1,0,1,0
15786905,8,2,0,0,0
15747867,9,1,0,0,0
15600337,2,1,0,0,1
15801277,2,2,1,1,0
15579334,5,1,1,0,1
15802741,7,1,1,0,1
15720649,5,1,1,0,0
15589493,1,2,1,0,0
15688251,1,2,1,0,0
15665238,8,1,0,0,0
15740900,6,2,1,1,0
15681068,2,1,1,1,0
15748625,6,2,1,1,0
15727299,1,1,1,1,1
15620204,1,2,1,1,1
15669516,2,2,1,1,0
15736534,0,1,1,1,0
15803457,5,2,1,0,0
15659098,7,1,0,0,0
15603436,2,2,0,1,0
15566292,1,2,0,1,0
15808621,2,2,1,1,0
15580148,5,3,1,0,1
15776231,4,1,1,1,0
15773809,4,2,1,0,0
15649423,8,2,0,1,0
15734886,3,2,1,0,0
15722548,0,1,0,0,0
15650288,6,1,1,0,0
15629448,1,1,1,0,0
15716164,3,1,1,0,0
15807609,3,3,1,0,1
15578977,9,2,1,0,0
15677369,4,1,0,0,0
15804072,5,2,0,0,0
15696859,10,2,0,0,0
15653780,5,1,1,1,0
15721658,2,2,1,1,1
15578761,6,2,1,1,1
15736879,1,2,0,0,0
15571973,2,1,1,0,0
15626742,3,1,1,1,0
15672692,10,2,1,1,0
15673570,9,2,0,1,0
15767432,7,3,1,1,0
15654238,5,1,1,0,0
15612525,1,1,0,0,1
15812750,6,1,1,1,0
15790757,10,2,0,0,0
15723873,3,1,0,0,0
15744607,9,2,1,0,1
15612966,7,1,0,1,1
15784209,6,1,1,1,0
15794278,6,1,1,1,0
15766741,2,1,0,1,0
15661036,6,2,1,0,0
15705639,8,2,1,0,0
15637414,7,1,0,1,0
15716835,8,1,1,1,0
15696231,7,1,1,1,0
15641675,2,3,0,0,1
15670755,8,2,1,1,0
15640059,5,2,1,1,0
15787619,2,1,0,0,0
15587535,5,1,1,0,0
15813034,2,1,1,1,0
15698839,4,2,1,1,0
15790314,0,2,0,1,0
15634245,9,1,1,0,0
15677305,7,1,1,1,0
15661526,2,2,1,0,0
15685997,5,2,1,0,0
15660101,9,2,1,0,0
15637979,2,2,1,0,0
15815364,2,2,1,1,0
15647099,9,1,1,0,0
15625944,5,1,1,1,0
15583212,5,1,1,0,0
15582741,5,1,1,0,1
15637876,6,1,0,0,1
15622750,1,1,1,0,0
15672056,2,3,1,1,1
15812351,2,1,1,0,0
15810864,2,2,0,1,0
15677921,9,2,0,0,1
15724296,2,2,0,0,0
15685329,1,1,0,1,1
15584091,2,2,0,0,1
15640442,4,1,0,0,0
15639314,2,2,0,1,0
15685320,3,1,0,0,0
15789158,6,2,1,0,1
15752137,7,1,1,1,0
15712551,7,1,1,0,1
15628936,9,1,0,0,1
15797227,8,2,1,1,0
15769974,8,1,0,0,0
15737051,8,2,1,0,0
15585595,1,2,0,1,0
15654060,2,2,0,1,0
15745196,8,2,0,0,0
15571221,7,1,1,1,1
15660155,5,1,0,1,0
15605284,1,2,1,1,0
15694366,2,1,0,1,0
15600739,0,2,1,0,0
15653253,8,1,1,1,0
15763431,2,2,1,1,0
15643696,3,2,1,1,0
15707473,6,1,1,0,0
15769504,1,1,1,1,0
15776807,1,1,1,0,0
15686870,8,2,0,0,0
15668747,9,1,0,1,0
15766908,3,1,1,0,0
15570134,6,2,1,1,0
15567367,9,1,0,1,0
15747542,7,2,1,1,0
15762238,0,2,0,1,0
15681554,7,2,1,1,0
15712825,9,2,0,1,0
15640280,4,2,0,1,0
15756026,9,1,0,0,1
15613319,0,1,0,0,0
15798906,5,2,1,1,0
15708917,10,1,1,1,0
15778463,6,1,1,0,0
15699430,10,2,1,0,0
15649992,7,2,0,1,0
15578980,3,2,1,1,0
15775306,8,3,1,1,1
15641655,2,2,0,0,0
15619708,5,2,1,0,0
15734565,8,2,1,0,0
15806438,2,1,0,0,1
15591969,9,1,1,1,0
15747807,6,2,1,0,0
15596939,4,2,1,0,0
15716155,5,1,0,0,0
15765311,8,1,1,0,0
15757811,9,1,0,1,1
15603830,4,2,1,0,0
15660602,8,2,1,1,0
15660535,5,2,1,1,0
15666633,1,2,1,1,0
15596914,2,2,1,1,0
15639788,10,2,1,0,0
15695846,6,2,1,1,0
15726234,5,1,0,1,0
15797964,1,1,1,1,0
15625881,3,2,1,1,0
15780628,6,2,0,0,0
15575883,2,2,1,0,0
15585036,3,2,1,1,0
15589488,5,1,1,1,0
15585888,3,1,0,1,1
15727915,4,1,0,0,0
15707567,6,1,0,0,1
15737792,1,1,0,0,0
15599433,8,1,0,1,0
15672012,5,1,1,0,1
15806983,3,1,1,0,0
15592222,7,1,0,0,0
15608968,6,2,0,0,0
15586959,5,2,1,0,0
15646558,1,1,1,1,0
15725811,0,1,0,1,0
15572265,1,2,1,0,0
15794048,1,2,0,0,1
15677610,8,1,1,1,0
15745012,6,2,1,1,0
15601589,8,2,0,1,0
15686436,4,2,1,0,0
15693864,5,1,1,0,1
15760550,7,2,0,1,0
15686137,9,1,1,1,0
15809087,1,2,1,0,1
15807663,8,1,1,0,1
15809100,2,1,1,0,1
15794916,7,1,1,1,0
15614215,6,2,0,1,0
15805449,4,2,0,0,0
15686983,10,2,0,1,0
15808017,1,2,1,1,0
15756804,1,1,1,0,1
15646810,6,2,1,0,1
15710424,4,1,1,1,0
15799422,8,1,1,1,0
15692750,7,3,1,0,1
15794549,2,2,1,1,0
15803764,7,2,1,0,0
15674840,5,2,0,1,0
15653762,9,1,0,0,0
15581229,1,1,0,1,0
15800228,4,2,1,1,0
15656333,3,1,1,0,0
15697497,9,2,1,1,0
15585362,6,1,1,0,1
15571928,4,3,1,0,1
15785519,6,1,1,0,0
15743007,4,1,1,0,1
15777211,7,1,1,1,0
15721935,7,2,1,1,0
15591711,0,1,1,0,0
15625021,2,2,1,1,0
15702968,3,1,1,1,0
15600462,8,1,0,1,0
15768104,8,1,0,0,0
15780140,2,2,1,1,0
15585255,9,1,1,0,0
15772781,3,3,1,1,1
15669987,8,2,1,0,1
15697000,5,1,1,1,0
15733119,8,2,1,0,0
15782390,6,1,1,0,0
15654700,2,1,1,0,1
15632210,2,1,1,0,0
15642041,1,2,1,0,1
15709737,7,2,0,1,0
15792388,7,1,1,1,0
15786014,5,2,1,0,0
15794580,4,1,0,0,1
15675964,9,1,1,1,1
15814275,6,1,1,1,0
15724848,1,1,1,0,1
15754713,10,1,1,1,0
15693814,7,2,1,0,0
15599660,6,2,1,1,0
15746490,6,1,1,1,0
15566091,4,1,1,0,0
15655961,1,1,1,0,0
15710404,10,1,1,1,0
15775625,6,1,1,0,0
15792328,6,1,1,1,1
15719856,3,1,1,1,0
15593773,3,2,0,0,0
15733114,9,2,1,0,0
15797748,5,2,0,1,0
15743411,1,1,1,0,1
15753337,5,3,1,0,1
15601026,1,1,1,1,0
15658485,9,1,1,1,0
15636731,1,2,1,1,0
15628303,3,1,1,1,0
15633461,5,1,1,1,0
15677135,8,2,1,1,0
15590876,7,1,0,0,0
15790782,6,1,0,0,0
15700476,9,2,1,1,0
15634141,8,2,1,0,0
15737795,1,1,0,1,1
15790299,9,3,1,1,0
15675316,3,2,0,1,0
15613630,8,1,1,1,1
15662100,5,1,0,1,0
15668032,4,1,1,1,0
15599289,10,1,1,0,0
15754084,1,1,1,1,0
15676521,8,2,0,0,0
15804586,6,1,1,0,1
15781465,8,1,1,0,0
15729362,8,1,1,0,0
15709295,5,2,1,1,0
15745324,4,1,1,0,1
15741336,5,1,1,1,1
15783659,4,1,1,1,0
15620981,3,1,0,0,1
15630328,8,2,1,1,0
15785899,8,1,1,0,0
15606149,9,1,0,1,0
15671139,0,1,1,1,0
15660429,2,2,0,1,1
15571002,4,1,0,0,0
15631681,0,2,0,1,0
15731522,8,2,1,1,0
15619529,8,1,0,0,0
15628034,6,1,1,1,0
15686164,1,1,1,1,0
15582797,4,1,1,0,0
15753831,7,1,1,1,0
15731815,4,3,1,0,1
15580956,4,1,1,1,1
15602084,5,1,1,1,0
15589805,6,1,1,1,0
15720893,9,2,0,0,0
15641009,3,1,0,0,0
15605926,9,2,0,1,0
15805955,10,1,1,1,0
15801488,3,2,1,1,0
15605918,5,2,0,0,0
15779711,7,2,0,1,0
15705620,5,2,1,0,0
15685357,8,1,0,1,0
15570060,8,1,1,0,1
15582616,4,2,1,0,0
15799515,8,1,1,0,0
15642937,7,2,1,0,0
15624729,0,1,0,0,0
15566156,0,2,0,0,0
15792360,7,2,1,1,0
15807008,6,1,0,0,1
15704770,1,2,0,1,0
15756475,9,2,1,1,0
15655339,1,1,1,0,0
15613749,0,1,1,0,1
15664521,7,2,1,1,0
15681206,3,1,1,0,1
15745527,5,2,1,0,0
15806926,2,2,1,1,0
15724563,3,2,0,1,0
15782899,7,1,0,0,0
15623521,9,2,1,0,0
15810218,9,3,0,1,0
15645621,3,2,0,1,0
15608114,7,1,0,1,0
15659557,4,2,1,1,0
15787772,1,1,0,0,0
15691111,8,2,1,0,0
15592089,10,2,1,1,0
15633897,1,2,1,1,0
15701301,3,2,0,0,1
15723685,7,2,1,0,0
15701602,5,3,0,0,1
15739189,6,2,1,0,0
15573086,7,1,1,1,0
15569050,6,1,1,0,1
15750765,0,1,1,1,0
15799811,10,1,1,0,1
15698442,3,1,1,1,0
15655274,4,2,0,1,0
15603594,4,2,1,1,0
15585961,3,2,0,1,0
15686936,5,1,1,1,1
15770424,7,2,1,0,0
15587451,7,1,1,0,0
15602010,5,1,1,0,1
15600583,1,1,1,0,0
15654673,6,1,1,0,1
15717164,6,2,1,1,0
15765014,1,2,0,1,0
15682639,3,2,1,1,0
15729279,4,1,1,0,0
15759805,4,2,1,0,0
15767864,6,2,0,0,0
15769948,0,1,0,1,0
15686345,9,2,1,1,0
15688071,10,1,1,1,0
15681174,1,1,0,0,0
15667521,3,2,0,0,0
15750243,4,2,0,1,0
15695475,1,2,0,1,0
15689176,3,2,0,1,0
15652955,0,1,1,0,0
15668958,2,1,1,0,0
15631054,1,2,1,1,0
15581479,1,1,1,1,0
15577478,3,1,1,1,0
15780870,3,1,1,1,0
15692317,5,2,1,0,0
15593969,7,1,1,0,1
15570417,1,2,1,0,0
15779059,4,2,1,1,0
15785980,6,2,1,0,0
15644200,1,1,1,0,1
15793949,4,1,1,0,1
15645103,5,1,1,0,0
15705860,3,1,1,0,1
15623828,4,1,0,1,0
15715003,2,1,1,1,0
15623471,3,1,1,0,0
15798348,6,1,1,1,0
15743016,7,1,1,0,0
15769499,3,2,1,1,0
15798521,3,2,1,0,0
15706534,1,1,0,0,1
15706186,8,2,0,0,0
15812197,7,1,0,0,0
15650933,8,1,1,0,0
15692991,4,2,1,1,0
15631189,9,1,1,0,1
15762198,5,1,1,1,0
15699598,4,2,1,1,0
15692744,4,2,0,0,1
15688963,10,1,1,1,1
15599131,4,2,1,0,0
15680303,6,1,1,0,1
15628674,7,1,1,0,1
15648075,5,1,1,0,1
15586970,8,1,1,1,0
15625698,6,2,0,1,0
15790497,6,2,0,0,0
15682618,7,2,1,1,0
15762937,6,2,1,1,0
15750929,8,2,1,0,0
15729832,3,1,1,0,0
15633650,8,2,1,1,0
15748856,10,1,1,1,0
15589195,7,1,0,1,0
15699911,8,1,1,0,0
15663438,0,1,1,0,1
15692583,5,2,1,0,0
15591257,8,2,1,0,0
15646513,5,1,1,0,1
15708063,2,3,0,0,1
15696098,10,2,1,0,0
15645517,2,2,1,1,0
15649744,3,2,1,1,0
15604304,4,1,1,1,0
15784092,7,1,1,1,0
15585198,4,1,0,1,1
15624347,4,2,1,1,0
15621687,0,2,1,0,0
15689081,4,1,1,0,1
15813168,3,3,1,1,1
15604295,6,2,1,0,0
15724127,4,2,0,0,0
15673055,7,2,1,1,0
15768201,2,1,1,1,0
15782219,9,2,1,0,0
15746410,7,2,1,0,0
15780144,2,2,1,0,0
15590476,7,2,1,0,0
15624293,3,1,1,0,0
15618182,2,2,0,0,0
15660316,1,1,0,0,1
15678886,7,2,1,0,0
15616330,4,2,1,0,0
15592229,0,1,1,1,1
15798424,1,1,1,1,1
15714750,3,2,0,0,0
15648800,8,1,1,0,1
15626147,8,1,0,0,1
15626608,5,1,0,1,0
15723250,8,2,1,1,0
15592583,1,3,0,0,1
15759381,7,1,1,1,0
15585241,2,2,1,0,0
15589358,4,2,1,0,0
15672704,4,2,1,0,0
15789955,1,2,0,0,1
15596800,1,1,1,1,1
15627305,7,1,1,0,1
15645316,1,1,1,1,0
15593973,8,1,1,0,0
15647301,3,2,1,1,0
15750258,2,1,1,0,0
15685309,7,1,1,1,1
15628205,1,1,0,1,0
15733974,9,1,1,0,0
15762110,0,2,1,1,0
15706899,4,2,1,1,0
15732660,2,1,1,1,0
15656121,6,2,0,0,0
15614220,5,2,0,1,0
15645269,4,2,1,0,0
15698510,9,2,1,0,0
15569247,1,1,0,1,0
15566251,5,1,1,0,1
15716134,5,2,1,1,0
15763625,9,2,1,0,0
15605965,9,2,1,1,0
15694821,4,1,0,1,1
15601688,8,1,1,0,0
15575581,3,2,1,0,0
15671209,5,3,1,0,0
15616529,3,1,1,1,0
15773906,4,2,0,0,0
15722993,6,1,0,0,0
15752463,4,1,0,1,0
15589754,2,1,0,1,0
15669899,7,1,0,0,1
15766887,2,2,1,1,0
15768006,3,1,1,0,0
15741295,3,2,1,1,0
15811327,1,1,0,1,0
15690007,9,2,1,0,1
15690664,10,2,1,0,0
15719348,8,1,1,0,1
15781802,6,1,1,0,1
15752731,9,1,1,0,0
15600997,5,2,0,1,0
15750776,0,1,1,1,0
15723907,5,2,0,0,0
15633419,1,2,1,0,0
15702430,10,1,1,1,0
15710456,2,2,1,0,0
15650351,8,1,1,1,0
15590820,6,1,0,0,0
15640454,0,1,0,0,1
15697789,3,2,1,1,0
15808182,3,2,1,0,0
15588670,5,1,1,0,1
15721292,5,2,1,0,0
15604217,9,2,0,0,0
15651369,1,2,1,0,0
15782454,4,1,1,1,1
15814032,1,2,0,0,0
15570326,6,2,1,1,0
15624428,7,1,1,1,0
15755638,5,1,1,1,1
15600992,1,2,1,1,0
15755649,7,1,1,0,0
15795228,3,1,1,1,0
15589257,3,2,1,1,0
15719302,9,1,1,1,1
15639882,2,2,1,0,0
15791279,5,1,1,1,1
15636935,1,2,1,1,0
15686909,3,1,0,1,0
15589572,4,2,1,0,1
15779947,6,3,1,0,1
15573769,7,2,1,0,0
15578866,2,1,1,1,0
15739131,4,1,1,0,0
15813444,6,2,1,0,0
15678058,9,1,1,0,0
15769169,7,1,0,1,0
15804602,6,2,0,0,0
15651052,2,1,1,0,1
15724334,5,1,1,0,0
15569451,2,1,1,1,0
15650098,7,2,1,1,0
15724307,10,1,0,1,0
15599268,5,2,1,0,0
15594864,4,1,1,1,0
15616451,6,1,1,1,0
15715667,7,2,0,0,0
15658969,7,3,1,0,1
15738174,5,2,0,1,0
15813590,6,2,1,0,1
15624229,4,2,1,1,0
15674148,6,1,1,0,1
15625080,8,1,1,0,1
15682528,5,1,0,1,0
15696900,3,2,1,1,0
15730038,5,1,0,0,1
15812272,5,2,1,1,1
15654654,7,2,1,1,0
15697625,2,2,1,0,0
15616280,1,1,1,0,0
15654229,1,2,0,1,0
15628298,8,1,1,0,0
15733387,6,1,1,1,0
15775572,6,2,1,0,0
15613844,7,2,1,0,0
15578515,3,2,1,0,0
15607598,6,2,1,1,0
15742480,2,2,0,1,0
15749482,4,1,1,0,0
15607537,9,1,1,0,1
15575410,4,2,1,0,0
15684865,7,1,1,1,0
15600700,6,1,1,1,0
15774155,0,1,1,1,0
15634267,5,2,1,0,0
15619626,3,2,0,1,0
15660422,7,2,1,0,0
15617934,9,1,1,1,0
15760774,1,2,1,1,0
15813132,4,1,1,1,0
15593331,6,1,0,1,0
15616709,0,2,0,0,0
15658052,10,1,1,0,1
15721189,7,2,1,1,0
15711288,6,2,1,0,0
15770030,3,2,1,1,0
15803681,4,2,1,1,0
15702789,5,1,1,1,0
15814930,10,1,1,0,1
15658306,4,1,1,1,0
15699523,4,2,1,0,0
15610383,1,4,1,0,1
15615032,3,2,1,1,0
15781989,9,1,1,0,0
15647402,3,2,1,1,0
15740494,3,2,1,0,0
15701265,1,2,0,1,0
15743532,5,1,1,0,1
15794870,6,2,1,0,0
15747591,1,1,0,1,0
15726557,7,1,0,0,0
15732199,9,1,0,1,0
15662291,8,3,1,0,1
15749050,3,1,1,0,0
15781586,2,1,1,1,0
15617078,6,1,1,0,0
15723339,4,2,1,1,0
15671322,7,1,1,0,0
15793854,2,1,1,1,0
15756539,7,2,0,0,0
15612064,5,2,1,0,1
15625916,6,1,1,0,0
15683195,9,1,1,1,0
15690182,5,1,1,0,1
15721719,7,2,1,1,0
15641690,7,2,0,1,0
15634896,6,2,0,1,0
15671590,4,2,1,1,0
15779182,8,1,0,0,1
15778287,8,2,1,1,0
15609510,7,1,0,1,0
15742229,7,1,0,1,0
15658532,5,1,1,1,0
15590993,5,2,0,0,0
15565701,9,1,0,0,0
15597239,7,1,1,0,0
15688880,10,1,1,0,1
15813917,9,1,1,0,0
15679611,2,1,0,0,0
15636589,7,2,1,1,0
15687752,2,2,0,1,0
15584363,0,1,1,1,0
15737748,3,1,0,0,0
15803365,2,1,0,1,0
15793247,5,2,1,1,0
15572360,10,1,0,0,0
15795166,8,2,1,1,0
15724620,1,1,1,0,0
15800856,3,1,1,1,0
15671097,2,2,1,0,0
15683930,9,2,1,0,1
15749004,0,2,1,0,0
15800434,10,1,0,0,1
15709117,3,1,1,1,1
15638806,2,2,0,0,0
15662294,10,2,1,1,0
15690079,8,2,0,0,0
15759317,2,1,1,1,0
15750497,7,1,1,1,0
15596181,8,1,1,1,1
15576602,3,2,1,1,0
15644833,2,1,1,0,1
15734634,5,1,0,0,0
15808689,4,2,1,1,0
15720702,3,1,1,0,1
15665077,5,3,1,1,1
15763612,2,2,0,1,0
15596493,7,2,1,1,0
15704483,6,2,0,0,0
15598846,2,1,1,0,0
15629244,7,2,0,0,1
15765537,2,1,1,1,0
15729975,8,1,0,1,0
15682773,3,2,1,0,0
15688007,3,1,1,1,0
15574331,3,1,0,1,1
15645572,6,1,1,0,1
15742854,8,2,1,0,0
15575417,7,2,1,1,0
15796721,3,2,1,1,0
15734942,8,1,1,0,0
15664772,1,2,1,1,0
15576683,9,1,1,0,1
15682563,5,1,1,0,0
15650889,10,2,1,0,0
15612108,5,1,1,1,0
15761132,7,1,1,1,0
15645511,2,1,1,1,1
15609824,7,3,1,0,1
15640268,4,1,1,1,0
15645778,3,1,1,0,0
15691104,6,2,1,0,1
15714567,6,2,0,0,0
15777826,5,1,1,1,0
15668445,2,2,1,1,0
15576162,7,1,1,1,0
15778135,3,1,1,0,0
15613141,3,1,1,1,0
15635435,9,1,0,0,1
15596552,5,1,1,1,1
15623644,7,2,1,0,0
15683403,7,1,0,1,1
15615029,6,1,1,1,0
15769005,4,2,1,1,0
15746326,3,2,0,1,0
15722364,9,2,1,1,0
15704954,0,1,1,1,0
15694409,3,2,0,1,0
15754068,4,2,1,1,0
15683841,10,2,1,1,0
15789095,4,2,0,1,0
15719958,3,2,1,1,0
15689514,8,1,1,0,1
15621353,7,2,1,0,0
15627232,7,1,1,1,1
15745843,4,2,1,1,0
15722902,8,1,1,1,1
15791767,7,2,1,0,0
15792722,8,1,1,0,0
15723006,8,2,0,1,0
15771942,9,1,1,0,1
15774738,3,1,1,0,0
15574004,6,2,1,1,0
15587233,8,3,1,1,1
15808228,6,1,1,1,0
15682834,4,2,1,1,0
15571752,10,1,1,1,0
15743067,3,1,1,0,0
15714466,5,3,1,0,1
15617982,3,2,1,0,0
15696637,10,1,0,1,0
15690647,8,1,1,0,1
15672756,8,1,0,1,0
15704586,7,2,0,1,0
15674526,4,1,1,1,0
15775295,0,1,0,1,1
15684196,2,1,1,0,1
15727281,9,2,1,0,0
15787835,4,2,1,1,1
15730540,8,2,1,0,0
15646276,2,1,1,0,0
15582180,9,1,1,1,0
15697095,7,2,1,0,0
15748797,0,1,1,0,1
15754796,4,2,1,1,1
15628947,3,2,0,0,1
15775546,5,2,1,0,0
15670481,9,2,0,1,0
15619029,2,2,1,0,0
15613282,8,1,1,0,0
15721487,6,1,1,1,0
15797276,4,1,1,0,1
15612494,6,1,1,0,1
15629617,2,1,0,1,0
15600821,2,1,1,1,0
15579062,9,2,0,0,0
15814268,5,1,1,0,0
15710164,7,2,0,0,1
15693904,4,2,0,1,0
15588986,4,1,1,1,0
15797733,10,2,0,0,0
15620507,5,1,1,1,0
15685150,7,2,1,1,0
15667651,8,2,1,0,0
15774166,2,2,0,1,0
15649280,9,1,1,0,0
15705657,2,1,1,1,0
15753969,5,1,0,1,0
15742378,5,1,1,0,0
15794874,9,1,0,1,0
15589221,1,2,1,1,0
15596671,8,1,0,0,1
15583668,2,1,0,1,0
15710206,4,1,1,0,0
15799966,9,1,0,0,1
15794560,5,1,1,1,0
15626485,8,1,1,1,0
15703143,3,1,0,1,0
15809772,2,1,1,0,0
15687959,4,1,1,1,0
15585282,1,2,0,1,0
15714993,9,1,1,0,0
15596021,8,2,1,0,0
15646615,1,2,0,1,0
15742632,9,1,0,1,0
15574068,9,1,0,0,1
15806967,7,1,1,1,0
15796334,10,1,1,0,1
15688713,6,1,1,1,0
15796179,8,1,1,0,0
15598751,6,3,0,0,1
15703019,10,2,0,1,0
15646302,7,1,1,0,0
15680855,2,1,0,1,0
15697311,5,1,1,1,1
15585367,4,1,1,0,1
15726556,6,2,0,0,0
15676242,3,1,1,0,1
15684198,10,2,1,1,0
15774882,3,1,1,1,1
15714227,7,1,1,1,0
15608653,7,1,1,1,1
15784280,2,2,0,1,0
15789546,8,2,1,0,0
15590320,4,2,0,1,0
15678385,2,2,1,1,0
15571778,10,1,1,0,1
15657085,10,1,1,1,0
15640627,4,2,1,0,0
15566211,1,1,1,0,1
15669293,5,1,0,1,0
15595067,6,2,1,1,0
15753566,3,1,1,0,0
15650391,7,1,1,0,0
15681843,0,2,1,0,0
15814846,3,1,1,0,1
15670374,1,4,0,0,1
15762332,1,2,1,1,0
15700223,4,1,1,1,0
15729956,1,1,1,1,0
15594862,8,2,0,0,0
15598782,6,2,0,1,0
15745080,8,1,1,0,0
15703399,5,2,0,1,0
15732175,2,1,0,1,0
15630725,5,1,1,0,1
15640260,8,2,1,1,0
15716822,5,1,1,1,0
15583748,8,2,1,0,0
15605968,8,1,1,1,0
15790683,1,2,0,1,0
15607713,1,2,1,1,0
15700212,10,2,0,0,1
15626710,4,1,1,1,0
15716491,4,1,0,1,1
15625824,6,4,1,0,1
15617705,8,1,0,1,0
15761976,8,2,1,0,0
15634891,7,1,1,0,1
15744517,9,1,0,0,1
15686963,3,1,1,0,0
15808189,6,2,0,1,0
15580845,7,1,0,1,0
15799156,8,2,0,0,0
15694296,9,2,1,0,0
15677049,7,2,0,1,0
15583595,8,1,1,1,0
15590146,1,1,0,1,1
15801548,7,2,1,1,0
15660833,5,2,0,0,0
15762277,5,1,0,0,1
15791302,8,2,1,0,0
15798975,4,1,0,0,1
15599956,10,2,0,0,0
15577274,3,1,1,0,0
15701200,6,2,1,1,0
15638149,6,1,1,0,0
15786199,2,1,1,1,0
15701765,0,2,0,0,0
15586974,10,2,1,1,0
15729040,2,2,1,0,0
15788676,8,2,1,1,0
15602497,6,1,0,1,0
15701333,7,1,0,0,0
15812071,6,2,0,1,0
15634375,8,2,0,0,0
15738267,3,1,1,1,1
15786800,5,1,0,1,1
15591130,6,2,0,1,0
15720662,1,1,1,1,0
15751531,8,2,1,1,0
15653595,6,2,0,1,0
15568360,4,1,1,1,0
15781210,8,2,0,0,0
15668058,8,1,1,0,0
15597131,5,1,1,1,0
15697283,8,2,1,0,0
15640953,2,2,1,1,0
15715031,6,2,0,1,0
15589660,1,1,0,1,0
15769818,3,1,0,1,0
15782736,4,1,0,1,1
15614818,9,1,0,1,0
15794014,8,2,1,0,0
15732448,8,1,1,1,0
15723411,4,1,1,1,0
15797686,8,1,1,1,0
15605950,1,2,1,1,0
15812497,5,1,1,0,0
15690678,4,1,1,1,0
15747677,6,1,1,1,0
15618926,7,2,1,1,0
15673908,6,1,1,1,0
15727944,1,1,1,1,0
15807294,2,2,1,1,0
15618581,8,2,1,1,0
15584364,4,1,1,0,1
15599552,2,2,1,1,0
15749177,7,2,0,1,0
15718779,1,1,1,1,0
15568106,8,2,0,1,0
15779481,4,2,1,1,0
15709994,7,1,0,1,1
15772777,10,2,1,1,0
15706815,2,1,1,1,1
15618018,1,2,0,1,0
15671032,0,2,1,1,0
15634281,10,1,0,0,0
15766374,4,2,1,1,0
15600991,6,2,1,1,1
15777576,5,1,0,1,0
15742613,8,2,1,0,0
15649523,1,2,1,0,0
15651063,9,2,1,0,0
15683124,6,1,0,0,1
15618314,8,1,1,1,0
15670823,1,1,1,0,1
15607133,1,2,1,1,1
15615012,5,1,1,0,0
15725141,3,1,1,0,1
15623560,6,1,1,1,0
15693018,10,1,1,1,0
15636756,2,2,1,0,0
15647474,9,2,1,1,0
15576714,8,2,1,1,0
15585047,7,1,0,0,0
15743976,8,1,1,1,0
15793881,6,1,0,1,0
15576517,7,2,1,1,0
15631072,1,2,0,1,0
15730394,8,2,0,0,1
15631460,3,2,1,1,0
15692002,6,1,1,1,0
15595282,4,2,1,0,0
15789548,7,2,1,1,0
15758035,7,1,0,1,0
15617518,7,1,1,1,0
15651802,5,2,1,0,0
15631813,6,2,1,1,0
15729668,3,1,1,0,0
15741728,7,1,1,1,0
15576676,6,2,1,1,0
15711378,4,2,1,0,0
15765520,7,1,1,0,0
15656726,5,1,1,1,0
15647842,8,1,1,0,1
15719309,1,2,0,1,0
15748718,2,1,1,0,0
15594404,8,2,1,0,0
15751158,4,3,1,0,1
15593470,8,1,1,1,0
15695129,1,1,0,1,0
15640865,9,2,1,1,0
15714080,2,2,1,0,0
15648721,4,2,1,1,0
15801466,2,2,1,0,0
15750248,8,1,1,0,0
15758726,0,2,1,1,0
15781553,9,1,1,0,1
15649121,3,1,1,0,1
15674811,3,2,1,1,0
15646037,9,3,1,1,0
15722578,6,1,1,1,0
15665695,4,2,1,1,0
15801062,4,2,0,1,0
15662955,8,2,1,0,0
15770309,10,1,0,1,0
15657386,1,2,0,1,0
15777797,5,1,1,1,1
15783955,4,2,1,0,0
15804516,2,1,1,0,0
15681758,10,2,1,0,0
15630321,3,2,1,0,0
15588248,0,2,1,1,1
15591932,5,1,1,0,0
15810347,9,2,0,1,0
15595303,5,1,1,1,1
15634950,8,1,1,1,1
15685372,1,1,1,1,1
15745827,3,1,1,0,0
15755868,7,1,0,0,0
15735222,5,2,1,1,0
15604804,7,1,1,1,0
15718944,6,2,1,0,0
15678626,0,2,0,0,0
15571550,9,1,1,0,0
15723053,8,2,0,1,0
15661528,5,1,1,0,0
15754177,2,2,0,0,0
15683544,3,1,1,1,0
15708048,4,1,1,0,0
15701109,7,1,1,1,0
15600110,3,1,1,0,0
15651533,5,1,1,0,1
15777904,7,2,1,1,0
15655574,8,1,1,0,0
15569423,4,2,1,0,0
15718106,6,2,0,0,0
15585067,9,1,1,1,1
15675501,5,1,1,1,0
15633233,1,1,1,0,1
15667134,8,2,0,0,0
15659105,9,1,1,0,0
15575409,6,1,1,0,0
15752342,6,3,1,0,1
15654851,2,1,0,1,0
15741429,9,2,1,1,0
15682356,7,2,1,0,0
15806447,0,2,1,1,0
15800229,7,1,0,1,0
15663441,4,1,1,0,1
15791991,4,1,0,1,0
15775082,1,2,0,1,0
15579706,5,1,1,0,1
15718247,8,2,1,1,0
15755722,10,1,0,0,0
15582259,7,2,1,1,0
15716994,3,1,1,0,1
15586880,2,2,1,1,0
15713854,6,2,1,0,0
15780835,1,1,1,1,0
15675896,7,1,1,1,1
15658459,10,2,1,0,0
15658057,8,3,1,0,1
15801767,8,2,1,0,0
15569178,4,1,1,0,0
15731478,1,1,0,0,0
15811236,6,1,1,1,0
15746749,3,2,1,1,0
15662758,0,1,1,0,0
15709387,5,1,1,1,0
15572093,7,1,1,0,0
15713826,0,1,0,0,1
15570205,5,2,1,1,0
15589348,4,1,1,1,0
15804610,1,2,0,1,0
15700854,8,1,1,0,1
15758836,3,2,0,1,0
15772933,8,1,1,1,0
15809006,7,2,0,0,0
15689612,8,1,0,1,0
15744614,9,1,1,1,0
15704250,7,2,0,0,0
15700255,8,2,0,0,0
15669410,8,2,0,0,0
15807595,7,2,1,0,0
15664523,8,2,1,0,0
15642833,8,2,1,0,0
15605279,9,4,1,1,1
15713644,5,2,1,0,0
15750466,1,1,1,0,0
15739054,4,1,0,1,0
15612771,4,1,1,1,0
15788483,0,1,1,0,0
15732832,5,2,1,0,0
15772892,2,1,0,0,0
15713843,2,2,0,1,0
15567993,8,1,1,0,0
15617603,5,2,1,1,0
15744983,1,1,1,1,0
15630419,9,1,1,0,0
15738828,6,1,0,0,0
15778025,9,2,0,1,0
15799479,9,1,1,1,0
15684269,3,1,1,0,1
15762745,8,1,1,0,0
15746970,1,2,1,1,0
15725024,3,2,0,1,0
15592116,7,2,1,0,0
15624391,5,1,1,1,0
15567422,6,2,1,0,0
15612627,5,2,1,0,0
15574879,2,2,0,1,0
15745107,5,1,0,1,0
15734491,4,2,1,1,0
15675320,5,2,0,0,0
15643824,0,2,0,1,0
15643438,7,2,1,0,0
15721730,4,2,1,0,0
15680727,5,1,1,0,0
15752508,7,2,1,1,0
15808846,3,2,1,1,0
15727251,8,1,0,0,0
15663489,0,1,1,0,0
15683677,9,1,1,1,0
15596414,8,1,1,0,0
15730639,7,2,1,0,0
15672132,7,1,0,0,0
15742638,4,2,0,1,0
15578603,1,1,0,0,1
15726088,6,1,1,1,0
15682533,7,1,0,1,0
15772995,2,1,1,0,0
15765694,1,1,0,1,1
15659486,9,1,1,0,0
15568963,2,1,1,0,1
15703820,9,2,1,0,1
15569410,7,2,1,1,0
15632256,7,1,0,0,0
15724466,2,1,1,0,0
15777639,10,2,0,0,0
15802501,5,2,1,0,0
15778410,7,1,0,1,1
15670702,2,2,0,1,0
15704763,1,1,1,1,1
15645544,5,1,1,0,0
15757646,9,2,1,0,0
15701121,5,1,0,1,1
15796313,4,2,1,0,1
15815660,1,1,1,1,0
15602844,7,1,0,0,0
15636238,1,2,1,1,0
15770101,6,2,1,1,0
15645543,3,2,1,1,0
15596397,7,2,1,1,0
15770525,1,2,0,0,0
15684267,2,2,1,1,0
15689980,4,1,0,0,1
15633260,1,1,0,1,0
15756471,4,2,1,1,0
15721303,1,1,0,0,0
15802256,7,2,1,0,0
15725664,8,1,0,0,0
15674851,5,2,0,0,0
15701946,4,1,0,0,0
15748947,5,1,1,1,0
15673342,2,2,1,0,0
15601008,8,2,1,0,0
15771636,0,1,0,0,0
15642002,6,2,0,0,1
15693381,1,2,0,1,0
15607691,8,1,1,1,0
15589380,3,2,1,1,0
15603846,2,2,1,0,1
15753549,1,1,0,0,1
15725355,8,1,0,1,0
15773017,6,2,1,1,0
15625641,3,2,1,1,0
15776467,8,2,1,0,0
15746451,7,1,0,1,0
15777922,1,2,1,1,0
15606841,1,2,1,0,0
15757648,5,1,0,1,0
15677173,9,1,1,0,0
15764170,4,1,1,0,1
15610446,4,3,0,0,1
15612776,10,2,1,1,0
15794122,3,2,1,1,0
15774931,7,1,1,1,0
15779247,8,1,1,0,0
15707078,1,1,0,0,0
15605263,5,1,0,1,0
15607381,7,2,1,0,0
15683471,7,2,0,0,0
15605037,2,1,0,1,1
15576085,5,2,0,0,0
15770435,6,2,1,1,0
15592994,0,2,1,1,0
15624068,0,2,0,1,0
15595221,7,1,1,0,0
15637131,9,2,1,0,0
15613471,2,2,1,1,0
15583499,9,1,1,1,0
15752816,3,1,0,0,0
15804075,3,1,1,0,0
15800517,5,2,1,1,0
15712319,8,2,0,1,0
15797389,9,1,1,1,0
15621432,1,2,0,0,0
15779390,4,1,1,1,0
15711219,8,1,1,1,1
15770498,4,1,1,1,0
15678727,4,1,1,0,1
15573893,9,2,1,1,0
15740104,7,2,0,1,1
15792649,9,2,0,0,0
15605275,8,1,0,0,1
15572467,5,2,1,1,0
15738219,7,2,1,1,0
15600710,0,1,1,0,0
15804394,8,1,1,0,1
15694188,5,2,0,1,0
15583718,6,1,1,1,0
15802478,6,2,1,1,0
15619343,7,2,1,0,1
15758813,0,2,0,0,1
15761374,9,1,1,1,0
15569209,5,1,1,1,0
15788539,3,1,1,0,0
15747222,8,2,1,1,0
15769346,1,2,1,0,0
15699634,2,2,1,1,0
15589076,9,1,0,1,1
15812338,7,1,1,0,0
15758845,0,1,0,1,1
15685844,8,1,0,1,0
15583090,8,2,1,0,0
15587581,5,2,1,1,0
15633640,4,1,1,1,0
15573741,10,1,1,1,0
15633574,4,1,1,0,0
15711455,4,1,0,0,1
15570601,9,1,1,1,1
15690925,2,1,1,0,1
15709338,1,1,1,1,0
15780746,4,2,1,1,0
15681956,9,2,1,1,0
15778190,8,1,1,1,0
15786852,2,2,1,1,0
15726494,9,1,1,0,1
15641183,8,1,1,0,0
15805312,7,1,0,1,0
15636572,7,2,1,1,0
15632575,9,1,1,1,0
15740164,3,1,1,1,0
15574947,8,2,0,1,0
15597909,7,1,1,0,0
15782574,6,2,0,0,0
15734999,2,1,1,0,0
15706593,10,2,1,1,0
15766686,1,1,1,0,0
15590268,5,1,1,1,0
15763055,5,1,0,1,0
15664754,9,4,0,1,1
15643630,9,2,1,0,1
15641043,7,2,1,1,0
15768095,9,1,0,1,0
15811314,9,2,1,0,0
15669922,2,2,1,1,0
15707114,2,2,0,1,0
15670602,7,1,0,1,0
15713479,6,2,1,0,0
15663830,6,2,1,1,0
15566958,7,1,1,1,0
15680918,8,1,1,0,0
15663921,7,2,1,1,0
15716324,9,1,1,1,0
15796969,4,2,1,1,0
15574783,1,2,1,1,0
15773487,8,1,0,0,0
15802486,3,2,1,1,0
15783398,7,1,1,0,0
15649418,7,2,1,1,0
15604588,3,2,0,1,0
15735428,0,2,0,0,0
15629078,5,1,1,1,1
15806880,6,1,1,1,0
15754999,8,1,1,1,0
15781034,5,2,0,1,0
15622017,10,1,1,1,0
15705885,2,2,1,1,0
15677382,1,1,1,1,0
15566843,9,1,1,1,0
15608387,4,2,1,0,0
15810786,3,2,1,1,0
15626983,6,2,1,1,0
15773605,3,2,1,0,0
15811261,0,1,1,1,0
15590606,9,2,1,0,0
15576644,4,1,1,0,1
15750264,6,2,1,1,0
15741554,2,1,1,1,0
15769051,7,1,0,1,0
15812198,1,1,0,0,1
15699772,3,2,1,0,1
15744105,3,2,0,1,0
15739858,7,1,1,1,1
15723720,7,2,0,1,0
15638355,5,1,0,0,1
15805637,9,3,1,0,1
15629575,2,1,1,0,1
15586243,8,1,1,1,0
15757931,3,2,1,0,0
15716023,1,2,0,1,0
15647782,8,2,1,0,0
15716609,3,1,0,0,1
15623791,3,1,1,0,0
15627262,6,2,1,0,0
15652693,4,1,0,0,1
15586993,5,2,1,1,0
15815560,7,1,1,1,0
15584930,5,2,1,0,0
15799031,3,2,1,0,0
15810457,9,2,1,0,0
15697879,3,2,1,0,0
15594902,3,1,0,1,0
15799710,7,1,0,1,0
15659651,7,1,1,0,1
15645956,3,1,1,0,0
15651713,6,1,1,0,0
15737265,6,1,0,0,0
15687310,9,2,1,0,0
15607347,5,1,0,0,1
15698321,3,2,1,1,0
15657812,1,2,1,1,0
15569187,9,2,0,0,0
15681562,2,2,1,1,0
15615456,10,1,1,0,1
15589793,8,1,1,0,1
15781884,9,2,0,1,0
15675190,10,2,0,1,0
15600734,5,2,1,1,0
15779176,3,3,0,1,1
15605286,4,2,1,1,1
15674922,6,1,1,1,1
15737506,6,1,0,0,0
15780514,8,1,1,0,0
15623647,1,1,1,0,0
15668472,5,2,0,0,0
15692416,8,3,1,0,1
15771139,8,2,1,0,0
15738318,5,1,1,0,1
15772243,9,1,0,0,1
15638463,8,1,1,1,0
15598088,5,2,1,1,0
15693468,9,1,0,0,0
15671930,5,2,1,1,0
15762268,10,1,1,0,0
15780954,4,2,1,0,0
15700174,0,1,0,0,0
15635728,4,2,0,0,0
15679283,4,2,1,0,0
15591386,5,2,1,0,0
15694192,6,2,0,0,0
15585901,1,3,0,0,1
15792329,5,2,1,0,0
15635597,8,2,1,1,0
15775880,9,2,1,1,0
15630913,1,1,0,1,0
15756680,6,1,1,0,0
15587913,4,2,1,0,0
15737605,1,2,1,1,0
15627876,9,1,1,0,1
15772601,2,2,0,0,0
15758606,4,1,0,1,1
15657107,8,1,1,0,1
15622454,0,1,1,1,0
15775803,1,2,0,1,0
15570859,2,2,1,1,0
15748381,6,2,1,1,0
15787189,8,3,0,0,1
15666055,7,1,1,0,1
15617648,5,2,1,1,0
15755678,2,2,0,0,1
15624781,1,2,1,1,0
15779497,5,1,1,1,0
15567399,3,1,1,1,0
15613656,1,1,1,1,0
15734311,3,2,1,1,0
15657214,2,2,0,1,0
15799350,0,1,0,1,0
15729970,8,1,0,1,0
15725835,3,2,0,1,1
15745543,7,2,1,0,0
15727384,10,1,0,1,1
15666916,6,2,1,0,0
15732917,5,1,1,0,1
15612050,8,1,1,1,0
15726267,9,2,0,1,0
15780124,9,1,0,1,0
15742238,4,2,1,0,0
15679024,3,1,1,0,0
15715297,2,1,1,1,0
15633612,4,1,1,1,0
15602929,4,1,0,0,0
15696703,3,2,1,0,0
15756668,3,1,1,1,0
15565779,6,1,1,0,0
15795519,3,1,0,0,0
15761477,4,2,1,0,0
15731890,1,1,0,1,0
15633043,6,1,0,0,1
15752953,9,2,0,0,0
15603088,9,2,0,1,0
15606613,7,1,1,0,1
15635939,9,2,1,0,0
15666043,4,2,1,1,0
15746190,2,2,0,1,0
15591357,3,1,1,1,0
15658716,5,3,1,0,1
15679909,8,2,1,0,0
15634262,4,2,1,1,0
15799825,8,2,1,1,0
15756875,6,1,0,1,0
15678146,7,1,0,0,1
15710743,0,1,1,1,1
15595831,6,1,1,1,0
15626684,5,1,0,1,0
15709846,1,1,1,0,0
15635459,3,2,1,0,0
15642544,5,2,0,1,0
15566494,2,2,1,0,0
15655238,9,2,0,0,0
15733429,8,2,1,1,0
15814536,2,2,0,0,0
15771702,5,2,1,0,0
15723008,1,2,1,1,1
15797160,8,1,1,1,1
15792222,1,2,0,0,0
15644765,4,1,0,1,0
15610686,8,1,0,0,1
15730868,5,2,1,1,0
15705991,9,1,0,0,0
15577078,6,1,1,1,1
15679550,9,2,1,0,0
15787655,3,2,1,0,0
15668081,4,2,1,1,0
15747980,6,2,1,0,0
15710295,6,2,1,0,0
15724443,3,1,0,1,0
15571305,1,1,1,0,1
15569503,6,2,1,1,0
15581840,8,2,1,0,0
15772262,9,1,1,1,0
15767794,9,1,1,1,0
15629338,2,1,1,0,1
15790379,8,1,1,1,0
15750684,4,1,1,0,1
15697214,5,2,1,1,0
15711015,4,2,1,1,0
15573309,2,2,1,1,0
15805303,1,1,1,0,1
15741385,9,1,1,1,0
15780254,6,1,0,0,1
15744843,6,1,0,0,0
15815626,2,2,1,1,1
15784736,6,1,1,0,0
15813412,3,1,1,0,1
15809143,9,1,1,1,0
15617617,7,2,1,1,0
15779738,1,1,1,1,0
15668669,5,1,1,0,1
15687477,5,1,1,0,0
15578908,0,2,1,1,0
15687658,7,2,1,0,1
15615020,9,2,0,1,0
15608886,1,2,0,0,0
15602551,9,2,1,0,0
15672945,5,1,1,0,0
15757408,3,3,0,1,1
15806132,4,1,1,1,0
15813022,1,2,0,0,0
15673578,7,2,1,0,0
15757916,9,2,1,1,0
15689168,1,2,0,1,0
15769216,2,1,1,0,1
15593295,6,1,1,1,0
15804814,4,2,1,0,0
15778934,8,2,0,1,0
15802351,6,2,1,1,0
15630241,3,1,1,1,0
15719561,5,3,0,0,0
15615096,7,2,1,1,0
15659931,1,1,1,0,1
15714586,3,1,0,1,0
15634949,5,2,1,1,0
15589224,5,2,0,1,0
15795990,10,1,1,1,1
15603216,7,2,1,0,0
15631201,4,2,1,0,0
15686255,6,1,0,0,0
15746594,8,1,1,0,0
15718893,4,1,1,0,1
15671609,7,2,1,0,0
15652540,2,2,0,1,0
15774857,7,2,1,0,1
15791836,5,2,1,0,0
15651554,4,1,1,1,1
15583576,2,1,0,1,0
15732740,9,1,0,0,0
15723320,2,2,1,0,0
15603851,7,4,0,0,1
15777923,6,2,0,1,0
15735719,9,2,1,1,0
15703482,9,2,1,0,0
15605835,8,2,0,1,0
15664881,4,1,1,0,0
15757568,6,1,1,1,0
15792660,2,1,1,0,0
15599722,6,2,1,1,1
15726354,6,1,1,0,0
15610355,1,1,1,0,0
15704284,9,1,1,0,1
15621893,4,1,1,1,0
15588219,1,2,1,0,0
15688619,3,2,1,1,0
15765518,2,1,1,0,1
15616931,8,1,1,0,0
15758372,7,2,1,1,1
15782591,6,1,1,0,0
15612109,9,2,1,1,0
15613712,1,2,1,0,0
15639322,4,2,1,0,0
15594349,5,1,0,1,0
15574167,2,1,1,1,0
15811842,7,2,1,1,0
15648794,4,1,1,0,1
15771211,10,1,0,1,0
15588614,7,1,1,0,1
15630698,9,1,0,1,1
15694200,8,1,0,0,1
15721426,10,3,0,0,1
15725997,6,1,1,0,0
15762138,5,2,1,0,0
15750649,3,2,1,1,0
15685706,7,1,1,1,0
15641835,3,1,0,1,0
15586821,5,2,0,1,0
15569678,6,1,1,0,0
15793842,2,1,1,0,0
15667554,6,2,1,1,0
15794479,8,1,1,1,0
15585041,7,2,0,1,0
15780650,9,1,1,1,0
15780846,1,2,0,1,0
15805260,2,1,1,0,1
15621629,8,2,1,1,0
15662151,4,1,0,1,0
15747174,9,2,1,1,0
15651585,2,1,1,1,0
15649738,0,2,1,1,0
15633108,4,1,1,0,0
15769254,9,2,0,0,0
15704746,2,2,1,1,0
15637644,4,2,0,1,0
15609562,1,1,1,0,0
15787459,3,1,0,0,0
15762902,7,2,0,1,0
15738605,5,1,1,1,1
15724889,9,1,0,1,0
15730735,9,2,1,1,0
15689147,1,2,1,0,0
15730397,1,1,1,1,0
15762169,9,2,1,0,1
15589320,8,1,1,1,0
15799211,8,1,1,1,0
15798310,2,1,1,1,0
15609998,5,1,1,0,1
15583548,6,1,1,0,1
15761763,8,1,1,0,0
15764409,9,1,1,1,0
15710161,2,2,1,1,0
15735246,9,2,0,0,1
15791700,2,4,1,1,1
15670753,2,1,1,1,0
15573876,8,2,1,0,0
15770174,6,1,1,0,0
15641114,8,1,1,1,0
15682435,4,2,1,0,0
15751788,9,1,1,1,0
15672598,9,1,1,1,0
15762803,3,2,1,0,0
15812982,2,1,0,0,0
15597901,1,1,1,1,0
15731507,1,1,0,0,0
15809826,2,1,1,0,1
15764237,9,2,0,0,0
15769917,1,3,0,1,0
15641850,0,1,1,0,0
15770974,8,2,0,0,0
15803749,4,2,1,1,1
15684999,4,2,0,1,0
15770225,9,2,1,1,0
15627484,5,1,1,0,0
15610337,2,1,1,0,0
15752488,9,1,1,1,0
15610056,6,2,0,1,0
15806049,5,1,1,0,0
15736069,6,1,1,0,1
15763662,2,2,1,1,0
15615575,8,2,1,1,0
15691723,9,1,1,0,0
15774098,3,2,0,1,0
15750808,2,2,1,1,0
15744368,6,1,1,1,0
15610594,8,2,1,0,0
15756125,5,2,1,0,0
15623277,8,2,1,1,0
15795954,2,1,1,0,0
15671969,8,2,1,0,0
15791268,0,1,0,0,0
15713655,10,2,1,1,1
15633930,6,2,1,0,1
15712849,3,1,0,0,1
15639077,2,3,1,0,1
15808784,2,2,1,1,0
15648577,3,1,1,1,1
15670345,6,1,0,0,0
15633112,3,2,1,0,1
15714397,2,2,1,1,0
15780038,6,1,1,0,1
15756305,6,2,1,1,0
15578799,10,1,1,1,1
15800326,6,2,1,0,0
15785485,2,1,0,1,0
15783958,1,2,0,0,0
15727546,9,2,1,1,0
15739576,8,2,1,1,0
15631333,8,1,1,0,0
15604782,7,1,0,1,0
15589643,7,1,1,1,0
15585533,6,1,0,1,0
15681506,1,2,1,1,0
15630551,2,1,1,1,0
15698349,4,2,1,1,0
15776631,5,1,0,1,0
15762216,4,2,1,0,0
15623927,9,2,1,1,0
15681402,1,1,1,1,0
15586264,2,1,1,0,1
15594685,2,2,0,0,0
15812945,0,1,1,1,0
15734628,5,2,1,0,0
15629323,4,2,1,0,1
15666823,4,2,1,0,0
15777553,9,1,1,0,1
15613097,4,2,0,1,0
15622217,8,2,0,0,1
15703588,5,2,1,0,0
15570835,4,1,1,1,1
15679299,7,1,0,1,0
15808044,9,3,1,0,1
15579208,6,2,1,1,0
15684951,2,2,1,0,1
15667620,6,2,1,0,0
15582960,5,1,0,1,0
15590730,9,2,1,0,0
15763747,7,2,1,1,0
15778320,5,1,0,0,0
15642787,1,1,0,0,0
15624633,9,1,1,1,0
15766765,7,1,1,0,0
15783615,3,4,1,1,1
15640161,5,2,0,0,0
15619889,4,1,1,0,0
15579166,7,1,1,1,0
15789097,8,2,0,1,1
15674880,2,2,1,0,0
15778157,8,2,1,0,0
15779064,2,2,1,1,0
15801265,0,1,1,0,1
15589204,9,1,1,0,0
15664543,7,1,0,1,1
15582714,9,1,0,1,1
15797595,9,1,1,1,0
15614034,2,2,1,1,0
15763171,2,1,1,1,0
15647266,10,1,1,0,0
15757577,8,2,1,1,0
15736656,4,2,0,1,0
15635078,0,1,0,1,0
15680141,7,1,1,1,0
15576945,0,1,1,0,0
15602034,2,1,1,0,0
15732020,6,2,0,1,0
15611029,4,1,1,0,0
15621210,9,1,1,1,1
15569222,6,1,1,1,0
15664639,9,1,0,0,0
15724223,5,1,0,0,1
15644621,9,2,1,0,0
15756056,3,2,1,0,0
15700353,6,2,1,0,0
15624388,5,1,1,1,1
15627212,2,1,1,1,0
15648005,2,2,1,1,0
15681446,9,1,1,1,0
15775888,5,1,1,1,0
15749019,6,2,1,1,0
15709928,1,2,1,0,0
15784676,6,2,1,0,0
15748116,2,1,1,1,0
15612193,10,2,1,0,0
15762984,7,2,0,0,0
15613713,5,1,1,1,0
15664204,2,2,1,1,0
15639415,3,1,1,0,0
15806332,5,2,1,1,0
15614929,0,2,1,0,0
15695492,6,1,1,0,0
15635972,8,2,1,0,0
15616380,1,2,0,0,0
15581440,6,2,1,1,1
15654390,7,1,1,0,1
15660688,9,2,0,0,0
15806307,3,2,1,1,0
15647975,5,1,0,0,0
15595728,0,1,0,0,1
15735388,7,2,1,0,0
15788535,5,1,1,0,0
15765902,5,2,1,1,0
15642345,4,1,1,0,1
15641250,9,1,1,0,0
15706163,4,1,0,0,1
15746708,7,1,1,0,1
15775203,3,1,0,0,0
15787907,5,3,1,0,1
15646764,3,2,1,0,1
15678284,7,3,1,0,1
15726791,2,1,1,1,1
15813144,7,2,1,0,0
15669342,2,2,1,0,0
15710366,1,1,1,1,1
15614934,4,1,1,0,0
15588701,4,2,1,0,0
15665438,1,1,0,1,0
15644896,3,1,1,1,0
15670205,5,1,1,0,0
15635776,5,2,1,1,0
15791053,4,1,1,1,1
15644005,9,2,0,1,0
15796343,2,2,0,0,0
15751057,5,1,0,0,0
15623430,9,2,1,0,0
15682600,9,1,1,0,1
15769312,10,2,1,1,0
15708212,7,1,1,0,1
15650258,2,1,1,0,0
15604345,9,1,1,1,0
15578297,1,1,1,0,1
15671789,3,2,1,0,0
15726186,4,2,1,0,0
15764618,6,1,1,1,0
15730738,9,2,1,1,0
15637650,9,2,0,1,0
15606267,4,1,1,1,0
15625904,9,2,0,0,0
15654463,4,2,1,0,0
15774151,7,1,0,0,1
15693259,1,1,1,1,0
15642468,9,2,0,0,0
15758531,10,2,1,0,0
15728352,4,1,0,0,0
15637240,4,2,1,0,0
15595588,4,2,0,1,0
15778395,4,2,1,0,1
15711825,1,2,1,0,0
15599251,7,2,1,0,0
15570004,3,2,1,0,0
15656912,4,1,1,1,0
15657342,4,1,1,0,1
15716284,9,2,1,1,0
15672374,8,1,0,0,1
15732476,3,2,0,1,0
15747724,10,1,1,0,0
15633877,8,1,1,1,0
15672516,7,2,1,0,0
15607827,4,2,1,1,0
15751336,3,2,0,1,0
15646539,3,1,1,0,0
15756901,4,2,0,1,0
15809286,8,2,0,0,1
15759021,9,1,1,0,0
15725039,8,1,1,1,0
15579130,0,1,1,0,1
15754112,7,2,1,1,0
15735522,2,2,0,0,0
15613326,1,1,1,0,0
15739502,9,2,1,1,0
15670914,2,2,1,0,0
15604073,8,1,1,1,0
15806027,9,1,1,0,1
15574886,6,1,1,1,0
15707120,9,1,1,0,0
15800845,8,1,1,1,0
15603914,6,1,1,1,1
15722765,0,1,0,1,0
15783305,7,1,1,0,0
15574842,2,3,1,1,0
15607837,4,1,1,1,0
15714877,10,2,1,0,0
15782941,2,2,1,1,0
15630167,4,1,1,1,0
15759038,3,1,1,0,0
15661821,5,1,1,1,1
15728006,2,1,1,0,0
15712176,8,2,1,1,0
15689351,4,1,0,1,1
15782247,4,3,1,1,1
15769064,3,1,1,0,1
15718153,6,1,1,1,0
15613189,2,1,1,0,1
15661734,8,2,1,0,0
15592645,4,2,0,0,0
15768387,8,2,0,0,0
15792525,1,1,1,1,1
15586976,6,1,1,0,1
15790659,7,2,0,1,0
15691446,10,2,1,1,0
15772632,1,2,1,0,0
15706587,0,2,0,1,0
15572461,4,2,0,0,0
15654409,5,1,1,1,0
15568025,8,1,1,1,0
15715769,2,1,0,1,0
15667458,10,1,1,0,0
15567980,5,1,0,1,1
15679294,10,2,1,0,0
15606507,5,2,1,0,0
15578825,0,1,1,0,0
15619935,9,1,1,1,0
15636089,1,1,0,0,1
15727490,5,1,0,1,1
15591766,4,1,0,1,0
15641629,1,2,0,1,0
15813303,10,2,1,1,0
15756920,9,1,0,0,1
15726403,1,1,1,0,1
15592765,8,1,1,1,0
15704442,9,4,1,1,1
15641136,2,2,0,1,0
15725818,4,1,1,1,0
15612071,10,1,0,1,0
15719809,3,2,0,0,0
15716518,4,2,0,0,0
15742210,9,1,1,1,0
15630617,6,1,1,1,1
15720838,3,1,0,1,0
15595537,9,2,1,0,0
15623196,6,1,1,1,0
15679249,4,1,1,0,1
15693199,8,2,1,0,1
15661219,10,2,1,0,0
15617136,9,1,1,1,0
15760294,8,1,1,0,1
15652808,5,1,1,0,0
15657139,8,2,0,1,0
15803790,2,2,1,1,0
15764105,1,2,1,0,0
15672610,4,1,0,0,0
15766896,3,2,1,0,0
15587735,6,1,1,1,0
15659501,6,1,0,1,0
15745001,7,2,1,0,0
15651140,3,1,1,0,0
15571148,1,2,0,0,0
15776824,6,1,1,1,0
15633141,4,1,1,0,0
15764174,4,2,1,1,0
15778155,3,1,1,1,1
15715920,10,1,1,1,0
15671917,5,1,1,1,0
15666548,2,3,1,0,1
15625623,4,2,0,1,0
15748123,3,2,1,1,0
15648735,8,2,1,1,0
15634974,8,4,0,1,1
15713378,10,2,0,0,0
15753370,5,1,1,0,0
15782659,0,1,1,0,0
15583364,6,1,0,0,0
15625942,0,2,0,0,0
15720284,4,1,0,0,0
15679642,8,2,1,1,0
15628007,1,2,0,0,0
15661974,2,1,1,1,0
15689341,10,4,1,0,1
15607993,2,1,1,1,0
15693267,7,1,1,0,0
15769522,1,1,1,1,0
15755825,10,2,1,0,0
15598175,4,2,1,0,0
15744327,4,1,1,0,1
15798666,6,2,1,1,0
15577064,2,2,1,0,0
15759436,2,3,1,1,1
15690231,0,2,1,1,0
15751561,7,1,1,0,1
15739068,4,2,1,1,0
15758056,1,2,0,0,0
15742269,1,2,1,0,0
15726490,4,1,1,1,1
15738411,10,1,0,1,0
15727919,6,2,0,0,0
15709396,6,2,1,1,0
15654106,8,2,0,1,0
15621653,10,1,1,1,0
15598086,3,1,1,0,1
15752300,4,1,1,1,0
15658693,2,2,0,1,0
15631838,5,2,0,1,0
15803804,5,1,1,0,0
15578809,1,2,0,0,1
15752026,3,1,0,1,1
15723706,0,1,1,0,0
15752838,6,2,1,1,0
15569571,6,2,1,0,1
15769703,8,1,0,0,1
15679770,3,4,0,1,1
15791102,9,3,1,1,1
15655192,1,2,0,1,0
15709487,5,2,0,0,0
15687130,0,1,1,1,0
15755178,1,3,1,1,1
15634772,0,1,0,1,0
15617197,4,2,1,1,1
15631240,8,2,1,1,1
15784301,0,2,1,0,0
15631310,3,1,1,1,0
15756560,7,2,1,0,0
15732270,8,1,1,1,1
15739357,2,1,0,0,0
15771540,9,1,1,0,0
15567486,4,2,1,1,0
15714634,4,2,1,0,0
15727021,8,2,1,1,0
15650670,2,2,1,0,0
15711834,6,1,0,0,1
15729763,1,1,1,1,0
15646566,9,1,0,1,0
15645463,5,2,1,1,0
15672144,6,1,1,1,1
15596088,4,2,0,1,0
15614878,6,1,1,1,0
15635240,1,2,0,0,0
15775905,6,1,1,1,1
15700657,2,1,1,0,0
15611905,5,1,1,0,0
15652527,7,1,0,1,0
15785865,9,2,1,1,0
15645942,2,2,1,1,0
15688691,9,2,0,1,1
15592736,5,1,1,0,1
15673529,4,2,1,0,0
15724145,8,1,1,0,0
15704629,1,1,0,1,0
15597896,0,1,1,0,1
15731790,6,1,1,1,1
15634719,0,2,1,0,0
15703205,5,2,1,1,0
15567333,7,2,1,0,0
15754537,0,1,0,0,0
15612030,9,2,1,1,0
15573242,6,1,1,1,0
15601892,8,2,0,1,0
15663885,5,1,1,1,0
15701096,8,1,1,0,0
15710450,7,1,1,1,0
15790846,2,1,1,1,0
15658956,6,2,1,1,0
15755223,7,2,0,0,0
15787318,6,1,1,0,1
15737310,10,1,1,0,0
15763665,4,2,0,0,0
15668818,2,1,1,1,0
15765812,1,2,1,1,0
15704844,7,1,0,1,0
15744582,10,3,1,0,1
15616700,9,2,1,1,0
15683521,0,2,1,0,0
15583049,7,1,0,1,0
15643752,5,1,1,0,0
15620398,5,2,1,0,0
15715707,3,2,1,1,0
15814209,1,1,1,0,0
15733768,1,1,1,1,0
15755242,2,1,1,1,0
15729412,4,1,1,1,0
15746564,3,1,1,1,0
15588446,3,2,0,0,0
15665221,7,2,0,1,0
15640846,3,4,1,0,1
15700209,9,1,1,1,0
15658360,9,2,0,0,0
15602735,6,4,0,1,1
15724834,1,2,0,0,0
15800062,8,1,0,0,1
15685300,6,2,1,0,0
15760102,5,1,1,0,0
15787026,0,2,1,1,0
15653696,9,2,0,0,0
15788946,3,1,0,0,0
15600724,5,1,1,0,0
15574324,2,2,0,1,0
15707144,6,2,1,0,0
15775891,2,1,1,1,1
15711789,3,1,0,0,1
15600879,3,2,1,0,0
15681196,1,1,1,1,0
15716000,2,2,1,1,0
15766776,1,1,1,1,0
15680278,9,1,1,0,1
15688637,4,2,1,1,0
15591179,2,2,1,1,0
15677435,0,2,1,0,0
15698619,9,2,1,1,0
15581036,3,2,1,0,1
15622117,8,2,1,0,0
15599301,6,1,0,1,0
15581548,5,1,1,0,0
15586870,4,1,1,1,0
15735263,5,1,0,1,0
15765322,5,2,1,1,0
15582944,5,2,1,0,0
15687162,9,1,0,0,1
15644962,4,1,1,1,0
15612615,6,2,1,0,0
15813439,5,1,1,0,0
15604544,4,2,0,1,0
15761348,0,2,1,0,0
15785078,3,1,1,0,0
15759874,3,1,1,0,1
15643658,2,2,1,0,0
15713267,5,2,0,1,0
15737782,9,1,1,1,0
15815490,2,3,0,0,1
15679410,4,1,1,0,1
15756241,2,1,1,1,0
15688409,2,1,1,0,1
15742272,8,1,0,0,1
15717898,2,1,0,1,0
15769582,3,2,1,1,0
15635660,9,1,1,0,1
15576723,7,2,1,1,0
15591577,3,1,1,1,0
15582325,2,1,1,0,1
15693947,5,2,1,0,0
15760446,9,1,0,1,1
15611105,7,2,0,1,0
15630920,2,2,0,0,0
15574910,2,1,1,0,0
15756472,7,1,1,0,0
15682890,5,2,1,1,0
15641994,1,1,1,0,1
15733297,10,1,1,1,0
15767793,10,2,1,0,0
15725698,4,1,1,1,0
15813532,5,2,1,0,0
15576760,5,2,0,0,0
15732102,3,2,1,0,0
15739046,9,1,0,1,0
15631927,7,2,0,0,0
15672115,6,2,1,1,0
15618765,0,1,0,1,0
15679148,3,2,0,0,0
15728474,4,1,1,1,0
15636999,8,1,0,1,1
15754261,2,2,1,0,0
15629150,1,2,1,0,0
15736274,8,2,0,0,0
15627697,2,2,0,1,0
15721585,3,2,0,1,0
15639946,8,3,1,0,1
15792176,0,1,1,1,0
15699450,7,2,1,1,0
15729954,5,3,1,0,1
15600103,8,1,1,1,0
15786200,4,2,1,0,0
15797010,2,2,1,0,0
15670172,4,1,0,1,0
15627352,7,1,1,0,1
15622494,2,2,0,0,0
15585835,4,2,1,0,0
15595071,9,1,1,1,0
15628203,3,1,0,0,0
15667190,1,1,1,1,0
15780212,4,1,0,0,0
15766869,1,2,1,1,0
15775741,9,2,1,1,0
15628170,9,1,1,0,0
15701318,9,1,0,1,0
15710928,8,1,1,1,0
15682547,1,1,0,1,0
15631170,3,2,1,1,0
15648702,6,2,1,1,0
15783444,3,1,0,1,0
15809178,9,1,1,0,1
15806688,8,3,0,1,1
15576824,3,3,1,1,1
15675422,9,1,1,1,0
15681550,8,1,1,1,0
15812628,8,1,1,0,0
15597951,4,1,1,1,0
15807045,3,1,0,0,0
15581748,2,2,1,1,0
15770420,10,2,1,1,0
15608230,1,2,1,0,0
15730339,3,1,0,0,0
15712584,7,2,1,1,0
15592816,1,1,1,0,1
15641480,5,1,1,0,0
15708505,7,2,0,1,0
15791131,2,1,1,0,0
15618225,8,2,1,0,0
15644724,4,2,0,1,0
15662098,3,3,0,0,1
15723894,7,1,0,0,0
15787699,4,1,1,1,0
15687738,8,2,1,0,0
15576126,2,1,1,1,0
15658889,4,1,1,0,1
15667046,7,1,1,0,0
15669957,9,1,1,1,0
15655794,8,2,1,1,0
15599829,10,2,1,1,0
15753332,8,1,1,0,1
15671124,6,1,1,1,0
15767474,9,3,1,1,1
15720671,8,2,1,1,0
15626787,8,1,0,0,1
15774491,6,2,0,0,0
15579647,0,1,1,1,0
15625522,7,2,0,1,0
15765806,1,1,1,1,0
15566708,4,2,1,0,1
15668347,6,2,0,0,0
15575214,7,1,1,0,0
15591123,2,1,1,1,0
15573280,6,2,1,1,0
15589018,3,2,1,1,0
15654495,6,1,1,1,0
15597265,7,2,0,1,0
15733876,9,2,1,1,0
15677217,1,1,1,1,0
15747265,10,1,1,1,0
15713379,4,2,1,1,0
15730433,1,1,1,0,1
15693347,5,2,1,1,0
15715465,7,1,1,0,0
15680736,6,2,1,1,0
15610765,1,2,0,0,0
15650034,1,1,1,1,0
15782468,3,2,1,1,1
15685109,7,2,0,0,0
15776233,8,1,1,0,1
15761141,10,2,1,1,0
15781702,9,2,0,1,0
15790235,8,2,1,1,0
15641416,9,2,1,1,1
15775234,8,2,0,0,0
15659475,6,2,0,0,0
15642202,5,2,0,1,0
15771417,7,1,0,0,1
15585100,9,1,1,0,1
15700487,6,3,1,0,1
15726589,1,1,1,0,0
15747503,0,1,1,0,1
15595883,4,1,1,1,0
15663826,3,1,1,1,0
15742820,2,2,0,1,0
15624793,5,1,1,0,0
15597930,8,1,0,0,1
15665110,7,1,0,1,0
15770719,6,1,1,1,0
15731327,2,2,0,1,0
15576044,6,1,1,0,0
15775662,8,1,1,0,0
15646817,9,2,1,0,0
15596060,8,1,1,1,0
15723299,4,1,1,1,1
15636982,7,1,1,1,0
15751175,2,2,1,1,0
15618936,5,1,1,0,1
15787529,0,1,1,0,1
15780128,3,2,1,0,0
15615991,7,1,1,1,0
15757001,2,2,1,1,0
15595388,10,2,1,1,0
15699550,9,2,1,1,0
15581620,2,3,1,1,0
15600934,7,1,1,0,1
15738672,2,2,1,0,0
15721307,1,2,1,0,0
15619280,4,2,1,0,0
15768244,8,2,1,1,0
15806837,4,1,1,0,0
15643496,5,2,1,0,0
15813916,1,1,1,1,0
15626385,10,2,1,1,0
15603582,3,1,1,0,0
15764351,5,1,0,1,0
15667938,9,2,1,1,0
15576360,1,1,1,1,0
15628813,4,1,1,0,0
15584190,7,2,0,1,0
15716449,9,1,0,0,0
15759913,6,2,1,1,0
15701555,1,2,0,1,0
15758482,0,2,0,0,0
15758171,4,1,1,1,0
15680346,8,1,1,0,0
15649124,9,1,0,0,0
15812917,6,2,1,1,0
15768455,8,2,1,1,0
15703059,6,1,0,1,0
15646196,2,2,0,0,0
15585451,1,1,1,1,0
15714057,4,2,1,0,0
15748473,5,2,1,0,0
15785782,2,1,1,1,1
15693233,6,2,1,1,0
15757521,2,1,0,1,0
15812513,10,1,1,0,1
15674950,4,2,1,0,0
15678572,7,2,1,0,1
15713608,5,2,1,1,0
15579262,9,1,0,0,0
15610426,5,1,0,1,0
15776454,5,1,1,0,1
15771483,6,2,1,1,0
15648489,4,1,1,1,1
15646609,1,1,0,0,0
15693203,5,2,1,1,0
15813067,3,1,1,0,1
15769829,3,2,0,1,0
15662434,3,2,0,0,0
15773503,4,2,1,0,0
15705890,7,1,1,0,0
15711398,6,2,1,0,0
15752375,8,1,0,0,0
15659175,9,2,1,0,0
15597033,8,1,1,1,0
15590228,6,1,1,1,0
15631848,9,1,1,1,0
15654211,1,1,0,1,0
15707968,8,2,1,0,1
15594084,9,2,1,0,0
15651093,1,2,0,1,0
15798824,0,2,1,0,0
15671591,3,4,1,0,1
15707189,1,1,1,1,0
15733581,9,1,1,0,0
15641640,7,1,1,0,0
15585284,7,1,1,1,0
15617866,5,2,1,1,0
15667751,1,1,1,0,0
15669411,6,1,1,0,1
15789425,8,2,1,0,1
15570943,2,1,1,1,0
15685829,3,2,1,1,0
15721917,8,1,1,1,0
15776047,3,2,0,1,0
15716024,5,2,1,0,0
15675328,6,2,1,0,0
15604314,1,1,1,0,0
15658339,2,2,1,1,0
15630402,9,1,0,1,0
15689616,5,1,0,0,0
15774224,5,2,1,0,0
15701291,3,2,1,0,0
15719606,9,2,0,0,0
15644119,3,1,1,1,0
15646859,7,1,1,1,0
15606836,2,1,0,1,0
15664150,9,2,1,0,0
15624510,6,1,1,0,1
15810944,7,2,1,0,0
15668575,8,3,0,1,1
15603246,2,2,1,1,0
15804002,1,1,1,1,0
15728773,7,2,1,1,0
15598044,3,1,1,1,0
15694829,7,1,0,1,0
15600575,6,2,1,0,0
15727311,0,2,1,1,0
15570769,9,1,1,1,0
15606274,6,2,1,1,0
15746139,2,1,0,0,0
15704987,8,1,1,0,0
15628972,1,3,1,1,1
15697686,6,2,1,1,0
15733883,7,2,0,0,0
15617482,1,1,1,0,1
15704583,2,1,1,0,1
15621083,6,2,1,1,1
15649487,4,2,1,0,1
15736760,9,1,0,0,0
15714658,4,2,1,1,0
15599081,8,1,1,1,0
15705113,6,1,0,0,0
15631159,4,2,1,1,0
15792818,6,1,1,0,0
15633531,9,1,1,1,0
15744529,8,2,1,1,0
15669656,6,1,1,1,0
15581198,0,1,1,0,1
15729054,4,1,1,1,0
15573452,7,1,1,0,0
15776733,7,2,1,0,0
15724858,9,1,1,0,1
15713144,8,1,1,0,0
15690188,7,1,1,1,1
15689425,8,2,1,0,0
15671766,10,1,1,1,0
15782806,6,2,1,0,0
15764419,5,2,1,1,0
15591915,2,1,0,1,1
15772798,5,2,1,1,0
15792008,9,2,0,1,0
15715541,9,1,1,1,0
15639277,9,1,0,0,0
15798850,7,2,1,0,0
15776348,4,1,0,0,1
15727696,1,2,1,1,0
15793813,7,1,0,1,0
15694395,1,2,0,0,0
15764195,4,1,1,1,0
15744919,0,1,1,1,0
15671655,7,2,1,1,1
15654901,10,1,1,0,0
15649136,6,2,1,1,0
15775562,5,2,1,0,0
15807481,1,1,1,1,0
15642885,8,2,1,0,0
15789109,10,1,1,1,1
15814004,2,2,0,1,0
15673619,9,1,1,0,0
15595135,7,1,1,0,0
15583681,7,2,1,1,0
15605000,9,3,1,1,1
15718071,3,2,0,1,0
15679760,1,2,0,0,0
15654574,5,2,1,0,0
15577178,5,1,1,0,1
15595324,5,3,0,0,1
15756932,7,2,1,1,0
15726358,7,2,0,0,0
15595228,7,1,0,1,1
15782530,2,1,1,0,0
15592877,9,1,1,0,0
15651983,9,1,1,1,1
15746737,9,1,1,1,0
15774179,6,2,1,1,0
15667265,4,1,1,1,0
15655123,9,3,1,0,1
15595917,1,1,0,1,0
15668385,1,1,1,1,0
15709476,3,2,1,0,0
15711218,2,2,1,0,0
15798659,3,2,1,0,0
15663939,8,1,1,1,0
15694946,9,2,1,1,0
15631912,8,1,1,0,0
15768816,0,2,1,0,0
15682268,1,1,0,0,1
15684801,1,3,1,0,1
15636428,1,1,1,0,1
15809823,2,1,0,0,0
15699284,8,1,1,0,0
15786993,5,2,0,1,0
15709441,8,1,1,1,0
15710257,3,1,0,1,0
15582492,2,1,1,0,0
15575694,7,2,1,0,0
15756820,7,1,0,1,0
15766289,5,2,1,0,0
15593014,1,1,0,1,0
15584545,5,2,0,1,0
15675949,4,2,1,1,0
15672091,2,2,0,0,0
15801658,6,1,0,1,0
15706185,5,2,1,1,0
15789863,4,2,1,0,0
15720943,1,1,1,0,1
15697997,5,1,0,1,1
15665416,10,1,0,1,0
15660200,1,2,1,1,0
15619653,2,1,1,0,1
15773447,8,1,1,0,0
15739160,9,1,1,0,0
15689237,4,2,1,0,0
15679297,3,1,1,0,0
15591433,8,2,1,0,0
15642725,10,1,0,1,0
15701962,2,2,1,0,0
15811613,8,1,1,0,0
15741049,7,2,1,1,0
15724423,6,2,0,0,0
15574305,3,1,1,1,0
15678168,7,2,1,1,0
15697020,2,1,1,0,0
15610801,5,1,0,1,0
15745232,6,2,1,1,0
15722758,7,2,0,0,0
15792102,3,1,0,0,0
15675185,2,2,1,1,0
15801247,10,2,1,0,0
15725660,1,1,0,0,0
15638963,4,1,1,1,0
15800061,3,3,1,0,1
15578006,10,2,1,1,0
15668504,2,1,1,1,0
15687491,9,1,0,0,1
15610403,1,2,1,0,0
15741094,1,2,1,1,0
15807909,9,2,1,0,0
15666141,8,2,1,1,0
15617134,4,2,1,0,0
15783029,7,2,1,1,0
15622833,10,2,0,0,0
15746422,1,1,1,0,0
15750839,2,1,1,1,0
15749130,1,1,1,1,0
15779862,3,1,0,1,1
15767871,7,2,1,1,0
15679651,1,1,1,0,0
15576219,4,2,1,1,0
15699247,5,2,1,1,1
15619087,1,1,1,1,0
15605327,2,2,1,1,0
15610140,5,2,1,0,0
15791174,1,1,0,1,0
15602373,4,2,1,0,0
15762605,1,1,1,1,0
15598840,1,1,1,0,0
15744279,8,2,1,1,0
15670619,8,2,0,0,0
15599533,7,2,1,1,0
15757837,3,2,1,1,0
15697574,9,3,1,1,0
15578738,7,1,1,1,0
15762228,6,2,1,0,0
15614827,8,1,1,1,0
15789815,5,2,1,0,0
15579781,10,1,1,0,0
15587013,7,1,1,1,0
15570932,7,2,1,1,1
15794661,2,2,1,0,0
15581654,7,2,0,1,0
15644296,8,1,1,0,0
15614420,0,2,1,1,0
15609653,6,1,1,0,1
15594577,10,2,1,1,0
15584114,2,2,1,1,0
15673367,6,1,1,0,0
15685576,6,2,1,1,0
15774727,1,2,0,0,0
15694288,3,2,1,0,0
15603319,2,1,0,0,0
15759066,5,1,1,0,1
15814816,4,1,1,0,1
15724402,8,2,1,0,0
15571059,3,1,1,0,1
15674206,8,2,1,1,0
15715160,2,2,1,1,0
15730448,5,1,1,1,0
15662067,8,1,1,0,0
15779581,3,2,0,1,1
15662901,2,2,0,1,0
15689751,2,1,0,0,0
15667742,5,1,0,1,0
15738448,3,2,0,0,0
15680243,7,1,1,0,0
15745083,8,1,0,0,1
15708228,3,1,1,0,0
15628523,3,2,1,1,0
15708196,8,1,1,1,0
15735549,3,2,1,1,0
15809347,9,1,1,0,0
15660866,3,2,1,0,0
15766609,10,2,1,0,0
15654230,5,1,1,0,0
15794566,4,2,1,1,1
15800890,6,2,1,1,0
15697424,2,1,1,1,1
15724536,1,2,1,1,0
15735878,10,1,0,0,1
15707596,8,2,1,1,1
15657163,1,2,1,0,0
15622478,7,3,1,0,1
15779529,7,2,1,1,0
15636023,10,1,1,1,1
15582066,4,1,1,1,0
15666675,7,1,1,1,0
15732987,3,1,0,0,0
15789432,6,2,1,0,0
15663161,5,1,0,0,1
15694879,7,2,1,0,0
15593715,3,1,1,0,0
15575002,4,1,1,0,0
15622171,8,2,1,0,0
15795224,6,1,1,0,1
15685346,4,1,1,1,0
15691808,7,1,1,0,0
15721007,8,1,0,0,1
15794253,6,2,0,1,0
15694453,9,2,1,1,0
15813113,5,1,1,0,1
15614187,3,2,0,1,0
15619407,4,1,1,1,0
15646227,1,1,1,0,0
15660541,5,1,1,0,0
15753874,10,1,0,1,0
15617877,0,2,1,1,0
15772073,10,1,1,0,1
15701537,2,1,1,1,1
15736228,3,1,1,1,0
15780572,4,2,1,0,0
15769596,2,2,0,0,1
15586996,7,2,0,1,0
15722061,8,2,1,0,0
15638003,1,1,0,1,0
15775590,2,1,0,0,1
15730688,8,2,1,1,1
15753102,6,1,1,0,0
15810075,6,2,1,1,1
15723373,8,1,1,0,0
15795298,9,2,0,1,0
15584320,3,1,0,0,0
15724161,9,4,1,0,1
15750056,6,1,1,1,0
15609637,7,2,0,1,0
15794493,7,2,1,1,0
15569641,8,1,1,0,1
15815236,5,2,0,0,0
15811177,3,1,1,0,0
15680587,4,1,1,0,0
15672821,5,2,1,1,0
15767681,9,2,0,1,0
15600379,7,1,0,1,0
15801336,8,1,1,1,1
15721592,5,2,1,0,0
15581282,6,1,1,0,0
15746203,4,1,0,1,1
15583137,7,2,1,1,1
15680752,0,1,1,1,1
15688172,5,2,1,0,0
15791373,2,1,0,0,1
15589449,3,3,1,1,1
15692819,1,1,0,0,0
15727467,3,2,1,0,0
15734312,6,2,1,1,0
15764604,7,3,1,0,1
15613014,1,2,1,0,0
15759684,7,2,0,1,0
15609669,4,2,1,1,0
15685536,5,2,1,1,0
15750447,10,1,1,0,1
15663249,9,1,1,0,0
15638646,1,1,1,1,0
15734161,6,2,1,0,0
15631070,9,1,1,1,1
15761950,9,1,1,1,1
15649668,10,2,1,1,0
15713912,8,1,0,1,0
15586757,4,1,1,1,0
15596522,2,2,1,0,0
15625395,6,1,1,1,0
15760570,5,2,1,0,0
15566689,8,2,1,1,0
15725794,1,1,1,0,1
15673539,3,1,1,0,0
15705298,0,1,0,0,0
15675791,4,2,1,0,0
15747043,4,2,0,0,0
15736397,1,1,1,0,0
15678201,1,1,1,1,1
15720745,4,1,1,1,0
15637593,6,2,1,0,0
15598070,4,1,1,0,0
15787550,3,2,1,1,0
15603942,3,3,0,1,1
15733973,8,1,1,0,1
15596761,9,1,1,0,1
15652400,2,1,0,1,0
15717893,8,1,1,0,0
15622585,7,1,1,1,0
15733964,1,1,1,1,0
15753861,1,2,0,0,0
15747097,10,1,1,1,1
15594762,1,1,1,1,0
15667417,9,1,1,0,0
15684861,8,2,0,0,0
15742204,6,1,0,1,0
15623502,4,1,1,1,0
15774872,10,2,1,0,0
15611191,10,2,1,1,0
15674331,7,2,0,0,0
15619465,2,2,0,1,0
15575247,1,2,1,0,0
15695679,2,1,0,0,0
15713463,2,1,1,0,1
15785170,0,1,0,0,0
15796351,1,2,1,1,0
15639576,9,1,1,0,0
15693264,10,2,1,1,0
15589715,5,1,1,0,1
15769902,6,2,1,1,0
15587177,6,1,1,0,0
15814553,5,2,1,1,0
15601550,6,1,1,1,0
15664907,1,1,1,0,1
15612465,9,2,1,1,0
15810800,0,1,1,1,0
15665760,7,2,0,1,0
15588080,6,1,1,0,1
15776844,6,2,1,0,0
15717560,0,1,1,0,1
15629739,8,1,1,1,0
15729908,10,1,0,0,0
15716781,7,1,0,1,0
15646936,2,2,1,1,0
15768151,3,1,0,1,1
15579212,6,1,1,0,1
15721835,7,1,1,0,0
15800515,5,1,1,0,0
15591279,3,1,0,1,0
15587419,8,2,0,1,1
15750335,0,3,1,0,1
15699619,10,1,1,0,0
15606472,5,1,1,1,0
15778368,4,1,1,0,1
15671387,4,2,0,0,0
15573926,7,2,0,0,0
15709183,3,1,1,1,0
15577514,7,1,1,1,0
15778830,2,2,1,0,0
15768072,2,1,0,0,1
15768293,3,2,1,1,0
15654456,6,1,0,0,1
15807525,2,2,1,0,1
15574372,5,2,1,0,0
15671249,2,2,1,0,0
15779744,1,1,1,1,0
15624755,3,1,1,0,0
15611430,5,1,1,0,1
15774744,7,2,1,0,0
15629885,7,1,1,0,0
15708791,9,1,0,0,0
15793890,4,1,1,1,1
15646091,4,2,1,0,1
15596984,6,1,1,1,1
15800215,3,2,0,1,0
15577806,1,1,1,1,0
15749381,2,1,1,0,0
15683758,7,1,1,0,0
15670615,7,2,1,0,0
15715622,3,1,0,1,1
15707634,2,2,1,1,0
15806901,2,1,1,1,0
15775335,4,2,1,0,0
15724150,9,1,1,1,0
15627220,9,1,0,0,1
15672330,1,2,0,1,0
15668521,1,2,1,1,0
15807837,6,1,1,1,0
15592570,8,2,1,0,0
15748589,9,2,1,0,0
15635893,8,2,1,1,0
15757632,1,2,1,0,0
15691863,3,2,1,1,0
15706071,0,1,0,1,1
15654296,9,1,1,0,0
15755018,10,2,1,0,0
15594041,2,1,1,0,0
15670587,10,2,1,0,0
15724527,9,2,1,1,0
15801904,0,2,1,0,1
15658195,5,1,1,1,0
15630113,4,1,1,1,0
15784320,3,1,1,1,1
15676513,8,1,1,0,0
15574072,8,1,1,1,0
15633854,3,2,1,0,0
15618566,7,2,1,1,0
15733014,10,2,0,1,0
15753343,2,1,1,1,0
15746076,3,2,1,0,0
15608226,3,1,1,1,0
15605684,7,1,1,0,0
15638988,6,2,1,1,0
15628767,3,2,1,1,1
15737977,6,2,0,1,0
15758116,5,1,1,0,1
15575119,3,2,1,1,1
15625126,6,2,1,1,0
15567114,1,1,0,0,0
15672242,2,1,0,1,0
15681327,9,2,1,1,0
15802585,8,1,1,1,0
15740630,1,2,1,0,0
15815420,8,1,0,1,0
15711468,7,2,1,1,0
15799626,4,1,0,1,1
15659325,5,2,1,1,0
15651352,2,1,1,0,1
15684925,3,2,0,0,0
15657439,4,2,1,1,0
15574122,5,1,0,0,0
15720508,3,1,0,0,0
15599078,5,1,1,0,0
15702300,5,2,0,0,0
15660735,6,2,1,0,0
15671390,10,2,1,0,0
15647385,4,1,0,0,1
15739223,3,2,1,1,0
15631305,4,2,1,0,1
15809263,5,1,1,1,0
15640866,3,1,0,1,0
15775663,6,2,1,1,0
15631800,3,1,0,0,0
15654292,8,2,1,0,0
15648320,7,1,1,0,0
15726747,4,1,0,1,0
15694510,1,1,0,0,0
15572291,6,1,0,0,0
15603465,5,2,1,0,1
15685628,2,2,0,1,0
15792729,9,1,1,0,0
15767414,2,2,1,1,0
15568044,7,2,1,1,0
15751333,2,2,0,1,0
15623062,5,1,1,1,0
15713621,10,2,1,1,0
15670668,5,2,0,1,0
15750638,5,1,0,0,1
15747878,4,1,1,1,0
15726796,7,1,1,1,0
15754952,7,2,0,0,0
15652192,9,2,0,0,0
15681924,2,1,1,0,0
15763544,1,2,0,0,0
15764431,5,4,1,1,1
15684010,2,1,1,1,0
15648881,0,1,0,1,1
15733303,5,2,1,1,0
15643294,8,1,1,1,0
15749905,6,1,1,0,1
15625175,6,1,0,1,1
15643967,4,1,0,1,1
15578251,2,2,1,0,0
15772573,2,1,0,1,0
15733234,4,1,1,1,1
15721582,4,2,1,1,1
15628219,3,1,1,1,1
15571302,5,1,1,1,0
15637178,7,2,1,1,0
15601184,3,2,1,0,0
15629511,6,1,1,0,0
15570629,5,2,1,1,0
15665766,9,2,0,1,0
15693732,9,2,1,1,0
15765982,7,1,1,1,1
15582016,6,2,1,0,0
15798024,8,1,1,1,0
15588622,7,1,1,1,0
15724863,4,1,1,0,1
15618213,7,1,1,1,0
15780411,3,2,0,0,0
15725429,8,1,1,1,0
15600626,6,2,1,1,0
15668460,6,2,1,1,0
15576263,5,1,1,0,0
15720354,4,2,1,1,0
15691624,2,2,1,0,0
15793196,9,2,0,1,0
15633352,6,1,1,0,1
15750874,3,1,1,1,0
15588923,4,1,1,0,0
15715745,5,1,1,1,0
15611800,7,2,1,1,0
15576928,2,1,1,0,0
15793693,9,1,1,1,0
15581252,7,1,1,0,0
15797760,3,2,1,0,0
15790564,9,2,1,1,0
15593736,7,1,0,0,1
15595937,1,2,0,0,0
15815628,8,1,0,0,0
15782802,6,1,1,1,0
15627412,3,2,1,0,0
15734609,2,2,1,1,0
15710689,6,1,0,0,1
15565806,9,2,0,0,0
15815530,10,1,0,0,0
15632272,2,2,1,0,0
15684103,10,2,1,1,0
15654519,1,2,1,1,0
15767722,0,1,1,0,0
15654346,1,2,1,1,0
15660147,8,1,1,1,0
15814998,5,2,0,0,0
15802207,4,2,1,1,0
15658668,10,2,0,0,0
15715079,9,1,1,0,0
15570360,4,2,0,0,0
15674678,9,1,0,0,1
15780925,1,2,1,1,0
15688193,3,1,0,0,0
15778219,5,1,1,0,0
15696514,6,1,1,0,0
15712303,4,1,1,1,0
15719090,4,1,1,1,0
15735632,8,1,1,1,0
15619436,3,1,0,0,0
15722404,3,2,1,1,0
15662063,7,1,1,1,0
15745605,2,1,1,1,1
15636658,2,2,1,1,0
15784130,8,1,1,1,0
15606755,4,2,1,0,1
15801699,5,2,1,1,0
15784097,1,2,1,0,0
15764654,9,2,1,1,0
15612092,8,1,1,0,1
15610903,5,1,1,0,0
15705777,10,1,1,1,0
15661936,3,1,1,0,0
15700864,0,2,1,0,0
15722965,3,1,1,1,1
15737521,9,2,0,0,0
15814465,1,1,1,1,0
15580988,8,2,1,1,0
15789974,6,1,0,0,1
15713370,8,2,0,0,1
15748673,9,2,0,0,0
15754919,10,2,0,1,0
15641662,5,2,0,0,0
15813422,4,1,1,0,0
15713596,1,1,0,1,0
15791216,8,1,1,0,1
15689031,7,1,1,0,0
15763704,2,2,0,0,0
15631339,4,1,1,0,0
15771509,1,2,0,1,0
15769586,1,2,1,1,0
15656096,3,1,1,1,0
15585280,2,2,0,1,0
15743582,3,1,1,1,0
15761692,9,2,0,1,0
15627840,0,1,0,1,1
15778861,6,1,0,0,0
15770554,4,2,1,1,0
15806956,1,1,0,0,1
15701908,7,1,1,1,0
15736990,3,1,1,0,0
15743714,7,1,1,0,0
15807993,0,1,1,0,1
15644686,9,2,1,1,0
15677377,3,2,1,1,0
15626412,6,2,1,1,0
15643679,2,2,1,1,0
15728456,3,1,1,0,1
15630661,10,1,1,0,0
15734044,7,1,0,1,0
15705001,3,1,1,0,0
15809817,10,2,0,0,0
15809137,6,1,0,0,1
15751593,6,1,1,0,0
15626491,7,1,0,1,0
15765461,3,2,1,0,0
15568120,7,1,1,1,0
15787161,4,1,1,0,0
15812324,1,2,1,1,0
15588944,1,2,0,0,1
15694253,7,2,0,1,0
15759566,10,2,1,1,0
15675675,5,1,1,0,0
15802060,10,2,0,0,0
15660505,2,1,1,0,1
15782630,5,1,0,0,0
15700710,3,1,0,1,0
15742834,1,1,1,1,0
15806511,10,2,0,1,0
15608166,9,1,1,1,0
15614230,3,2,1,1,0
15729958,1,1,1,1,0
15800814,2,2,1,0,0
15674727,5,1,1,1,0
15657779,3,2,1,1,0
15801395,10,1,0,0,0
15757911,2,1,0,0,0
15665340,8,2,0,1,0
15787151,7,2,1,1,0
15757821,1,2,0,0,0
15600688,5,2,0,0,0
15594878,5,1,1,0,1
15569248,10,2,1,0,1
15812706,4,1,0,1,0
15645045,9,2,1,1,0
15766746,6,1,1,0,0
15700383,7,2,1,1,0
15632551,4,2,1,0,0
15795129,9,2,1,0,0
15650545,7,1,1,1,0
15612769,5,1,1,1,0
15710853,5,2,1,0,0
15623712,5,3,1,0,1
15653251,8,1,0,0,1
15755077,0,2,1,1,1
15808557,5,1,0,1,1
15614687,4,2,1,1,0
15626882,5,1,1,1,0
15748034,7,1,1,1,0
15632324,7,2,1,1,0
15761023,2,1,1,0,1
15761453,6,1,1,0,0
15646726,5,1,0,0,0
15637169,4,1,1,1,0
15636024,4,1,1,1,0
15801218,8,1,0,1,1
15642655,1,1,1,0,0
15690130,8,1,0,0,0
15653753,6,1,1,0,0
15641359,6,2,0,0,1
15776827,5,2,0,1,0
15647725,5,3,1,0,1
15648455,4,1,1,0,0
15580629,6,1,1,0,0
15730161,3,2,1,0,0
15626612,4,1,1,0,1
15662865,1,2,0,1,0
15629094,1,1,1,1,1
15651823,6,1,1,0,1
15594827,1,2,0,1,0
15786392,4,1,0,0,0
15727353,7,1,1,0,1
15733777,8,1,0,0,1
15614302,10,2,1,0,0
15723263,9,1,1,1,1
15687270,8,2,0,1,0
15803121,5,1,0,0,1
15598700,5,2,0,1,0
15741875,3,1,0,0,0
15631709,2,2,1,0,0
15672970,3,2,0,1,0
15761670,8,1,1,0,1
15706005,2,1,1,0,1
15790336,6,2,1,0,0
15754267,3,2,0,1,0
15791988,4,2,1,1,0
15683375,4,1,1,1,0
15625151,9,1,0,1,0
15635285,8,2,1,1,0
15574296,2,2,1,0,0
15711618,1,1,1,0,1
15670943,9,2,1,0,0
15634359,5,1,1,0,0
15586629,5,2,1,0,0
15588461,4,1,1,0,0
15773221,8,1,1,0,1
15664227,8,1,0,1,0
15741745,7,2,1,1,0
15652626,4,1,1,0,0
15599410,2,2,1,0,0
15571958,3,1,1,0,0
15785406,4,1,0,0,0
15687884,3,1,0,1,0
15621685,2,2,1,0,0
15628886,5,1,1,1,1
15699325,10,1,0,1,0
15578369,9,1,1,0,0
15654156,5,1,1,1,0
15707199,0,1,0,0,0
15671630,1,1,1,0,0
15632079,8,1,1,0,0
15767921,7,2,1,0,0
15573599,6,2,0,1,1
15747208,6,1,1,0,1
15582762,2,1,1,1,0
15772528,7,2,1,0,1
15755798,4,1,0,0,0
15788683,10,1,1,0,0
15616922,1,2,1,1,0
15771855,5,2,0,1,0
15601873,7,1,1,0,0
15657868,6,1,1,0,0
15711716,1,1,1,0,1
15734246,8,2,0,1,0
15792151,3,2,1,0,0
15770159,6,2,1,1,0
15747649,0,2,1,1,0
15639357,9,3,0,0,1
15738907,6,1,1,0,1
15663446,4,1,1,0,1
15750867,8,1,1,0,1
15715939,0,2,1,0,0
15763806,4,2,1,1,0
15637993,9,1,1,1,0
15720338,8,2,1,1,0
15627162,6,1,1,0,0
15596710,1,1,0,1,0
15781678,4,2,1,1,0
15634968,6,1,1,1,1
15609475,7,1,1,1,0
15573319,8,1,0,0,0
15738291,8,2,0,0,0
15782456,9,2,0,0,0
15794841,5,1,1,0,0
15684696,3,1,1,0,0
15629846,8,2,1,0,0
15674442,7,1,0,0,0
15571689,5,2,1,1,0
15730469,4,2,0,1,0
15809320,0,1,1,0,1
15684367,5,2,0,0,0
15793049,8,1,1,0,1
15603665,0,2,1,1,0
15613623,3,1,1,1,0
15569572,6,2,1,1,0
15698791,3,1,1,0,0
15626233,3,2,1,1,0
15607263,3,1,0,1,1
15610900,9,1,1,0,1
15624775,2,1,0,1,0
15691703,8,1,0,1,1
15745355,4,1,1,1,0
15724955,3,2,0,0,0
15628999,10,1,1,1,0
15654341,8,1,1,0,0
15744240,0,1,0,1,0
15632365,8,2,0,0,0
15729689,6,2,0,1,0
15759284,6,1,1,1,1
15602124,7,2,1,1,0
15661903,3,1,1,0,1
15664668,9,1,0,1,1
15736431,2,2,1,0,0
15748639,7,2,1,1,0
15628123,5,1,0,1,0
15602731,5,1,1,0,1
15794137,0,1,1,1,0
15748696,9,1,0,1,0
15725068,9,2,1,1,0
15807340,4,2,0,0,0
15586133,2,1,0,0,1
15576185,2,2,1,1,0
15660809,4,2,1,1,0
15616666,6,2,0,1,0
15706904,6,1,1,1,0
15606915,7,1,1,0,0
15749693,9,2,1,0,0
15791743,1,1,1,1,0
15796480,2,2,0,1,0
15790442,2,2,1,1,0
15609458,10,1,1,1,0
15593897,7,2,1,1,0
15604576,3,1,1,1,0
15666270,2,1,1,0,1
15572626,8,2,1,1,0
15727197,9,2,0,0,1
15714006,2,1,0,1,0
15642137,5,2,0,0,0
15665327,2,2,1,0,0
15626806,2,2,1,1,0
15662578,1,1,1,1,0
15790829,5,2,1,0,0
15654959,6,1,1,1,0
15760244,5,1,0,1,0
15715394,4,2,0,1,0
15722246,4,1,1,1,1
15609704,4,1,1,0,1
15757628,10,1,1,1,0
15633586,7,1,0,0,0
15565796,10,1,1,0,0
15717935,3,2,0,1,0
15577700,10,2,1,1,0
15747345,6,2,1,1,0
15678317,2,2,1,1,0
15698335,8,1,1,1,0
15768451,5,3,1,1,1
15753213,7,2,1,0,0
15769645,3,1,1,1,0
15657565,6,2,0,0,0
15620323,3,2,1,0,0
15679983,7,1,0,0,0
15812616,10,1,1,0,1
15601796,1,1,1,1,0
15729489,8,1,0,1,1
15613216,1,1,1,0,0
15657937,0,1,0,0,0
15815428,3,1,1,0,0
15640409,0,1,0,1,1
15699492,2,1,0,0,0
15623536,0,1,1,0,0
15707551,8,2,1,1,0
15577999,1,1,1,0,1
15788775,8,2,1,0,0
15758362,9,1,1,1,0
15807961,4,1,1,0,0
15710978,2,2,1,1,0
15703541,9,1,0,1,1
15626474,1,2,1,0,0
15608344,7,3,1,0,1
15768367,7,1,1,1,1
15806210,5,2,1,1,0
15697702,2,2,1,0,0
15689152,3,1,0,0,0
15568573,7,1,0,1,1
15689598,6,1,1,1,1
15713374,9,1,1,1,0
15679733,2,2,1,1,0
15759274,10,1,1,1,0
15607748,8,2,1,1,0
15607577,8,1,1,1,0
15813697,2,2,1,1,0
15801125,1,1,1,0,0
15777855,7,2,0,1,0
15635396,9,1,1,0,1
15698031,6,2,1,0,0
15678944,6,1,1,0,1
15718507,3,1,1,1,1
15808334,1,2,1,1,0
15804709,5,1,0,0,1
15645835,9,2,1,1,0
15738166,10,1,0,1,0
15675360,8,1,1,1,0
15793042,2,2,1,0,0
15630106,2,2,1,0,0
15810385,2,1,0,1,0
15578211,6,2,1,1,0
15572792,8,1,1,1,0
15620030,1,1,0,0,0
15783541,5,2,0,1,0
15679284,6,1,1,0,0
15582910,4,1,1,0,1
15688337,9,1,1,1,0
15734970,7,1,0,0,0
15759140,10,1,0,1,0
15643042,2,2,0,0,0
15773868,3,2,1,0,1
15615820,8,1,1,1,0
15730273,8,1,1,0,0
15724890,4,2,0,0,0
15765952,4,1,1,0,0
15685920,2,1,0,0,0
15663263,5,2,0,0,0
15568953,1,1,1,1,0
15643361,8,2,1,1,0
15699486,7,1,1,1,0
15747854,3,3,1,1,0
15691785,1,1,1,0,1
15709004,5,2,0,1,0
15652218,2,1,1,0,0
15697127,2,1,1,1,0
15658486,3,1,1,1,0
15694160,0,2,0,0,0
15685290,5,2,1,0,1
15701042,2,1,1,0,0
15680449,2,1,1,0,1
15599860,8,1,1,1,1
15723169,9,1,1,0,0
15803842,3,2,0,1,0
15728224,9,2,1,0,1
15644174,4,1,1,1,1
15707110,2,2,1,0,0
15765415,4,1,1,1,0
15756751,0,1,1,1,1
15795151,3,1,1,0,0
15632859,7,2,0,1,0
15584037,5,1,1,0,1
15621409,4,1,1,0,0
15581102,8,2,0,1,0
15578096,7,1,0,0,0
15669887,3,1,1,1,1
15621834,0,2,1,0,0
15655341,5,1,1,0,0
15685314,2,2,1,1,0
15653997,6,1,0,0,0
15629551,9,2,0,1,0
15651264,4,1,0,0,1
15760825,1,2,1,0,0
15597394,0,1,0,0,0
15740383,10,2,1,0,0
15670562,3,1,1,1,0
15698117,0,1,0,1,0
15694805,1,1,0,1,0
15746802,6,1,1,0,0
15589428,9,2,1,0,0
15790267,7,1,0,1,0
15665402,5,1,1,1,0
15642093,7,2,1,0,0
15666181,0,1,1,0,0
15602554,9,2,0,1,0
15724251,6,1,0,0,1
15740147,10,1,0,1,0
15718289,3,1,1,0,1
15763148,9,1,0,0,0
15685245,5,2,0,1,0
15626985,0,1,1,0,0
15585823,8,1,1,0,0
15728167,2,1,0,0,0
15762928,8,1,1,0,0
15751774,4,1,1,1,0
15654733,3,1,1,0,1
15809777,7,1,1,1,0
15744200,1,1,1,0,0
15720713,10,2,1,1,0
15695356,5,2,1,0,0
15653315,1,2,1,0,0
15604792,6,2,0,1,0
15704819,6,2,0,0,0
15670859,7,2,1,1,0
15602797,5,3,0,1,1
15662533,6,2,1,0,0
15778154,4,1,0,1,1
15806230,2,2,1,1,1
15662884,1,1,0,1,1
15750778,2,4,1,1,1
15717185,8,2,1,1,0
15677804,1,3,1,1,1
15568915,6,1,1,0,0
15736495,8,1,1,0,0
15737354,7,2,1,1,0
15667889,6,2,1,0,0
15577831,4,1,0,0,0
15729836,1,2,1,0,0
15775293,3,1,1,0,0
15697597,1,1,0,1,0
15639669,9,1,1,1,0
15631392,9,2,0,1,0
15580935,9,2,1,0,0
15590344,3,2,1,1,0
15653306,0,1,0,0,0
15805025,7,1,1,1,0
15658449,9,1,0,1,0
15694450,5,1,1,0,0
15605666,6,1,1,1,0
15615126,3,2,0,0,1
15726588,3,2,0,0,0
15645095,3,1,1,0,0
15808960,5,2,1,0,0
15729435,6,2,1,1,0
15656840,6,1,1,1,0
15659149,2,2,1,0,0
15585490,4,1,0,1,0
15674929,7,2,0,0,0
15746341,8,2,1,1,0
15662091,7,1,1,1,0
15620123,6,1,0,0,0
15616240,4,2,1,1,0
15624186,5,1,0,1,0
15605036,9,1,1,1,0
15805151,2,2,1,1,0
15753847,4,1,0,1,1
15653222,6,2,1,1,0
15757541,9,2,0,0,1
15726945,8,2,1,1,0
15794276,3,1,1,1,0
15568328,6,2,1,1,0
15604355,1,1,1,1,0
15735788,6,2,1,1,0
15618255,6,2,1,0,1
15720941,8,2,0,1,0
15769110,5,2,1,0,0
15576094,0,2,0,1,0
15756150,2,2,0,0,0
15719579,9,2,0,1,0
15748854,5,1,1,0,0
15612455,6,1,1,1,0
15664802,5,2,0,0,0
15735687,2,1,1,0,0
15664734,3,2,1,1,0
15767894,9,2,0,1,0
15666884,5,2,1,0,0
15750156,2,1,1,0,1
15751120,2,1,1,0,0
15575748,9,2,0,1,0
15714610,2,2,1,1,0
15720305,1,1,0,1,1
15678129,9,2,1,0,0
15566633,8,2,1,1,0
15680436,4,2,1,0,0
15674343,8,2,0,1,0
15658890,4,2,1,1,0
15599004,1,1,1,1,0
15726487,6,1,1,1,0
15698716,3,2,1,0,1
15710527,4,1,1,1,0
15655590,2,2,0,0,0
15732266,5,1,1,0,1
15669326,2,1,1,1,0
15672246,2,1,1,1,0
15620276,6,3,1,1,0
15640258,6,2,1,1,1
15740283,1,2,0,0,0
15759717,7,2,1,0,0
15620268,3,1,1,0,0
15743871,3,2,1,0,1
15614491,3,2,1,0,0
15595047,7,2,0,0,0
15732334,0,2,1,0,0
15701206,5,2,1,0,0
15581280,6,1,1,1,0
15651943,1,2,0,1,0
15609545,5,1,0,1,0
15658548,6,2,1,0,0
15626008,9,1,1,1,1
15774133,8,1,0,1,0
15763798,5,1,0,1,0
15758013,5,2,0,0,0
15705765,1,2,1,0,0
15648362,3,2,1,0,1
15761102,4,1,0,0,0
15610165,1,2,1,1,0
15723717,1,1,0,0,1
15654611,9,2,1,0,0
15659736,5,1,0,0,1
15603170,9,1,1,0,1
15786167,5,2,1,1,0
15671915,5,2,1,1,0
15794792,8,1,1,1,0
15652789,10,2,1,1,0
15739168,5,1,0,1,0
15719950,10,1,1,1,0
15743818,9,2,0,1,0
15717937,5,1,0,0,0
15602841,5,2,0,1,0
15619972,9,1,0,0,1
15796114,7,1,0,0,0
15633546,3,1,1,0,0
15758755,9,1,0,1,0
15695168,2,2,1,0,0
15754342,0,1,0,1,0
15756610,5,1,0,0,1
15640917,5,2,1,1,0
15663164,7,3,1,1,1
15616811,0,1,0,1,0
15610781,10,1,1,0,0
15600911,2,1,1,0,0
15629603,8,2,1,1,0
15714981,4,1,1,1,1
15775892,8,1,0,0,0
15782778,4,2,0,1,0
15786643,10,2,1,1,0
15595657,4,1,0,1,0
15743673,2,1,1,1,1
15634310,6,2,1,0,0
15790809,7,1,1,0,0
15668695,5,1,0,0,0
15669281,3,1,0,0,0
15621031,8,2,1,0,0
15720071,3,1,0,0,1
15792180,7,2,1,0,0
15813894,9,2,0,0,0
15669490,6,2,1,0,0
15783030,7,1,1,0,1
15695792,0,1,1,1,0
15575676,1,2,0,1,0
15627665,4,1,1,0,1
15814092,2,1,0,1,1
15695225,8,2,1,1,0
15615091,6,2,1,1,0
15794345,8,2,0,1,0
15726484,7,1,1,1,0
15650442,8,1,1,1,1
15714256,7,1,0,1,0
15778752,10,2,1,1,0
15601659,7,2,1,0,1
15602811,0,2,0,0,0
15779414,3,1,1,1,0
15763097,8,2,0,1,0
15633666,7,1,1,0,0
15718789,5,2,1,0,0
15690620,10,1,1,0,0
15737071,5,1,1,1,1
15665062,1,1,1,1,0
15600692,5,2,1,0,0
15792064,5,1,1,0,1
15811486,8,2,0,1,0
15626141,1,2,1,1,0
15738546,4,2,0,1,0
15677052,2,2,1,1,1
15656454,6,1,1,0,0
15645496,7,1,1,0,0
15612505,3,1,1,0,0
15708513,1,1,1,0,0
15685654,9,2,1,1,0
15732307,4,1,1,1,0
15726814,4,2,0,1,0
15653776,1,4,0,0,1
15597914,2,4,1,1,1
15631603,1,1,1,1,0
15789753,6,1,0,1,0
15678034,9,1,1,0,1
15690209,3,2,1,0,0
15592091,2,2,1,1,0
15647453,4,1,0,0,0
15697100,6,1,1,0,1
15811290,0,2,1,1,0
15629187,8,1,1,0,0
15758073,7,1,0,0,0
15640769,8,1,1,1,0
15606641,10,3,1,1,1
15718280,5,2,1,1,0
15764335,8,2,1,0,0
15634218,4,2,1,0,0
15808760,6,1,1,1,0
15648461,7,2,1,1,0
15593555,9,2,1,1,0
15569079,6,1,1,0,1
15800736,4,1,1,1,0
15792607,2,2,0,0,0
15640034,2,1,1,0,1
15807563,5,1,0,0,1
15684461,6,1,1,0,1
15580134,2,1,1,1,0
15679075,8,1,1,0,0
15742504,2,2,1,0,0
15567328,5,1,0,1,0
15698294,1,2,1,0,0
15607142,8,1,1,1,0
15738516,5,1,1,0,0
15806403,9,2,1,0,0
15656707,2,1,1,1,0
15653715,7,2,1,1,0
15806184,4,2,1,1,0
15585734,9,2,1,1,0
15725639,9,1,1,1,0
15618401,10,2,1,1,0
15785385,5,2,1,0,0
15734762,3,3,1,0,1
15767129,6,1,1,1,0
15797204,3,2,0,1,0
15769272,6,1,0,0,0
15771966,8,1,1,0,0
15691952,10,1,1,1,0
15593250,4,2,1,0,0
15605333,6,1,1,0,0
15800083,8,1,0,1,1
15575691,5,2,0,1,0
15689886,10,3,1,1,1
15809838,1,2,0,0,0
15736154,1,2,0,1,0
15767391,4,2,0,1,0
15704910,3,2,1,0,0
15656613,3,1,0,0,0
15611551,1,2,0,1,0
15732430,4,1,1,0,0
15741865,9,1,1,1,0
15634143,0,1,0,0,0
15609676,2,1,1,0,0
15761600,5,1,1,1,0
15676404,1,1,1,0,1
15659236,3,2,1,1,0
15690440,1,2,1,1,0
15694601,4,1,1,0,0
15812262,2,1,1,0,1
15762821,5,2,0,1,0
15669301,6,1,1,0,1
15672640,4,2,1,1,0
15750458,4,2,0,1,0
15627251,4,1,1,1,0
15764294,4,1,1,1,0
15659962,3,2,1,1,0
15788536,2,2,0,0,0
15596979,6,2,1,1,0
15681220,8,2,1,1,0
15635097,2,2,0,1,0
15780779,4,2,1,0,0
15798470,1,1,1,0,1
15760880,10,2,0,1,0
15616929,5,1,0,1,0
15758775,10,1,1,1,0
15663386,7,2,1,0,0
15621267,5,1,0,0,0
15720509,9,1,0,1,0
15693322,9,1,0,1,0
15589544,4,2,1,1,0
15772030,3,2,0,1,0
15693337,0,1,1,1,0
15676571,6,1,1,0,1
15701392,6,2,0,1,0
15741092,10,1,1,0,0
15643865,3,1,0,1,1
15769389,9,1,1,0,0
15807768,1,1,1,1,0
15801630,6,2,1,0,0
15705034,1,2,1,1,0
15763107,9,1,1,1,0
15667085,4,2,1,1,0
15647008,3,1,1,0,1
15584505,5,2,0,0,0
15748068,3,2,1,1,0
15663964,5,2,1,0,0
15782311,9,2,1,1,0
15588197,7,2,0,0,0
15610105,1,2,1,1,0
15606133,7,2,0,1,0
15599403,10,2,1,1,0
15648225,1,1,0,1,0
15608406,5,1,1,0,1
15633378,9,2,1,0,0
15664759,10,2,1,0,0
15625545,9,1,1,1,1
15772148,5,1,0,1,0
15810829,7,1,1,0,1
15731669,2,1,1,0,0
15738634,9,1,1,1,0
15737571,6,1,0,1,0
15667602,3,2,1,0,0
15684147,5,1,1,1,0
15789874,3,2,0,0,0
15757952,2,3,1,0,1
15698732,3,1,1,0,0
15714355,8,1,0,1,0
15599090,7,1,1,1,0
15762048,7,2,1,1,0
15790596,0,1,1,1,0
15609623,5,1,1,0,1
15711901,2,1,1,1,0
15779809,8,1,0,1,0
15729018,2,1,1,1,0
15698246,2,2,1,1,0
15712409,6,2,1,1,0
15758306,6,2,1,1,0
15621435,1,1,0,0,0
15566295,6,2,1,0,0
15569098,6,1,0,0,1
15662532,8,2,1,1,0
15664001,8,1,0,0,1
15703437,3,2,1,0,0
15708003,8,1,1,0,0
15599452,8,2,1,0,0
15719793,5,2,1,1,0
15771580,0,1,0,1,0
15732268,3,1,1,0,0
15722350,7,1,1,1,0
15611371,4,1,1,1,0
15673584,5,2,1,1,0
15636396,7,2,0,1,0
15706170,1,1,0,0,0
15725478,7,2,1,1,0
15654562,5,4,1,0,1
15737509,8,1,0,0,0
15690796,8,1,1,0,0
15716728,10,2,0,1,0
15605665,3,2,1,1,0
15748481,6,1,0,0,0
15757777,2,2,1,1,0
15747808,3,1,1,1,0
15810593,4,3,1,1,0
15693376,0,2,1,1,1
15579808,8,1,1,1,0
15598275,7,2,1,1,0
15737080,1,2,0,1,0
15668580,2,2,1,1,0
15569438,10,2,0,0,0
15675842,4,1,1,0,0
15577587,5,1,1,1,1
15625592,2,2,1,1,0
15635141,8,2,0,0,1
15642570,8,2,1,0,0
15702175,4,2,1,1,0
15677785,5,1,1,0,0
15786153,9,2,1,0,0
15759499,4,1,1,1,0
15659568,3,1,1,1,0
15715597,1,1,1,0,0
15610147,2,2,0,1,0
15802362,0,2,0,1,0
15660524,9,1,1,1,0
15747168,2,1,0,1,1
15796910,7,1,0,0,1
15707674,2,1,1,0,1
15565706,1,1,1,1,1
15587596,8,1,1,0,0
15751943,5,2,0,0,0
15621227,7,1,1,1,0
15757588,9,2,0,0,0
15640922,7,1,1,1,0
15567557,2,1,1,1,0
15670103,5,1,1,1,0
15720929,8,3,0,0,1
15732774,7,1,1,0,0
15628558,5,1,1,1,0
15729201,9,1,1,0,1
15731117,2,1,1,0,0
15615207,0,1,1,1,1
15773512,4,1,1,1,0
15572145,8,2,1,0,0
15642710,7,2,1,0,0
15574213,1,1,1,1,1
15718852,9,1,1,1,0
15583840,5,1,1,1,1
15782418,9,1,1,1,1
15813504,1,1,0,1,0
15711314,1,1,0,0,1
15621064,5,2,1,1,0
15627847,6,1,1,0,1
15588090,8,2,1,0,1
15735270,2,1,1,0,1
15671804,8,2,1,1,0
15753215,8,2,1,0,0
15789941,6,1,0,0,0
15691061,9,2,1,1,0
15808326,9,2,1,1,0
15566660,10,3,1,0,0
15778947,3,2,1,1,0
15632977,5,2,0,0,0
15591747,3,2,0,0,0
15567335,7,2,1,1,0
15609299,6,1,1,0,0
15669945,4,2,1,0,0
15736271,9,1,1,0,0
15710390,6,2,1,1,0
15756481,3,1,1,0,0
15736730,2,1,1,1,0
15626040,0,2,0,1,0
15746553,5,1,0,1,1
15622518,5,1,1,1,1
15684908,1,1,0,1,0
15569446,8,2,1,0,0
15777504,8,1,1,1,0
15677906,5,1,0,1,0
15703292,8,2,1,1,0
15712938,3,2,1,1,0
15631359,5,1,0,0,0
15720847,2,2,1,1,0
15787830,7,1,1,0,0
15599869,1,1,1,1,0
15592078,8,2,1,0,0
15596228,4,2,1,0,0
15578462,9,1,1,1,0
15756894,1,1,0,1,0
15796167,7,2,1,0,0
15664808,3,3,0,0,0
15664555,2,4,0,1,1
15607278,8,1,1,1,0
15585222,8,2,1,1,0
15750299,10,1,0,1,0
15761294,8,1,1,0,1
15810454,4,1,0,1,0
15673984,8,1,1,0,1
15609319,3,1,1,1,0
15709941,8,3,1,0,1
15580252,4,1,0,1,0
15741275,7,2,1,1,0
15707132,5,2,0,1,0
15600708,3,1,1,1,0
15804787,5,1,1,1,0
15690021,0,1,0,1,1
15763895,7,2,1,0,0
15623478,4,2,0,1,0
15797910,2,1,1,1,0
15577751,4,1,0,0,0
15781777,3,1,0,0,0
15740527,7,1,0,1,1
15721251,4,1,0,1,0
15602994,10,1,0,1,0
15750769,7,1,1,0,0
15740175,2,2,0,0,0
15679968,5,1,1,0,0
15694404,3,1,1,1,0
15657529,1,1,1,1,1
15762882,4,1,1,1,0
15642579,1,1,1,1,0
15598884,5,1,1,1,0
15770185,10,1,1,0,0
15800287,2,2,1,0,1
15665861,3,1,0,1,0
15662203,3,2,1,1,0
15616454,8,1,0,1,1
15702788,9,1,1,0,0
15778149,9,2,1,0,1
15680001,7,2,1,0,0
15711991,8,2,0,0,0
15633834,3,2,0,0,0
15765266,1,2,0,0,0
15791867,2,1,0,0,1
15675380,3,1,0,1,1
15770576,7,2,1,1,0
15775294,2,2,1,0,1
15727059,4,2,0,0,0
15702499,9,1,1,1,0
15611699,7,1,1,0,0
15654000,5,1,1,0,1
15657881,5,1,0,1,0
15719991,1,1,1,0,1
15720687,4,1,0,0,1
15687079,10,1,1,0,0
15582276,5,1,0,1,0
15763980,1,1,1,1,0
15720774,7,1,1,0,1
15592194,9,2,1,0,0
15803685,10,2,0,1,0
15759456,7,2,1,0,0
15611544,7,2,1,0,0
15794257,4,1,1,1,0
15681697,8,1,1,0,0
15579566,3,1,1,0,1
15577970,5,1,0,0,0
15727489,1,1,1,0,0
15764284,3,3,1,1,0
15581811,1,2,0,1,0
15622527,6,1,1,1,0
15753362,3,2,1,1,0
15666652,3,2,1,1,0
15789714,3,1,1,1,0
15771543,2,1,1,1,1
15748327,6,2,0,0,0
15754649,3,2,1,1,0
15810460,5,3,0,1,1
15771742,9,2,1,0,1
15642160,5,2,1,0,0
15798439,2,1,1,1,0
15605293,1,2,1,1,0
15692631,8,1,0,1,0
15665376,3,2,1,0,0
15772412,6,1,1,1,1
15654577,5,1,1,0,1
15585427,10,2,0,0,0
15584536,3,1,1,1,1
15585853,7,1,1,0,1
15645271,8,2,0,0,1
15579387,2,2,0,1,0
15623107,3,3,1,0,1
15754072,6,2,1,0,0
15666163,1,1,1,1,0
15765192,7,2,0,0,0
15804822,4,2,1,0,0
15612893,4,1,1,0,0
15593636,4,1,1,0,0
15693326,7,2,0,0,0
15809901,8,2,1,0,0
15759751,1,2,1,1,0
15605425,2,1,1,0,0
15801934,8,2,1,1,0
15592000,9,1,1,0,1
15618695,3,1,0,1,0
15637110,10,1,1,0,0
15727408,8,2,1,0,0
15716328,2,2,0,0,0
15669060,6,2,1,0,0
15675854,0,1,0,1,1
15621116,5,1,1,0,0
15781495,2,2,1,1,0
15740470,4,2,1,0,0
15714391,2,1,1,1,1
15730137,0,1,0,0,0
15596455,2,1,0,0,1
15717290,2,2,0,1,0
15616555,8,1,1,0,0
15659820,5,2,1,0,0
15696301,9,1,1,0,1
15771087,0,2,1,1,0
15808831,7,2,1,1,0
15812241,7,1,1,0,1
15680370,7,2,0,1,0
15780561,9,2,0,0,0
15800784,4,1,1,1,0
15715796,0,2,1,1,0
15605375,2,1,1,0,0
15621520,2,1,1,0,0
15665460,1,2,1,1,0
15801152,1,2,1,0,0
15756425,7,1,0,0,0
15674328,3,1,1,1,1
15742404,7,2,1,0,0
15757140,0,1,0,1,0
15570051,6,2,0,0,0
15669175,6,2,0,1,0
15790324,6,1,1,0,0
15691119,4,1,0,0,0
15743478,8,2,1,1,0
15707007,8,1,1,0,0
15572547,9,1,1,0,1
15567063,6,1,0,1,1
15689633,2,1,1,0,0
15720637,10,1,1,0,1
15616859,2,4,1,0,1
15766166,2,1,1,1,0
15617655,9,2,1,1,0
15623450,7,1,1,1,0
15796612,1,1,1,0,0
15795963,7,1,0,1,0
15781598,6,1,0,1,1
15691871,9,1,1,1,0
15740345,5,1,1,0,1
15662626,2,2,0,0,0
15596575,5,2,1,1,0
15657321,8,2,1,0,0
15575955,0,2,1,0,0
15743893,3,1,1,0,0
15697270,4,1,1,1,0
15644356,10,1,1,0,0
15677586,3,2,1,1,0
15571261,6,2,1,1,0
15698758,1,2,1,1,0
15787014,8,1,1,1,0
15739857,3,2,1,1,0
15774630,1,1,1,1,0
15805523,1,1,0,1,0
15749557,6,2,1,1,0
15681180,7,1,1,0,0
15742028,5,2,1,0,0
15686463,7,1,1,0,1
15654379,4,2,1,1,0
15783629,6,2,0,0,0
15751193,4,2,1,1,0
15724099,6,1,1,1,0
15568429,3,2,1,0,0
15648967,1,1,1,0,1
15664498,7,1,1,0,0
15779522,0,2,1,0,1
15583850,0,2,1,1,0
15696539,7,1,1,1,0
15760121,9,1,1,0,0
15628279,3,2,1,1,0
15766163,1,2,0,1,0
15566467,0,2,1,1,0
15639049,7,1,0,1,0
15736413,1,2,1,1,0
15634815,3,2,1,1,0
15716381,7,1,1,1,1
15708162,1,2,0,1,0
15569364,3,2,1,0,0
15791191,2,1,1,1,0
15621205,4,1,1,1,0
15704788,8,2,0,0,1
15775756,8,1,0,0,0
15641312,6,1,1,1,1
15782531,8,2,1,0,0
15724428,8,2,1,0,0
15743617,1,1,1,0,0
15585839,2,2,1,0,0
15658158,10,1,1,0,0
15637678,5,1,1,0,0
15701809,3,1,1,0,0
15676937,8,2,1,1,1
15778975,1,3,1,0,1
15710375,6,2,1,0,0
15579914,2,2,1,1,0
15595160,2,2,1,1,0
15595391,1,2,1,0,0
15630363,0,1,0,0,0
15692443,5,1,1,0,1
15593795,1,1,1,0,1
15642824,8,2,0,1,1
15683524,6,2,0,0,0
15713532,4,1,1,0,0
15719827,3,1,0,0,0
15578435,8,1,1,1,0
15723028,1,2,1,0,0
15595609,9,2,0,0,0
15622443,4,2,0,1,0
15579112,2,2,1,1,0
15648479,0,2,1,0,0
15659234,3,1,0,1,0
15811970,1,2,1,1,0
15774192,8,1,0,0,1
15595136,1,2,1,1,0
15630580,9,2,1,1,0
15660646,3,1,1,0,0
15614365,3,1,0,0,0
15776128,6,1,0,0,0
15787035,8,2,1,1,0
15792646,1,1,1,1,0
15726832,3,1,1,1,0
15773260,0,1,1,0,0
15624437,1,2,1,1,0
15717138,6,2,1,0,0
15657317,7,1,1,0,0
15626948,6,1,1,0,0
15758901,1,1,1,0,1
15777759,2,1,1,1,0
15773322,4,1,0,0,0
15697318,9,1,0,0,0
15678916,2,1,1,0,0
15632118,5,1,1,0,1
15788118,7,2,1,0,0
15788930,7,1,1,0,0
15628583,5,2,0,1,0
15635177,3,1,1,1,0
15587690,2,1,1,0,0
15627630,1,2,1,0,0
15610930,1,1,1,0,0
15657747,9,2,0,1,0
15568006,2,4,1,0,1
15751748,2,1,0,0,1
15722212,8,2,0,0,0
15658670,8,2,1,0,0
15761654,8,1,1,1,0
15812210,8,4,1,1,1
15787051,7,1,1,0,0
15642991,7,2,1,0,0
15713769,7,1,1,1,0
15605826,10,3,1,0,1
15648898,7,1,1,1,0
15705309,5,2,0,0,0
15734202,4,1,1,0,0
15658852,8,2,1,1,0
15612633,9,1,0,1,0
15604818,9,1,1,0,0
15593900,1,1,0,1,0
15624995,6,1,1,1,0
15570087,8,1,1,1,1
15802617,7,2,1,0,0
15656029,6,2,0,1,0
15739194,0,2,1,0,0
15607275,6,2,0,1,1
15629475,2,2,1,0,0
15635034,9,1,1,1,1
15756333,7,2,1,1,0
15777436,5,2,1,0,0
15676835,1,2,1,0,0
15574206,7,2,1,1,0
15613017,1,1,1,0,0
15815131,7,1,1,1,0
15585455,9,2,0,0,0
15692929,10,2,0,1,1
15758081,8,1,1,1,0
15667476,3,1,0,0,0
15738248,5,2,1,0,0
15672152,9,1,0,1,1
15673372,1,1,1,1,1
15587611,9,2,0,0,1
15803415,3,2,1,0,0
15715673,4,1,1,0,1
15655648,2,2,1,0,0
15763613,1,2,1,0,0
15660385,7,2,1,0,0
15733261,6,1,1,0,1
15796231,1,1,1,1,0
15624866,3,2,0,0,0
15623730,1,1,0,1,0
15668248,7,1,0,0,1
15694518,0,2,1,0,0
15638028,4,2,0,1,0
15795895,1,2,1,0,0
15694376,3,3,0,0,1
15669204,4,2,1,0,0
15773779,2,1,1,1,0
15580682,4,2,1,1,0
15768530,4,2,1,1,0
15672875,8,1,1,1,0
15617082,7,1,1,1,0
15760514,9,2,1,1,0
15761775,8,2,1,1,0
15799964,7,1,1,0,0
15693906,3,1,1,1,0
15739514,9,2,1,1,0
15756926,1,2,0,1,0
15770984,7,2,0,1,0
15703979,3,1,1,0,0
15801821,1,2,0,0,0
15711028,1,3,1,1,1
15791842,6,1,1,1,0
15746127,2,2,1,0,0
15663625,4,2,0,0,0
15604891,8,2,1,0,0
15589666,9,1,1,1,0
15627881,8,2,1,1,0
15664895,0,2,1,1,0
15676094,6,1,1,1,0
15761720,6,1,1,0,0
15611961,7,2,1,0,0
15680167,6,1,1,1,0
15762543,1,2,1,0,0
15658475,8,1,1,0,1
15779743,7,2,1,0,0
15661532,1,2,0,0,0
15782360,2,1,1,1,1
15767908,6,2,0,0,0
15677105,4,1,1,0,1
15641474,9,1,1,0,0
15624451,3,2,1,0,0
15577985,5,2,1,1,0
15571666,8,1,0,0,0
15783691,1,1,1,0,0
15671172,1,2,0,1,0
15731760,5,1,0,1,0
15585599,8,2,0,1,0
15784958,10,4,1,1,1
15734524,3,1,1,0,1
15614103,8,1,0,1,1
15794895,1,2,0,1,0
15772381,8,1,1,0,0
15710553,3,2,0,1,0
15649292,7,1,0,0,1
15792565,7,2,1,1,0
15718245,1,2,1,1,0
15703117,1,2,0,1,0
15758136,3,1,0,1,0
15799932,10,2,1,1,0
15633516,1,1,0,1,0
15622532,0,2,0,1,1
15798960,2,1,0,1,0
15698664,2,2,0,0,0
15703614,5,1,1,0,0
15699195,3,1,1,1,0
15710543,1,1,1,1,1
15695499,10,2,0,1,0
15622321,3,1,1,1,0
15715744,7,1,0,1,0
15788151,1,2,1,1,0
15687153,8,1,1,0,1
15684958,2,2,1,1,0
15706116,8,1,1,0,0
15740557,5,2,1,0,0
15707291,8,2,1,1,0
15583353,3,1,1,0,1
15761024,2,2,1,1,0
15630709,2,2,0,0,0
15639590,3,1,1,0,0
15659399,7,2,1,0,0
15567078,8,1,1,1,0
15696373,9,2,0,0,1
15786617,3,1,1,0,0
15657449,3,1,1,0,0
15672594,0,1,0,0,1
15714240,5,2,0,0,0
15782144,3,2,1,1,0
15665008,8,2,1,1,0
15581733,4,2,1,0,0
15751392,4,2,1,0,1
15785815,1,2,1,1,0
15664214,2,2,1,0,0
15579996,7,1,0,0,0
15675252,3,2,1,1,0
15579617,3,2,0,1,1
15593976,5,4,0,0,1
15716041,9,2,0,1,0
15654489,8,1,1,1,0
15736302,4,2,1,1,0
15805909,8,1,0,0,0
15572762,2,2,1,0,0
15724632,0,2,0,1,0
15670416,0,1,0,1,0
15749528,6,2,0,1,0
15578783,0,1,1,1,0
15580719,10,2,1,1,0
15656293,3,2,1,0,0
15691875,5,1,1,0,0
15596870,3,1,1,0,1
15780770,7,1,1,1,0
15751491,3,1,1,0,1
15706200,2,2,1,0,0
15808674,6,3,1,1,1
15641411,1,1,1,1,0
15764661,2,1,1,0,0
15689492,1,2,0,1,0
15602405,9,1,1,0,0
15610271,3,1,1,0,0
15791780,10,3,0,1,1
15589147,8,1,1,1,0
15756975,3,2,1,1,0
15729582,3,1,0,0,0
15742971,2,2,1,0,0
15568046,7,1,1,0,0
15694890,1,1,1,0,0
15736963,1,2,1,1,0
15646490,1,1,0,1,0
15607314,2,1,1,0,1
15576745,2,2,0,1,0
15669606,5,2,1,0,0
15737832,0,1,0,0,1
15681990,6,2,1,0,0
15758050,4,2,1,0,0
15787848,9,2,0,0,0
15713594,7,1,1,0,0
15588186,7,1,1,0,0
15786739,1,1,1,1,0
15699467,0,1,0,0,0
15680706,4,1,1,0,1
15645717,2,2,1,1,0
15748597,5,1,0,1,1
15773709,0,2,0,1,0
15629787,10,2,0,0,0
15661007,0,1,0,0,0
15686812,8,1,0,1,0
15754113,0,2,1,1,0
15749489,10,1,0,0,0
15574352,4,1,1,1,0
15701281,8,2,1,1,0
15811985,6,2,0,0,0
15713505,1,2,0,1,0
15685653,3,2,1,0,0
15758831,3,1,0,0,0
15618774,3,1,1,0,1
15764448,0,1,1,0,0
15611024,9,1,0,1,0
15738220,1,2,1,0,0
15805764,10,2,0,1,0
15580487,8,2,0,1,0
15675787,8,1,1,0,0
15583580,1,1,1,0,1
15780654,3,2,0,1,0
15695034,4,1,1,0,0
15805671,0,1,0,1,0
15790658,8,1,1,1,0
15578648,6,1,1,0,0
15734987,7,2,1,0,0
15721740,7,1,1,1,0
15641822,1,2,0,1,0
15765650,5,1,0,0,0
15788556,4,1,1,1,1
15576550,1,1,1,0,1
15622230,3,2,0,1,0
15653937,1,1,1,0,1
15743538,1,2,1,0,0
15591740,4,2,1,1,1
15650086,2,2,1,0,0
15718773,0,2,1,0,0
15615140,6,1,1,1,0
15644361,1,1,0,0,1
15774536,6,2,0,0,0
15618661,6,1,1,1,0
15605020,2,2,1,0,1
15762134,8,2,1,1,0
15685279,8,1,1,1,0
15582849,1,1,1,1,1
15655410,1,1,1,0,1
15649129,9,2,1,0,0
15702380,6,2,0,1,0
15759067,7,4,1,1,1
15683027,4,2,1,1,0
15597487,5,1,1,1,0
15763256,8,2,1,0,1
15620111,8,1,1,0,0
15623053,2,1,1,0,0
15595592,2,1,1,0,1
15740072,2,2,1,1,0
15778005,1,1,1,0,1
15583278,8,1,1,1,0
15601263,7,2,1,0,0
15709222,3,1,0,1,0
15713949,1,1,1,0,0
15717706,3,2,1,1,0
15756071,1,1,1,1,0
15696564,0,2,1,1,0
15657637,3,3,1,0,0
15755863,1,2,0,1,0
15719858,9,2,1,1,0
15688876,9,2,1,1,0
15698528,3,1,1,1,1
15770345,1,1,0,1,0
15761506,5,2,1,0,0
15716619,3,1,1,1,0
15788367,6,1,1,1,0
15709451,1,2,1,1,0
15640421,7,1,1,1,0
15580068,5,2,1,1,0
15677123,7,2,1,1,0
15619801,1,2,0,1,0
15582246,2,2,0,1,0
15711843,1,3,0,0,1
15680046,8,2,1,0,0
15804131,7,2,0,0,1
15722611,8,1,1,1,0
15729224,5,2,1,0,0
15811588,7,1,1,0,1
15702138,3,1,0,0,0
15749799,2,2,1,1,0
15752885,1,1,1,1,0
15674932,9,2,1,0,0
15743828,2,1,1,1,1
15642022,8,1,0,0,0
15746461,2,2,1,0,0
15809991,4,1,1,1,0
15787322,6,1,1,1,0
15575498,5,2,1,0,0
15691387,9,1,1,1,0
15765457,1,1,1,1,0
15666173,1,1,1,1,0
15627377,6,2,1,1,0
15656683,1,1,0,0,1
15679810,6,2,1,0,0
15606310,5,1,0,1,0
15756871,3,1,1,0,0
15610002,5,2,1,1,0
15567802,2,2,1,0,0
15745452,1,1,1,0,0
15617252,1,1,1,0,0
15753248,2,2,0,0,0
15610755,0,1,1,1,0
15662238,3,1,1,0,0
15799186,4,2,0,0,0
15686941,7,2,1,0,0
15601172,6,1,1,0,0
15723858,3,2,0,1,0
15615896,8,2,1,0,0
15737647,6,1,1,0,0
15582841,8,2,0,1,0
15760090,7,2,1,1,0
15588587,1,1,1,1,0
15683157,4,1,0,1,0
15694209,3,2,1,1,0
15655875,3,2,1,0,0
15805704,2,4,0,1,1
15744789,6,1,1,0,0
15799357,5,1,0,0,0
15726153,5,1,1,1,0
15713346,10,1,1,1,0
15665053,4,1,0,1,1
15592379,9,2,1,0,0
15692599,5,1,1,0,0
15620758,4,2,1,0,0
15637428,7,2,1,0,0
15808389,7,1,1,1,0
15807003,10,1,1,0,0
15702912,2,1,1,0,1
15590623,4,2,1,1,0
15728078,10,1,0,1,0
15708256,3,2,1,0,0
15582335,9,1,0,0,0
15649150,5,1,1,0,1
15691647,2,2,1,1,0
15668270,5,2,1,1,1
15624820,7,3,0,0,1
15736254,2,1,1,0,0
15720814,2,2,0,0,0
15642997,2,1,1,1,0
15693200,7,2,1,0,0
15624596,5,1,0,1,0
15807167,1,2,0,1,0
15660301,6,2,1,1,0
15593094,9,1,1,0,1
15618239,0,1,1,0,0
15574137,3,2,1,1,0
15614740,6,2,1,1,0
15574071,2,2,0,1,0
15671148,5,2,0,0,0
15721921,8,1,1,1,0
15717995,0,2,0,1,0
15632050,10,1,1,0,0
15647111,4,1,1,1,0
15759991,4,1,1,0,0
15790204,9,1,1,0,1
15686780,1,1,0,1,0
15640491,10,2,1,0,0
15783225,9,1,1,0,1
15734438,4,2,1,0,0
15688760,3,1,1,1,0
15768124,3,1,1,0,0
15661330,6,1,1,1,0
15781272,4,3,1,1,1
15573888,1,1,0,0,1
15575858,3,2,1,0,0
15645937,3,1,1,0,0
15702337,7,2,1,1,0
15764537,8,2,1,0,0
15619616,9,2,0,0,0
15585133,8,2,0,0,0
15573971,7,2,0,0,0
15579433,8,2,0,0,0
15777045,3,1,1,0,1
15611580,4,1,1,0,0
15614778,6,2,1,0,0
15771750,10,1,1,0,0
15593280,8,1,1,1,0
15569274,2,1,1,0,1
15654408,5,2,1,0,0
15657468,5,1,1,0,0
15614213,0,1,1,0,0
15589869,9,2,0,1,0
15693205,8,3,1,1,1
15797113,4,2,1,0,0
15676958,5,2,1,1,0
15739592,10,1,0,0,1
15656263,5,2,1,0,0
15636872,8,2,0,0,0
15589435,7,2,1,1,0
15640464,5,1,1,1,0
15723851,2,1,1,0,0
15722122,7,1,0,1,0
15696852,9,1,1,1,1
15634936,7,1,1,1,0
15575935,0,2,0,1,1
15634491,2,2,1,1,0
15628530,3,2,0,0,0
15678720,7,2,1,1,0
15627999,3,2,1,0,0
15571244,3,2,0,1,0
15739931,2,1,1,1,0
15806256,2,1,1,0,1
15787258,6,2,1,0,0
15706463,9,2,1,1,0
15691004,1,1,1,1,1
15792228,0,1,1,0,1
15733447,1,1,1,1,1
15679062,10,2,1,1,0
15594409,1,2,1,1,0
15613816,6,1,0,1,0
15681991,7,1,1,0,0
15796074,2,2,1,0,1
15625941,10,1,1,1,0
15615016,2,2,1,1,0
15748414,8,2,1,0,1
15751203,5,2,1,1,1
15662658,2,2,0,0,0
15574868,5,2,0,0,0
15790282,3,2,1,1,0
15762927,6,1,1,0,0
15803456,9,1,0,0,1
15771857,7,2,1,1,0
15700601,1,1,1,1,0
15569670,6,1,1,1,0
15772341,6,1,1,1,0
15661548,0,1,0,0,0
15787597,1,2,1,1,0
15806913,2,1,1,1,0
15804862,6,1,0,0,0
15792986,1,1,1,0,1
15625632,3,2,0,1,0
15727703,10,1,0,0,0
15606273,5,2,0,0,1
15799652,0,2,0,0,0
15715047,9,1,1,0,1
15784687,1,1,0,0,0
15615322,7,2,1,1,0
15722072,5,1,0,1,0
15646784,2,2,1,1,0
15644692,8,1,1,1,1
15670354,6,2,1,1,0
15716357,4,2,1,1,0
15786717,1,2,0,0,0
15771383,6,1,1,0,0
15649793,7,2,0,0,0
15731543,9,1,1,1,0
15684516,1,1,0,0,0
15677249,9,1,1,1,0
15581525,3,2,1,0,0
15628420,2,1,0,0,0
15600478,3,1,1,0,0
15594502,6,2,1,0,0
15784361,5,1,1,1,0
15767626,10,2,1,1,0
15632521,0,2,1,0,0
15665088,2,2,0,1,0
15652084,0,1,1,1,0
15574761,3,2,1,0,1
15729515,1,2,1,1,0
15682070,9,2,1,1,0
15743817,8,3,1,0,1
15572158,3,1,0,0,0
15584477,1,1,1,1,0
15614893,2,1,1,1,0
15665963,2,1,1,1,0
15612524,2,1,1,0,0
15596962,4,2,1,1,0
15744942,2,1,0,1,1
15573278,6,2,1,0,0
15717056,7,1,1,0,0
15795881,8,1,1,1,0
15758939,7,1,0,1,0
15792250,4,1,1,1,0
15740406,10,1,1,0,1
15768137,6,2,0,0,1
15569120,7,2,1,1,0
15723721,4,1,1,0,0
15777122,4,2,1,1,0
15742681,4,1,1,1,0
15582090,4,1,1,0,0
15711254,7,2,1,0,0
15775067,3,2,0,1,1
15602851,9,1,1,0,0
15802857,8,1,0,1,0
15701175,8,1,1,1,0
15783019,9,3,1,0,1
15728912,6,1,1,0,0
15585580,9,1,1,1,1
15583480,4,2,0,1,0
15620341,9,2,1,0,0
15613886,1,1,1,0,1
15792916,7,1,1,1,0
15710408,3,2,1,1,0
15598695,9,2,0,1,0
15649354,4,2,1,1,0
15737556,7,2,1,1,1
15671610,7,1,1,1,0
15625092,3,1,1,0,1
15741032,5,1,0,1,0
15750014,0,2,1,1,0
15784761,7,3,0,1,1
15768359,4,1,1,0,0
15805769,4,2,1,0,0
15719508,7,4,1,1,1
15609011,8,1,1,0,1
15703106,5,2,1,1,0
15626795,3,1,1,0,1
15773731,5,2,0,0,0
15756196,6,2,0,1,0
15687903,8,2,1,0,0
15777599,6,2,1,1,0
15754577,8,1,1,0,1
15584113,4,1,0,1,1
15669589,1,1,0,1,1
15632793,9,1,1,1,0
15711130,2,2,1,0,0
15615254,10,1,1,0,0
15720583,0,1,1,1,1
15780432,3,2,0,0,1
15673223,10,2,0,0,0
15807989,8,2,1,1,0
15761168,4,1,1,0,1
15651272,5,2,1,1,0
15812832,8,2,1,0,0
15680517,7,1,1,1,1
15750569,3,2,1,0,0
15690743,8,1,1,1,1
15627741,2,2,1,1,0
15712121,5,1,1,0,0
15805429,3,1,0,1,0
15814923,7,1,1,1,0
15589230,2,1,0,1,0
15775490,5,2,1,0,0
15749727,7,2,0,1,0
15619238,8,2,1,0,0
15593468,3,2,1,1,0
15718454,2,2,0,0,0
15789498,3,2,0,0,0
15744691,3,3,1,0,0
15708289,3,1,0,0,0
15790412,8,2,1,1,0
15741416,2,1,1,1,0
15598894,10,1,0,0,0
15663294,1,1,1,1,0
15572728,8,1,1,0,0
15706729,0,1,0,1,0
15674433,2,1,0,0,0
15641170,4,1,0,0,0
15806284,1,2,1,1,0
15690958,2,1,0,1,0
15606386,3,3,1,0,1
15682322,9,2,0,1,0
15579915,4,2,1,0,0
15681928,4,1,1,0,0
15734005,1,2,1,0,0
15650432,10,1,1,1,0
15592578,7,2,0,0,0
15671243,9,2,1,0,0
15775709,10,1,1,0,0
15702631,2,2,1,1,0
15602282,8,1,1,1,1
15717879,5,1,1,1,0
15740878,9,2,0,1,0
15794468,6,2,0,0,0
15773277,5,2,1,0,0
15572657,8,1,0,1,0
15800295,9,2,0,0,0
15672397,0,1,0,0,0
15684921,8,1,1,1,0
15720676,7,2,1,0,0
15731829,10,2,1,0,0
15732672,6,1,1,1,0
15692406,5,2,1,1,0
15764405,10,2,1,1,0
15757537,6,1,1,1,0
15793307,4,3,0,0,1
15660679,9,1,1,0,0
15666856,1,1,1,1,0
15687372,8,2,1,0,1
15667289,2,2,0,0,0
15624641,9,1,1,0,1
15734610,4,3,1,0,1
15631882,9,1,0,0,0
15642709,9,2,0,0,0
15811026,5,2,1,0,0
15596303,0,2,1,0,1
15787255,2,3,1,1,1
15617166,0,1,1,0,0
15742442,5,1,0,1,0
15758692,7,1,0,0,0
15568238,8,2,1,1,0
15730353,9,2,1,0,0
15731555,9,1,0,0,1
15582404,5,2,1,0,0
15721462,2,2,1,1,0
15632899,9,2,0,0,0
15808526,3,1,1,1,1
15694349,7,1,0,1,0
15718465,3,1,1,0,1
15682995,1,1,1,0,0
15584776,9,1,1,0,0
15777772,9,1,1,1,0
15576156,6,1,1,0,0
15646756,8,1,1,1,0
15742886,1,2,0,1,0
15586135,4,1,1,1,0
15616152,1,1,1,0,0
15721460,8,1,0,0,1
15727317,1,3,1,0,1
15649536,4,1,1,0,0
15754929,10,2,0,0,0
15572051,3,1,1,1,0
15668142,3,2,1,1,0
15701176,5,1,1,0,0
15708422,0,2,0,0,0
15655632,2,1,1,0,0
15744606,8,1,0,1,0
15612140,7,1,1,1,0
15656086,8,1,0,1,1
15655298,5,2,0,1,0
15644796,8,2,0,1,1
15726250,3,2,0,1,0
15764432,2,1,1,0,0
15631721,9,2,0,1,0
15707479,7,1,1,0,0
15579826,9,1,1,0,0
15668104,6,1,0,1,0
15641604,10,1,1,0,1
15587240,4,2,0,1,0
15680767,10,2,1,1,0
15601594,6,4,1,0,1
15589969,6,1,0,1,0
15703728,4,1,1,0,1
15617790,4,2,0,0,0
15662500,9,2,1,0,0
15778526,5,2,0,0,0
15670584,2,1,1,1,1
15748069,3,1,1,1,0
15680597,1,1,1,1,0
15628992,2,2,0,0,0
15719624,9,1,1,0,0
15812767,3,2,1,1,0
15689201,1,1,0,1,0
15614716,0,1,1,1,0
15683618,3,1,1,1,0
15799631,10,2,1,1,0
15692259,9,2,1,0,0
15590966,4,2,0,0,0
15656426,3,2,0,0,0
15675256,5,1,0,1,0
15751185,0,1,1,0,0
15789582,9,1,1,0,0
15651103,9,1,1,1,0
15672299,6,2,1,1,0
15772250,9,1,0,0,0
15763922,7,2,1,0,0
15633870,10,2,1,1,0
15624323,4,2,1,1,0
15688612,7,1,0,0,0
15694644,6,1,1,1,0
15587174,7,2,1,1,1
15579559,8,1,1,1,0
15775430,7,2,1,0,0
15623695,4,2,1,1,0
15760849,2,2,1,1,0
15813095,2,2,1,0,0
15705281,9,1,1,0,0
15812594,7,2,1,0,0
15626322,9,2,1,0,0
15723105,6,1,1,1,0
15588449,5,1,0,1,1
15794849,7,2,0,0,0
15620000,6,2,1,1,0
15799720,8,2,0,1,0
15711287,5,1,1,0,0
15613102,2,1,1,1,1
15621440,1,2,0,1,0
15677146,4,2,1,0,0
15801169,9,1,1,0,1
15722425,9,2,1,0,0
15682421,2,2,0,1,1
15691910,4,3,1,0,0
15721779,5,2,0,0,0
15579548,5,2,1,0,0
15681075,1,1,1,1,0
15607884,8,2,1,1,0
15767757,9,1,1,1,0
15791550,4,2,0,0,0
15658589,2,1,1,1,0
15670822,7,1,1,1,0
15629744,8,2,0,1,0
15660768,1,1,0,0,0
15726310,3,2,1,0,0
15641298,9,2,1,0,0
15625675,1,1,1,0,0
15713354,6,1,1,0,1
15633866,1,1,1,1,0
15704231,8,1,1,1,0
15735400,8,1,1,0,0
15632826,3,1,1,0,0
15751022,10,2,1,1,0
15664737,7,2,1,1,0
15681126,2,1,1,1,0
15738954,7,2,0,0,0
15662263,4,2,1,1,0
15621611,5,1,0,1,1
15783752,4,1,1,1,0
15709474,3,2,1,1,1
15701280,3,1,0,1,1
15671104,3,1,1,1,0
15796434,5,1,1,1,0
15781505,4,2,1,0,0
15625819,7,1,1,0,0
15753174,9,3,1,0,1
15654067,4,2,1,0,0
15724719,7,1,1,0,0
15624695,7,1,0,1,0
15718216,3,1,1,0,0
15586300,7,2,1,1,0
15783349,1,1,1,1,0
15725767,3,2,1,0,0
15791925,10,1,0,1,0
15793585,8,2,1,1,0
15576641,5,2,1,1,0
15749519,6,3,1,0,1
15684960,5,1,1,0,1
15591286,4,1,1,1,1
15668323,1,1,1,0,1
15608528,9,4,1,1,1
15645184,2,2,1,0,0
15702566,8,1,1,1,0
15660840,3,1,1,0,0
15750811,3,1,0,0,0
15733842,1,1,1,0,0
15581526,1,2,0,0,0
15662751,0,1,1,1,1
15684319,10,1,1,0,1
15702190,5,2,1,1,0
15588517,7,2,1,1,0
15801863,2,2,1,1,0
15584271,5,1,1,1,0
15700366,3,1,1,1,0
15804038,9,1,0,1,1
15720820,9,2,0,1,0
15743759,5,2,1,1,0
15749947,7,2,1,1,0
15670496,9,2,0,0,0
15746664,8,1,1,0,0
15745533,1,2,1,0,1
15761497,1,1,0,0,1
15628600,1,3,1,1,0
15627002,1,1,1,1,0
15614635,2,1,0,1,0
15731281,3,2,1,1,0
15814022,9,1,1,0,0
15659194,8,1,1,1,0
15745030,1,2,1,0,0
15691817,5,3,0,0,1
15707488,5,2,1,0,0
15784700,7,1,1,1,0
15710397,4,2,1,0,0
15687648,1,2,0,0,0
15732281,6,1,1,0,1
15607230,9,2,1,1,0
15567630,6,1,1,0,1
15587507,6,1,1,0,1
15733904,9,1,1,0,0
15709511,8,2,1,0,0
15579616,8,2,0,1,0
15694852,4,2,1,1,0
15589924,1,2,1,1,0
15799300,0,1,1,0,1
15731330,7,1,1,1,0
15694129,3,1,1,0,1
15620372,3,2,0,0,0
15744622,8,1,1,0,0
15799815,4,1,0,1,0
15759250,3,1,1,1,0
15732643,1,1,1,1,1
15690540,1,1,0,0,0
15803078,1,2,1,0,0
15652180,2,2,1,1,0
15741195,5,1,1,1,0
15743490,9,1,1,0,1
15575510,2,1,0,1,0
15732610,6,2,1,0,0
15602909,10,2,1,1,0
15734058,9,1,1,1,0
15801788,6,1,1,0,0
15702462,6,1,1,1,1
15683416,8,3,1,1,1
15794187,6,2,1,0,0
15792989,1,1,1,1,0
15613734,6,2,1,1,0
15606177,2,2,1,0,0
15636700,9,1,0,1,0
15645766,9,2,1,1,0
15671345,6,2,0,0,0
15652469,1,2,1,0,0
15749638,9,1,1,1,1
15728706,7,1,1,0,1
15735439,1,1,0,0,0
15778696,5,1,1,0,0
15624744,9,1,0,0,1
15584338,0,2,1,0,0
15726178,8,2,1,0,0
15794939,5,2,1,1,0
15788068,10,3,1,0,1
15572956,5,1,1,1,0
15780386,5,1,1,0,0
15791114,1,1,1,0,0
15708046,0,1,1,0,0
15719779,1,2,1,0,0
15591550,3,1,1,0,0
15639368,0,1,0,0,0
15699830,7,2,1,1,0
15569264,5,1,1,1,0
15595158,5,2,1,1,0
15599126,0,1,1,1,1
15650575,6,2,1,1,1
15641490,8,2,1,0,0
15680234,2,1,1,0,0
15592230,3,2,1,1,0
15626212,9,1,1,1,0
15700627,2,1,1,0,1
15782641,3,1,1,0,0
15784445,1,1,0,0,0
15813681,2,2,1,1,0
15596649,8,1,1,0,0
15700460,4,1,0,1,1
15724076,5,3,0,0,1
15784000,9,1,0,0,1
15733966,4,1,1,1,1
15612667,0,1,1,0,0
15654025,4,1,0,0,0
15589431,1,1,1,1,0
15578238,7,2,1,0,0
15566269,5,2,1,0,0
15639217,6,2,0,0,0
15688644,1,1,1,0,0
15662426,1,1,0,1,1
15720511,3,1,1,0,1
15567246,3,2,1,1,0
15647965,9,2,1,1,1
15679048,2,1,1,1,0
15675749,1,2,1,1,0
15782181,6,1,1,0,1
15795738,4,1,1,1,0
15773751,1,1,1,0,0
15655436,2,1,1,1,1
15691396,5,2,1,1,0
15796958,7,2,1,0,0
15801832,1,1,1,1,1
15661349,10,2,1,0,0
15719265,9,2,1,0,0
15779985,1,2,1,1,0
15663410,5,3,1,1,1
15704144,2,2,0,1,0
15774104,2,2,1,1,0
15812230,5,3,1,1,0
15742848,5,1,1,1,0
15745326,3,1,0,0,1
15674541,8,1,0,0,1
15728564,6,2,0,1,1
15580701,3,1,1,0,1
15688973,5,2,1,1,0
15709412,6,2,0,1,0
15607753,10,1,0,1,0
15705352,7,1,1,1,0
15602500,1,1,0,1,0
15672437,1,2,1,1,0
15720968,2,2,1,0,0
15730796,7,1,1,1,0
15768219,0,2,1,0,0
15663883,9,2,1,1,0
15589296,6,1,1,1,0
15586425,4,2,1,1,0
15679813,1,1,1,0,0
15681410,6,1,0,1,1
15668283,9,4,0,0,1
15624072,10,2,1,0,0
15669664,1,1,0,0,1
15682728,4,2,0,0,0
15573851,1,3,0,0,1
15733661,8,2,1,0,0
15710012,2,2,1,0,1
15763327,8,2,1,1,0
15668853,0,1,1,1,0
15639303,5,1,0,1,0
15691011,9,2,1,1,0
15638513,7,2,0,0,0
15648933,3,1,1,1,1
15628904,8,1,1,1,0
15644788,5,2,1,0,0
15598161,10,2,1,0,0
15745624,4,2,1,0,0
15733169,7,1,1,1,0
15801417,4,1,1,1,0
15592707,2,2,1,1,0
15593954,6,1,0,0,0
15714431,1,2,0,1,0
15638257,0,2,1,1,0
15690939,7,1,1,1,0
15723613,4,2,1,0,0
15813640,7,2,1,0,0
15707322,2,1,0,0,1
15588918,6,2,1,0,0
15600357,1,2,1,0,0
15747014,1,1,0,1,0
15809830,8,2,0,1,0
15662245,1,2,1,1,0
15651075,3,1,0,1,0
15594456,4,1,1,1,1
15583462,5,2,1,1,0
15757661,7,2,0,0,0
15729117,1,1,1,1,0
15749671,6,2,1,1,0
15566253,9,1,0,0,1
15595153,8,2,0,0,0
15698572,1,1,1,0,0
15674149,3,2,1,1,0
15623082,2,2,1,0,0
15797905,7,2,1,0,0
15746028,7,2,1,0,0
15582951,8,1,1,0,0
15616471,0,1,1,1,0
15641575,2,1,1,0,0
15638803,5,2,1,0,0
15808283,4,1,1,0,0
15811200,2,2,0,0,0
15733476,6,1,1,1,0
15633274,7,1,1,0,0
15582168,4,2,1,0,0
15807269,2,1,0,0,1
15602979,1,1,1,0,0
15660417,10,1,0,0,1
15590199,1,1,0,1,0
15641794,5,2,0,1,0
15779174,2,2,1,1,0
15785547,8,2,1,0,0
15795124,9,1,0,1,0
15718912,5,1,0,1,1
15592028,7,1,1,1,0
15580227,6,2,1,0,0
15657830,4,2,1,0,0
15798256,1,2,0,0,1
15643819,4,2,0,0,0
15754301,5,1,1,0,0
15726855,9,1,1,0,1
15755225,9,2,1,0,0
15725221,10,1,1,1,0
15789055,2,1,1,0,0
15617507,7,2,1,0,0
15668894,5,2,0,1,0
15589563,2,2,0,0,0
15693162,5,1,0,0,0
15750099,6,1,0,0,0
15795540,2,1,0,1,0
15794941,1,3,1,0,0
15611848,3,1,0,1,0
15581237,1,1,1,1,0
15738150,5,2,1,1,0
15678571,4,2,0,0,0
15736124,1,2,1,1,0
15623202,10,2,1,0,1
15804201,4,1,0,1,0
15596863,3,1,1,1,0
15696277,9,2,1,0,0
15748608,5,1,1,1,0
15723864,1,2,1,0,1
15802390,2,2,1,1,0
15774336,9,2,1,1,0
15648766,3,1,0,0,0
15659094,8,2,0,0,0
15606397,1,1,0,1,1
15642619,2,2,1,0,0
15666032,1,1,0,0,0
15595842,2,1,0,0,1
15753837,4,2,1,1,0
15783882,5,2,0,1,0
15799790,9,1,1,1,0
15628155,7,1,1,1,0
15703778,8,1,0,1,0
15722322,2,2,0,1,0
15639278,6,2,1,1,1
15568487,7,1,1,1,0
15682084,9,2,1,0,0
15642821,8,1,0,0,1
15601387,10,2,1,0,0
15642515,1,2,0,1,0
15710421,8,1,0,0,0
15726774,3,1,0,0,0
15649078,8,2,1,1,0
15641877,9,1,1,1,0
15796496,8,1,1,0,0
15815690,3,1,1,1,0
15631739,10,1,1,1,0
15625584,2,2,0,0,0
15802466,7,2,1,1,0
15697028,0,2,0,1,0
15575759,3,1,1,0,1
15567442,3,2,1,1,0
15746805,9,2,1,0,0
15636330,1,2,1,0,1
15714970,0,1,1,0,0
15653784,2,1,0,1,0
15693543,8,2,0,1,0
15773283,6,1,1,0,1
15742534,2,2,1,1,0
15569878,3,1,1,1,0
15729454,8,2,1,0,0
15578375,6,2,0,0,0
15785559,1,1,1,0,1
15649414,6,1,1,1,0
15701605,1,1,1,0,0
15686696,6,2,1,0,0
15625586,4,1,1,1,0
15654975,0,2,0,1,0
15782993,10,2,1,1,0
15774382,4,1,1,1,0
15689602,2,1,1,1,0
15756155,4,2,0,1,0
15812647,8,2,1,0,0
15736043,6,1,1,1,0
15696744,3,1,0,0,0
15602572,9,2,1,1,0
15674765,4,1,1,0,0
15678725,8,2,0,1,0
15694444,8,3,1,0,1
15795878,3,2,1,1,0
15735346,10,1,1,1,0
15687094,9,2,0,0,0
15790067,3,1,0,0,0
15605742,0,1,1,0,1
15566740,3,1,0,1,0
15664897,2,1,1,1,1
15585777,3,1,1,1,0
15650864,6,2,1,0,0
15806709,6,1,0,0,0
15633818,9,2,1,0,0
15713845,7,1,1,0,1
15639662,2,2,1,0,0
15567013,3,2,1,0,0
15777784,6,1,0,1,0
15800251,10,2,1,0,0
15651315,3,2,1,0,0
15651450,3,2,1,1,0
15784218,0,2,1,1,0
15572398,6,2,1,1,0
15707962,6,2,1,0,0
15705663,5,2,1,1,0
15645355,3,1,1,1,1
15729557,5,1,1,0,1
15631436,4,1,1,0,0
15583073,2,1,1,1,1
15614361,9,1,1,1,0
15724684,5,1,1,0,0
15700083,2,2,1,0,0
15636541,5,1,0,1,0
15796015,3,1,0,1,0
15787222,1,2,1,1,0
15594270,7,2,1,1,0
15701524,0,2,1,0,0
15645847,2,3,1,0,1
15708867,3,3,1,0,1
15613140,6,1,1,1,0
15628893,8,1,1,0,0
15764073,9,2,1,1,0
15782879,2,2,1,1,0
15635964,4,1,1,0,1
15726087,5,1,1,1,0
15726313,5,2,1,0,0
15578073,8,2,0,0,0
15786249,2,2,1,0,0
15812850,5,2,1,1,0
15596972,3,1,0,0,0
15620579,8,2,0,1,0
15768270,9,2,1,0,0
15656597,2,2,1,1,0
15699446,2,2,1,1,0
15615004,1,2,1,1,0
15704771,6,2,1,1,0
15588372,9,1,0,0,1
15681439,10,2,1,0,0
15607509,5,2,1,0,0
15670343,6,2,0,0,0
15597968,7,1,1,0,1
15658432,6,1,1,1,0
15616431,4,1,0,1,0
15796957,9,3,0,1,1
15815552,6,1,1,1,0
15631871,7,1,1,1,0
15635870,5,1,0,1,1
15596713,7,2,1,1,0
15684211,9,1,1,0,0
15760521,1,1,1,1,0
15608408,1,2,1,0,0
15804721,0,1,0,0,0
15730272,5,1,1,1,0
15741988,8,1,1,0,1
15771728,7,3,1,0,0
15605113,1,1,1,1,0
15661945,4,3,1,0,0
15783816,5,2,0,0,0
15721207,6,1,1,0,0
15764072,1,1,1,1,0
15689412,7,1,1,0,0
15798385,3,2,1,1,0
15775339,8,1,1,0,0
15585256,2,2,1,1,0
15797329,4,1,1,0,1
15780220,10,1,1,1,0
15648951,7,2,1,1,0
15752409,6,2,0,0,0
15807524,4,2,0,0,0
15766649,10,1,0,0,0
15696812,6,2,1,1,0
15581295,1,1,1,0,0
15663234,7,1,1,1,0
15741417,7,2,1,1,0
15695174,4,1,1,1,0
15665168,3,2,1,1,0
15601503,4,2,0,0,0
15706131,9,2,1,0,0
15782758,5,1,1,1,0
15591091,5,1,1,0,1
15715877,2,2,1,0,0
15756918,2,2,0,0,0
15746662,1,1,0,1,0
15626679,3,2,0,1,0
15793343,8,2,1,1,0
15576774,7,2,0,0,0
15801316,8,1,1,1,0
15800514,2,2,0,0,1
15662232,2,2,1,0,0
15737778,4,1,1,0,0
15782096,6,1,1,1,1
15783522,8,1,1,1,0
15785373,5,1,1,0,1
15756272,9,1,1,0,1
15615245,5,1,1,1,0
15600174,7,1,0,1,0
15752956,6,2,1,1,0
15644882,10,1,1,0,0
15766272,0,1,1,1,0
15800620,9,2,0,0,0
15569764,2,1,1,0,0
15747458,3,2,1,1,0
15573171,1,1,1,1,1
15736769,9,2,1,0,0
15763381,0,1,0,1,0
15814430,9,1,1,0,1
15638607,2,1,1,0,1
15737133,4,1,1,1,0
15613945,5,2,1,0,0
15659937,7,2,0,1,0
15765287,2,2,1,0,0
15661723,4,1,0,1,1
15766064,9,2,1,0,0
15649616,7,1,1,1,1
15719017,8,2,1,1,0
15720919,7,1,0,1,1
15706706,7,2,0,1,0
15709653,8,2,1,0,0
15805104,6,2,0,1,0
15622442,5,2,1,0,0
15572801,5,2,0,0,0
15767598,8,2,0,0,0
15757897,3,1,1,1,0
15568104,6,2,0,1,0
15763414,9,1,1,0,0
15732265,9,2,1,0,0
15621974,4,2,1,0,0
15803947,6,1,0,0,1
15720706,2,1,1,1,0
15759290,9,2,1,0,0
15651664,1,1,1,0,1
15795132,3,1,0,0,0
15811565,3,1,0,1,1
15713774,6,1,0,0,1
15691840,6,2,0,1,0
15682021,6,2,1,0,0
15612931,4,1,1,1,0
15676707,4,2,1,0,0
15601383,5,1,1,0,0
15662662,6,2,1,0,0
15752694,4,1,0,1,0
15590683,6,1,0,1,0
15773591,7,2,1,1,0
15723620,7,2,0,1,0
15671779,5,2,0,0,0
15672966,9,2,1,1,0
15624667,6,1,1,1,0
15812888,3,4,1,1,1
15724154,4,1,1,0,1
15749540,7,2,1,0,0
15621063,8,1,1,0,0
15661626,6,1,1,0,1
15698703,5,2,1,1,0
15801431,9,1,1,1,0
15649451,9,2,0,1,0
15626156,3,2,1,1,0
15606158,9,1,1,0,0
15589496,5,2,0,0,0
15730345,2,1,1,1,0
15572038,9,1,1,0,1
15643439,10,2,0,1,0
15604158,10,2,1,1,0
15657396,9,2,0,1,0
15709478,1,2,0,1,0
15628824,5,1,0,1,0
15814519,7,2,1,0,0
15636520,1,1,0,0,0
15794414,6,1,1,1,0
15643671,5,2,1,0,1
15700650,3,2,0,0,0
15680224,6,2,1,1,0
15784286,5,1,1,1,0
15693996,1,1,0,0,0
15764343,8,1,1,0,0
15704168,8,1,0,0,1
15680197,10,2,1,1,0
15633729,10,1,1,1,0
15577683,4,2,1,1,0
15800746,7,1,1,1,1
15788686,8,2,1,1,0
15742798,7,1,1,0,1
15596647,8,1,1,1,0
15756070,4,2,0,1,0
15775116,3,2,0,0,0
15575428,2,2,1,1,0
15654074,8,1,1,0,0
15695872,1,1,1,1,0
15568885,8,1,1,0,0
15725036,9,1,0,1,0
15632665,2,1,0,1,1
15571476,0,1,0,0,0
15776850,1,1,1,1,0
15623649,3,2,1,1,0
15751131,7,1,1,1,0
15688128,8,1,0,1,0
15678412,8,1,0,0,0
15770291,8,2,0,0,0
15583392,9,3,1,0,1
15690731,6,1,1,1,0
15697948,3,2,1,1,0
15608328,6,2,0,0,0
15766378,9,2,1,1,0
15600813,9,1,1,1,0
15706217,7,2,1,1,0
15601417,3,2,1,1,0
15610972,4,2,0,0,1
15674620,8,2,0,1,0
15785350,7,1,1,0,0
15749119,3,2,1,1,0
15756535,5,1,1,1,0
15700965,6,2,1,1,0
15791851,0,1,1,1,0
15717156,3,2,1,1,0
15740846,5,1,1,1,0
15573284,2,2,0,0,0
15729083,2,1,0,1,0
15611612,0,1,1,0,0
15694381,8,1,1,0,0
15651737,1,1,0,1,0
15663168,8,1,1,0,0
15643426,8,1,0,0,0
15618245,1,2,1,0,0
15717527,9,1,1,0,0
15793478,8,1,1,0,1
15642248,8,1,1,1,0
15640377,0,2,1,0,0
15723950,2,1,1,1,1
15590327,10,1,1,0,0
15706199,6,1,0,0,0
15671514,8,2,0,1,0
15727041,7,2,1,1,0
15738063,2,2,1,1,0
15711733,4,2,0,1,0
15652320,5,2,0,0,0
15634180,4,2,1,0,0
15694566,10,2,0,0,1
15726103,1,1,1,0,1
15646351,7,2,1,0,0
15730044,6,3,0,1,1
15795186,5,1,1,0,0
15784890,8,2,1,0,0
15694125,5,2,1,1,0
15565891,8,2,1,0,0
15674254,4,2,1,1,0
15775206,10,2,0,0,0
15797627,0,1,0,1,0
15649853,3,1,1,1,1
15610379,9,1,1,1,0
15659800,1,1,0,1,1
15716236,10,2,1,0,0
15672053,2,2,0,0,0
15663933,5,2,1,0,1
15814236,1,1,1,1,0
15583597,1,1,1,1,0
15607395,9,2,1,0,0
15694556,2,1,1,0,1
15744109,4,1,1,1,0
15800688,7,2,0,0,0
15810878,6,1,0,1,0
15587835,3,1,0,1,0
15763515,5,2,1,0,0
15725882,1,2,1,1,0
15788022,4,2,0,1,0
15663917,1,1,0,1,0
15656865,9,1,0,1,0
15667971,6,2,1,1,0
15800366,5,1,1,1,0
15717231,4,1,0,0,0
15643188,7,2,1,0,1
15671351,2,2,1,0,0
15573628,7,1,1,0,1
15698953,1,3,1,1,1
15753888,8,1,1,1,1
15737961,0,2,1,1,0
15801701,9,2,1,1,0
15684419,8,3,1,0,0
15794266,9,1,1,0,0
15810711,4,2,1,1,0
15771270,8,1,1,1,1
15607786,6,1,0,1,0
15624519,9,1,1,0,1
15799910,2,2,1,0,1
15602479,5,1,1,1,0
15617419,10,2,1,1,0
15657603,6,1,1,0,0
15570379,3,1,0,0,1
15772996,0,2,1,1,0
15729574,4,2,1,1,0
15737267,1,1,1,0,1
15799128,9,1,0,1,0
15813327,4,2,1,1,0
15711921,5,2,1,1,0
15654300,9,1,0,1,0
15569945,1,2,1,0,0
15569666,4,1,0,0,1
15681887,0,2,1,1,0
15608873,2,1,0,0,0
15762091,6,1,1,1,0
15722053,3,2,0,1,0
15782100,3,1,0,1,0
15765300,5,3,1,0,1
15743570,5,2,1,1,0
15608541,1,1,1,0,1
15750671,6,2,1,0,0
15813659,7,1,1,0,1
15757867,10,1,1,0,1
15652914,7,1,0,1,0
15723818,4,2,1,0,0
15713819,3,1,1,1,0
15656484,4,2,1,1,0
15778515,3,1,0,0,0
15803840,9,2,0,0,0
15735339,4,1,1,0,0
15600392,8,2,0,1,1
15625740,3,2,1,1,0
15663817,5,1,1,1,0
15734461,2,1,0,1,0
15780142,2,1,1,0,0
15709920,2,1,0,0,1
15684248,7,2,0,1,0
15643158,9,1,1,0,1
15693902,2,2,1,1,0
15578307,6,2,1,1,0
15585379,2,1,1,0,0
15758510,6,2,0,0,0
15692918,10,1,1,1,0
15705301,6,2,1,1,0
15718231,0,2,1,1,0
15567991,0,2,0,1,0
15772650,9,1,0,1,1
15574795,2,1,1,1,0
15706036,10,2,1,1,0
15723856,3,2,1,1,0
15812920,5,1,0,1,0
15691287,0,1,1,0,1
15804797,3,1,1,1,1
15708650,2,2,0,1,0
15712777,4,1,1,0,0
15786469,1,2,1,0,0
15669219,3,1,1,0,0
15641004,10,1,0,1,0
15648067,1,2,1,0,0
15704014,7,2,1,0,0
15645136,1,1,1,0,0
15709604,2,1,1,0,0
15713637,2,1,1,0,0
15793901,2,2,0,0,0
15569759,4,3,1,0,0
15712930,1,1,0,0,0
15586504,9,2,1,0,0
15677317,4,1,1,1,1
15664270,6,4,1,0,1
15731519,5,2,1,0,0
15745623,4,1,0,0,0
15813862,7,2,1,1,0
15641934,9,1,1,0,1
15713043,6,2,1,1,0
15700749,6,1,1,1,0
15697567,4,2,1,1,0
15715414,6,1,0,0,0
15639530,2,1,1,1,0
15726058,7,2,0,1,0
15725665,10,2,1,0,1
15698872,2,2,0,0,0
15812184,1,1,1,0,0
15742609,2,1,0,1,0
15815043,8,2,1,0,0
15640648,6,2,0,1,0
15627203,10,1,1,1,0
15786196,3,3,1,0,1
15612095,9,1,1,0,1
15674368,1,2,0,1,0
15783477,8,1,0,1,0
15757559,7,2,1,0,1
15591036,3,1,0,0,1
15761241,8,1,1,1,0
15695078,3,2,1,1,0
15645744,5,2,0,1,0
15566988,7,1,1,0,1
15749300,2,1,1,1,0
15594340,4,1,1,0,1
15607065,9,1,0,0,0
15778089,2,2,0,0,0
15773723,9,1,1,1,1
15697035,8,2,0,0,0
15679668,7,1,0,1,0
15709861,4,2,1,1,0
15791958,6,2,1,1,1
15791030,0,2,1,0,0
15695339,0,1,1,0,1
15658813,7,2,1,1,0
15715709,4,1,0,1,0
15722533,3,2,0,1,0
15683118,9,2,1,0,0
15672798,7,1,1,1,0
15680112,7,1,1,0,0
15714575,8,1,0,1,1
15806808,8,3,1,0,1
15590637,7,2,0,1,0
15657535,10,1,1,1,1
15696141,7,1,1,0,0
15811947,0,1,0,1,0
15649024,9,1,1,1,1
15594928,4,1,1,0,0
15765532,6,1,1,1,0
15741719,3,1,0,1,0
15665629,7,2,1,0,0
15728917,6,1,1,0,1
15762993,5,2,0,1,0
15571193,0,1,1,1,1
15653521,7,1,1,1,0
15802220,6,1,0,0,0
15644132,9,1,1,1,0
15600832,9,1,1,0,0
15797919,2,2,1,0,0
15603743,1,1,0,1,0
15579714,7,2,0,1,0
15634295,1,1,0,0,0
15786680,5,2,1,0,0
15623499,9,1,0,0,1
15691823,5,1,1,1,0
15809279,8,1,1,1,0
15758039,6,2,0,1,0
15807163,10,1,0,0,1
15631639,6,1,0,1,0
15713770,3,1,1,0,0
15698167,0,2,0,0,0
15781710,7,2,1,0,0
15801296,7,2,1,0,0
15704378,9,1,1,1,0
15767891,6,2,1,0,0
15640667,4,2,1,0,0
15702145,7,1,1,1,0
15679738,8,1,1,0,1
15636634,7,1,1,0,0
15809227,2,2,1,1,0
15601811,10,1,0,0,1
15625494,9,2,1,1,0
15723737,3,1,1,0,0
15682955,2,1,1,1,0
15758856,7,2,0,0,0
15746065,10,2,1,1,0
15783865,5,1,1,1,0
15745455,4,2,1,1,0
15583033,4,2,0,1,0
15644212,0,2,1,0,0
15735688,6,1,0,0,0
15658577,10,3,0,1,1
15606887,5,1,1,0,1
15783026,2,1,1,0,0
15579892,7,1,1,1,0
15802088,10,1,1,1,0
15589323,9,2,0,1,0
15636395,5,2,1,0,0
15712772,3,1,1,1,0
15700937,5,2,1,1,0
15766659,5,2,1,0,0
15814033,1,2,1,0,0
15783007,1,1,1,1,1
15654183,3,2,1,0,0
15609899,4,1,1,0,0
15747323,9,1,1,0,1
15582591,4,1,1,1,0
15738835,7,2,0,0,0
15782404,2,1,0,0,0
15697480,7,2,0,1,0
15697045,9,2,0,1,0
15781234,2,1,1,0,0
15579891,4,1,1,1,0
15805690,7,1,1,0,1
15612139,0,1,0,1,1
15568834,6,2,0,0,0
15709917,3,1,0,0,0
15718843,1,1,1,0,0
15799494,3,2,0,1,0
15673439,5,2,1,1,1
15669011,9,1,0,1,1
15581388,8,1,1,0,0
15743153,2,2,1,1,0
15579787,4,2,1,0,0
15759966,5,2,1,0,0
15601045,8,2,0,0,0
15764021,1,2,1,0,0
15687218,4,1,0,1,0
15626452,5,2,1,1,0
15700964,7,1,1,1,0
15768887,5,2,0,1,0
15735358,4,1,1,1,0
15749472,8,1,1,0,0
15685872,1,1,1,1,0
15760851,6,2,1,0,0
15734588,0,2,1,1,0
15784594,1,2,1,1,0
15606435,2,2,0,1,0
15790247,9,2,1,1,0
15676433,6,1,0,0,0
15625905,0,2,1,0,0
15626414,6,1,1,0,0
15623220,4,2,1,0,0
15752857,1,2,0,0,0
15677908,4,2,0,0,0
15773013,0,1,1,1,1
15623972,9,1,0,1,0
15738627,6,2,1,1,0
15643392,4,1,1,1,0
15684868,9,1,1,0,1
15627854,3,2,1,1,0
15669253,7,2,1,0,1
15758023,5,1,0,0,1
15574558,8,2,1,1,0
15635256,7,1,1,1,0
15680399,2,2,1,0,0
15674720,7,1,1,1,1
15580249,0,1,0,0,0
15675431,6,2,0,0,0
15698285,4,1,1,1,0
15810775,2,2,1,1,0
15678173,4,2,0,1,0
15665222,8,1,1,0,0
15803908,9,2,1,1,0
15586039,5,2,1,1,0
15802570,5,2,1,1,0
15781451,3,2,0,0,0
15721019,3,1,1,0,0
15738588,2,1,0,0,0
15730657,4,1,0,1,0
15739292,9,1,1,1,0
15725945,2,1,0,0,1
15813159,8,1,0,1,1
15636820,8,1,1,0,0
15603880,1,1,1,1,1
15619494,9,1,1,1,0
15596992,7,1,1,0,1
15735025,3,2,1,1,0
15730759,9,1,1,0,1
15752912,7,2,1,0,0
15711316,2,2,1,1,0
15738785,7,2,0,1,0
15777896,2,1,0,1,0
15628963,3,2,1,1,0
15742126,7,2,1,1,0
15575623,10,1,1,0,0
15741652,8,1,1,1,0
15738884,4,1,1,0,0
15615050,9,2,1,1,1
15803005,5,1,0,1,0
15743498,9,1,1,0,1
15720463,2,2,1,0,0
15588695,6,1,1,1,1
15665802,6,2,1,1,0
15571144,10,2,0,1,0
15750731,9,1,1,0,1
15605134,0,2,1,0,0
15626044,3,2,1,1,0
15737910,5,2,1,0,0
15761076,3,2,1,1,0
15710105,3,1,1,1,1
15577402,9,2,0,1,0
15803337,9,1,1,0,0
15654372,1,2,1,0,0
15585867,2,2,0,1,0
15662488,5,2,1,0,1
15604813,7,2,0,1,0
15611644,0,1,0,1,0
15674928,2,2,1,0,0
15656100,5,1,0,0,0
15764293,1,2,1,1,0
15636423,7,1,1,1,0
15607629,8,2,1,0,0
15577313,3,1,1,0,1
15714493,6,2,1,1,0
15643359,7,1,0,1,0
15687913,7,1,0,1,0
15790935,5,2,0,1,0
15708693,2,2,1,0,0
15672016,1,2,0,1,0
15727605,4,2,0,1,0
15651144,2,2,0,0,0
15749401,9,3,1,1,1
15691874,9,1,1,0,0
15620735,4,2,1,0,0
15769781,8,2,1,1,0
15624611,8,2,1,1,0
15773071,6,1,1,1,0
15720371,3,1,1,0,1
15717984,9,1,1,0,1
15806407,4,2,1,0,0
15785042,8,1,0,0,0
15809302,1,2,1,1,0
15677550,1,2,1,0,0
15654096,10,2,1,0,0
15617320,3,1,1,0,0
15653065,7,2,1,0,0
15649112,3,2,0,1,0
15690526,2,2,1,0,0
15806945,9,1,1,0,0
15670066,6,2,1,1,0
15625761,8,4,1,0,1
15761525,10,2,0,0,0
15735080,2,1,1,1,0
15619537,5,2,1,1,0
15598162,3,1,1,1,0
15694300,4,2,1,0,0
15637235,8,2,0,0,0
15612444,3,2,1,0,0
15626457,0,1,1,0,0
15627995,5,1,0,1,1
15706128,1,2,1,0,0
15666430,8,2,0,0,0
15627385,5,1,1,1,0
15581323,7,2,1,0,0
15608109,7,2,0,1,0
15801942,8,3,1,1,1
15567431,2,1,0,1,0
15810167,7,1,0,1,0
15644501,10,1,1,1,0
15785290,9,1,1,0,0
15611157,2,1,1,0,0
15673837,3,1,1,1,0
15656822,5,4,1,1,1
15580560,1,1,1,1,0
15760641,1,1,0,1,0
15587584,4,2,1,1,0
15604146,8,2,1,1,0
15813974,3,1,0,0,1
15746986,4,2,0,0,0
15759741,4,1,1,1,0
15734892,4,2,1,1,0
15797194,10,2,1,0,0
15723786,9,2,1,0,0
15642726,3,1,0,0,0
15664339,4,2,0,0,1
15754526,6,1,1,1,0
15703037,5,1,0,1,1
15751412,3,1,0,1,0
15609558,5,2,1,1,1
15572408,3,2,1,0,0
15613923,4,1,0,1,0
15747000,3,2,1,1,0
15731781,7,2,1,0,0
15727198,2,2,0,0,0
15794273,0,1,0,1,0
15804950,7,2,1,1,0
15576304,5,1,1,1,0
15645200,2,1,1,0,1
15779627,0,1,1,1,0
15750755,8,2,0,0,0
15569654,3,1,0,0,0
15753079,5,3,0,0,0
15684995,8,1,0,1,0
15790763,2,2,1,0,0
15766458,1,1,1,0,0
15616221,4,1,0,0,1
15776124,7,1,0,1,0
15665811,9,1,1,0,0
15729804,10,2,1,1,0
15714062,9,1,0,0,1
15592197,3,2,1,0,0
15793116,7,1,0,0,0
15638231,2,2,1,1,0
15697678,6,2,1,1,0
15800412,9,2,1,1,0
15597610,6,1,1,1,0
15726634,1,1,1,0,0
15670866,2,2,1,1,0
15667462,10,2,1,0,0
15662574,1,1,1,0,0
15716926,10,2,1,0,0
15603554,0,3,1,0,1
15716800,2,2,1,1,0
15679429,0,1,1,1,0
15616122,8,2,1,1,0
15742172,9,2,1,0,0
15792305,6,3,0,1,1
15636016,3,1,1,1,0
15733138,5,1,1,1,0
15669741,7,1,1,0,0
15616954,4,2,0,1,0
15729238,1,1,1,1,1
15718242,1,1,0,0,1
15682914,2,1,1,1,0
15654274,6,2,1,0,0
15691457,2,2,1,1,0
15719649,3,1,0,0,0
15778897,1,2,1,1,0
15589437,3,1,1,1,0
15682369,6,1,1,1,0
15626507,1,1,1,0,0
15571995,1,2,1,1,0
15673333,8,1,1,1,0
15748752,1,2,1,0,0
15725302,4,2,1,0,0
15722083,8,2,0,0,0
15771442,4,1,0,1,1
15803633,1,2,0,0,0
15672185,3,2,1,0,0
15806486,0,2,0,0,0
15570895,10,1,1,0,0
15614520,8,1,1,0,0
15687492,3,2,0,0,0
15675337,5,1,1,1,1
15721047,1,1,1,0,0
15589017,4,3,1,0,1
15611186,1,1,1,1,1
15617301,9,1,1,0,0
15726046,2,1,1,0,0
15585748,9,2,1,1,0
15672826,10,2,1,1,0
15595162,8,1,0,0,0
15650026,1,2,0,1,1
15745826,3,2,1,1,0
15708610,9,2,0,0,0
15624471,6,2,1,0,0
15590097,7,1,1,0,0
15689328,9,1,0,0,1
15582154,5,1,1,1,0
15734626,1,2,1,1,0
15702806,9,1,0,0,0
15620756,6,1,1,1,1
15611331,1,1,1,1,1
15576935,2,2,0,1,1
15661275,3,1,1,0,1
15814940,9,2,1,1,0
15768471,6,1,1,0,1
15697391,3,2,1,0,0
15793346,3,2,1,1,0
15608338,9,4,1,0,1
15578546,4,1,1,1,0
15656921,4,2,0,0,0
15761340,5,2,1,1,0
15591135,2,2,1,0,0
15623219,8,1,1,0,1
15655229,7,1,0,1,0
15805884,9,2,1,0,0
15668289,2,1,0,1,0
15568562,8,1,1,0,0
15773276,4,1,1,0,1
15622801,8,1,1,1,0
15779886,7,2,0,0,0
15713673,1,1,0,1,0
15783083,9,2,1,0,0
15742824,7,1,1,0,0
15621550,1,3,0,0,1
15799480,0,2,0,1,0
15625247,1,1,0,0,0
15755241,2,1,0,1,1
15575679,7,1,1,0,0
15668235,3,1,1,1,0
15683183,6,1,1,0,0
15684592,4,2,0,1,0
15591169,4,1,1,0,1
15653455,2,2,0,1,0
15732563,7,2,1,1,0
15656471,9,2,1,1,0
15598510,4,2,1,1,0
15766427,5,2,1,0,1
15785342,9,2,0,1,0
15641595,4,2,1,0,0
15798429,8,2,1,1,0
15648136,9,1,1,0,0
15812482,3,1,1,0,0
15790810,10,1,1,1,1
15687421,9,1,1,0,1
15765643,6,2,0,1,0
15654878,7,1,1,1,0
15686835,9,1,0,0,1
15768340,3,1,1,1,0
15673599,5,1,0,1,0
15689096,0,1,1,1,0
15684294,2,2,0,1,0
15615828,8,1,0,0,0
15746012,0,2,1,1,1
15615797,5,1,1,1,1
15788494,8,1,1,0,0
15793856,3,2,1,1,0
15629545,7,1,0,0,0
15661198,2,1,1,1,0
15715117,6,1,0,0,0
15701074,8,1,1,1,0
15793046,4,1,1,1,0
15623744,8,1,1,1,0
15611329,6,2,1,1,0
15740428,1,2,0,0,0
15781534,4,1,0,0,0
15618243,1,1,1,1,0
15784161,8,1,0,0,0
15700325,8,1,1,0,0
15659064,8,2,1,1,0
15658364,1,1,1,1,0
15704340,10,1,1,0,0
15793455,6,1,0,0,1
15579777,3,2,1,0,0
15632345,4,2,1,0,0
15814468,1,1,0,1,1
15754820,8,2,1,1,0
15707505,8,2,1,0,0
15699507,7,2,0,1,0
15799600,1,1,0,1,0
15794472,3,2,0,0,0
15646632,9,2,1,0,0
15676353,8,1,1,1,0
15566312,5,3,1,1,1
15570414,4,1,0,0,0
15776743,9,2,1,1,0
15674637,3,1,0,1,0
15730418,2,2,1,0,0
15739972,9,3,1,0,1
15661591,1,2,1,1,0
15675585,0,2,1,1,0
15814750,8,2,1,1,0
15593454,4,1,1,0,0
15663421,6,2,1,0,0
15576196,5,2,0,0,1
15677324,9,1,1,1,0
15568742,9,1,1,0,0
15693764,0,1,1,0,1
15714260,2,2,0,0,0
15798200,2,3,1,1,0
15656627,5,2,1,1,0
15791111,2,2,1,0,0
15638269,2,2,0,1,0
15807473,1,2,1,1,0
15708534,5,1,1,0,1
15640686,5,1,1,0,1
15588904,9,1,1,0,1
15768763,2,1,0,1,1
15770543,7,1,1,0,0
15642162,1,1,1,0,1
15714046,3,2,1,1,0
15575060,5,2,1,0,0
15812040,6,1,0,0,0
15812073,7,2,1,1,0
15706810,1,2,0,1,0
15584090,7,2,0,1,1
15810807,9,2,1,0,0
15582033,3,1,1,0,1
15687607,9,1,0,1,0
15588406,7,2,1,0,0
15784099,5,1,1,0,0
15701352,3,2,1,0,0
15789371,4,2,1,1,0
15602845,2,2,1,0,0
15707918,0,2,1,0,0
15602812,2,2,0,1,0
15675888,9,1,1,1,0
15591822,9,1,1,0,0
15738501,9,1,0,1,1
15585907,5,2,0,0,0
15579040,10,2,0,0,0
15804211,3,1,1,1,0
15736126,0,1,1,1,1
15745399,2,1,1,0,1
15760749,7,1,0,1,0
15637118,4,1,1,0,0
15657829,8,1,1,0,1
15738497,4,2,1,0,0
15690695,9,2,1,1,0
15762351,1,2,1,1,0
15791172,1,1,1,0,0
15598982,5,1,0,1,1
15734765,4,1,0,1,0
15642912,2,1,0,0,0
15769516,9,2,1,0,0
15789379,6,1,1,0,0
15695103,6,2,1,1,0
15801924,8,2,0,0,0
15767804,6,2,1,0,0
15718039,0,2,0,1,0
15579994,8,1,1,1,0
15595037,9,1,0,1,0
15600720,8,1,1,0,0
15782608,5,2,0,0,1
15566894,3,1,0,0,0
15749123,7,1,1,0,0
15668943,2,2,1,0,0
15577423,5,1,1,0,1
15623102,6,2,0,1,0
15728012,3,1,1,0,0
15683363,1,1,0,1,0
15699335,3,2,1,1,0
15574369,5,1,1,1,0
15703167,8,2,1,0,0
15754874,4,1,1,0,0
15723216,2,1,1,1,0
15725094,4,1,1,1,0
15647974,3,2,1,0,0
15583371,1,1,1,0,1
15772559,10,1,0,1,1
15711251,1,1,1,0,0
15719212,5,1,1,0,0
15764927,3,1,0,1,0
15731412,6,1,1,1,0
15719170,1,1,1,1,0
15596011,9,1,1,1,0
15614834,3,1,0,1,0
15600510,6,2,1,0,0
15625706,2,2,0,0,1
15781409,6,1,1,0,0
15722583,6,2,1,1,0
15677243,5,2,1,0,0
15815070,5,2,0,0,0
15705899,0,1,1,1,0
15701522,9,2,0,1,0
15755978,10,2,1,0,0
15722090,6,1,1,1,0
15783526,1,1,1,1,0
15632125,5,1,1,1,0
15688395,4,2,0,0,0
15666975,4,1,1,0,0
15682211,1,2,1,1,0
15637411,1,2,0,1,0
15591512,2,1,0,1,1
15606855,6,2,1,1,0
15763683,4,1,1,1,1
15641782,7,1,0,1,1
15677184,6,1,0,1,0
15775042,4,2,1,0,0
15616630,5,1,1,0,0
15800233,5,2,1,0,0
15588419,10,1,1,0,1
15595557,8,2,1,0,0
15626143,2,2,1,1,0
15566030,5,1,0,0,1
15701412,4,2,0,0,0
15702464,4,2,0,0,0
15573348,9,1,1,1,0
15704160,5,1,1,0,1
15693704,6,2,0,1,0
15664752,8,2,1,0,0
15628292,4,2,1,1,0
15621195,3,2,1,0,0
15668629,2,2,1,0,0
15635197,5,1,1,1,0
15592761,5,2,0,0,0
15574283,2,2,0,1,0
15598097,9,2,1,0,0
15711352,3,2,1,1,0
15620751,2,2,1,0,0
15656717,6,2,0,0,0
15643121,5,2,0,0,0
15723671,9,1,1,0,0
15752846,7,2,1,1,0
15640852,5,3,1,0,1
15789313,4,2,1,0,1
15793688,9,1,1,0,1
15770405,5,1,1,0,0
15702561,9,1,1,1,0
15625964,5,1,0,0,0
15761364,9,2,1,0,0
15590286,2,1,1,0,0
15587978,6,1,0,1,0
15773242,1,2,1,1,0
15761053,2,1,0,0,1
15702095,1,1,1,0,1
15764253,6,1,1,0,0
15700801,6,3,0,1,1
15730590,1,2,0,0,0
15643916,8,1,1,1,1
15720636,4,1,0,1,1
15795429,7,2,1,1,0
15609254,9,2,1,1,0
15625141,7,2,0,0,0
15810898,2,2,0,1,0
15775797,7,3,0,1,0
15795246,9,2,1,1,0
15795275,4,2,0,0,1
15571869,4,1,0,0,1
15694143,10,1,1,0,0
15748231,4,2,1,0,0
15632185,1,2,1,0,0
15806249,4,2,0,1,0
15743293,1,3,1,1,1
15598157,4,1,1,0,0
15700946,7,1,1,1,0
15722692,3,1,1,0,0
15696506,9,1,0,0,0
15728823,10,2,1,0,0
15808851,9,1,0,1,0
15675231,8,2,1,1,0
15732299,4,3,1,1,0
15706269,8,2,1,1,0
15590078,9,1,1,1,0
15776985,6,2,0,1,0
15756743,7,1,1,0,0
15782364,3,1,0,0,0
15604093,4,2,1,1,1
15749328,1,2,1,0,1
15656322,3,1,1,0,0
15685564,5,1,1,1,0
15785831,7,1,1,1,0
15796218,1,2,1,1,0
15716218,3,1,0,1,0
15572735,2,2,1,1,0
15633840,0,2,1,1,0
15608760,4,1,1,1,0
15627848,7,2,1,0,0
15792029,6,2,1,0,0
15617331,3,1,1,1,1
15651740,5,2,0,1,0
15636407,5,1,1,0,0
15607526,1,1,1,0,1
15632576,4,1,1,0,0
15581505,5,2,1,0,0
15612207,1,1,0,1,1
15707242,5,2,0,0,0
15721937,0,1,0,1,0
15773852,4,2,1,1,0
15719778,1,2,1,0,0
15650538,7,1,1,0,1
15797475,3,1,1,0,1
15780359,4,1,1,1,0
15737104,0,2,1,1,1
15789936,2,2,1,0,0
15709523,0,2,1,1,0
15593425,1,1,0,0,1
15776725,8,1,1,1,0
15604706,1,1,1,0,1
15790958,4,2,1,1,0
15747534,10,1,1,0,1
15574237,8,2,1,1,0
15690332,3,1,1,1,0
15661290,9,1,0,0,0
15651883,6,1,1,0,1
15808905,5,1,1,1,0
15715532,4,1,0,1,0
15786078,9,2,1,0,0
15652401,7,2,0,0,0
15673074,6,1,1,1,0
15598744,6,1,1,1,1
15785975,7,2,0,1,0
15613180,8,1,1,1,0
15584229,9,1,1,1,0
15773804,5,1,1,0,0
15699515,7,2,1,1,0
15705313,2,1,1,1,0
15693817,5,2,1,0,0
15673790,7,2,0,1,0
15674868,0,2,1,1,0
15692110,7,1,1,0,0
15645904,6,2,0,1,0
15581332,1,2,1,1,0
15808544,3,1,0,0,1
15734948,7,2,0,0,0
15654531,5,2,0,0,1
15637774,5,1,0,0,0
15677141,2,1,1,1,0
15739578,6,1,1,0,1
15697360,2,1,0,1,1
15655213,8,1,1,1,1
15580872,1,2,1,0,0
15683213,10,2,0,1,0
15801188,6,1,0,1,0
15645029,5,2,1,0,0
15633181,6,2,0,1,0
15598259,9,1,1,0,0
15576000,6,1,1,1,0
15766047,2,1,1,1,0
15596339,3,1,0,1,0
15715199,5,2,0,1,0
15615938,3,1,0,1,0
15679991,7,2,0,1,0
15626135,1,1,1,0,0
15792934,8,2,0,0,0
15744046,8,2,1,1,0
15700826,1,2,0,1,0
15756301,3,1,0,1,0
15586517,5,1,1,1,0
15751297,5,2,1,0,0
15710365,0,2,1,0,1
15679307,1,1,0,1,0
15610753,3,1,1,1,0
15811036,7,1,0,1,0
15610912,6,1,1,0,0
15619932,7,1,0,1,0
15746199,6,1,1,1,1
15584967,6,2,1,1,0
15734365,5,2,0,1,0
15726960,3,2,1,1,0
15665177,3,2,0,1,0
15779915,5,1,1,0,0
15729110,7,2,1,0,1
15575399,1,2,1,0,0
15678374,5,2,1,1,0
15792679,2,2,1,1,0
15668767,3,2,1,0,0
15761886,4,1,1,1,0
15583076,6,2,1,0,0
15815615,5,1,1,1,0
15591942,7,2,1,1,0
15724924,6,1,0,1,0
15762123,1,2,1,0,0
15567893,3,2,1,0,0
15648989,4,1,1,0,0
15662021,2,2,0,0,0
15691627,8,1,1,1,0
15731751,1,1,0,1,0
15635277,7,1,1,0,0
15655252,10,1,1,1,0
15803941,10,1,0,0,0
15714380,5,2,0,0,0
15666559,8,2,1,1,0
15799998,8,1,0,0,0
15703763,7,1,1,1,0
15795640,1,2,0,0,0
15780056,4,1,1,0,0
15777873,5,1,0,0,1
15584749,4,1,1,0,0
15765258,5,2,1,1,0
15623346,4,2,1,0,0
15614054,1,2,0,1,0
15766185,4,1,1,1,0
15667632,7,2,0,1,0
15599024,8,2,0,1,0
15798709,3,1,0,1,0
15741921,8,2,1,1,0
15793671,5,1,1,0,0
15797900,9,1,0,0,1
15667932,10,2,1,1,0
15795933,3,2,1,1,0
15660403,0,2,0,1,0
15736299,8,1,0,0,0
15759034,2,1,1,0,0
15724663,5,2,0,0,0
15594556,8,2,1,1,0
15737169,8,1,1,1,0
15632472,1,1,0,1,0
15722813,4,1,1,0,0
15588450,8,1,1,1,0
15736717,7,1,1,1,0
15680683,5,2,1,0,0
15710316,5,1,1,1,0
15746333,3,3,1,0,1
15606861,8,2,1,0,0
15641285,3,1,0,1,0
15662908,7,2,1,1,0
15814267,6,1,1,1,0
15614923,7,1,0,1,0
15579223,8,1,1,0,0
15651389,8,1,0,1,0
15677087,5,1,0,0,0
15665784,9,1,1,0,0
15576706,9,1,0,1,0
15615473,2,2,0,0,0
15587299,3,1,1,0,0
15655389,1,1,1,1,0
15784491,6,1,0,0,0
15809999,3,2,1,0,0
15681115,10,1,1,1,0
15629390,7,1,1,0,0
15792668,7,2,1,0,1
15583863,8,1,0,0,1
15681878,3,2,1,1,1
15782875,5,2,1,1,0
15732235,0,1,0,1,0
15735909,8,1,1,0,1
15653448,7,2,1,1,0
15587647,0,1,0,1,1
15701037,2,2,1,0,0
15727499,3,2,0,0,0
15724838,4,1,1,0,0
15666711,0,3,0,1,1
15588933,3,1,1,1,0
15763111,10,1,0,1,0
15805676,4,2,1,0,0
15586674,5,1,0,1,1
15744553,2,1,1,0,0
15776629,4,2,0,0,0
15647207,7,2,1,0,0
15715638,3,2,0,1,0
15750602,5,1,1,0,0
15766810,2,2,0,1,0
15756625,8,2,1,0,1
15639552,8,1,0,0,0
15633213,8,1,0,0,1
15610416,9,1,1,0,1
15715208,10,1,1,1,0
15619608,10,1,1,0,1
15628697,9,1,0,1,0
15643826,4,2,1,1,0
15718588,9,2,0,0,0
15709741,4,1,1,0,0
15723318,0,3,0,0,1
15717328,4,2,1,0,1
15771299,1,1,1,1,1
15706223,2,2,1,1,0
15612358,9,2,1,1,0
15769191,8,2,1,1,0
15618816,2,1,0,1,0
15730810,9,1,1,1,0
15783463,1,2,1,0,0
15616213,9,1,1,0,1
15611287,4,2,0,1,0
15786454,3,1,1,1,0
15768682,3,1,1,1,0
15766172,3,1,1,0,0
15637646,10,1,0,0,0
15653404,9,1,0,1,0
15690546,2,4,0,0,1
15735636,2,1,1,1,1
15605424,7,1,1,0,0
15568449,7,1,1,1,0
15688085,3,1,0,1,0
15683483,3,2,1,1,0
15659567,9,2,1,1,1
15766667,2,2,0,1,0
15624975,1,1,0,1,0
15660878,1,2,1,1,0
15586557,5,1,0,1,0
15746183,4,2,1,1,0
15631457,5,1,0,1,0
15754053,7,3,1,1,0
15645839,6,1,1,1,0
15689955,7,2,1,0,0
15593510,5,1,1,1,1
15654964,7,1,1,0,0
15594039,6,2,1,0,0
15625929,7,1,0,0,0
15815295,2,1,1,0,0
15621818,7,1,1,1,0
15652700,6,2,1,1,0
15636860,4,1,1,0,0
15569432,9,2,1,1,1
15751455,5,1,1,0,1
15800583,8,1,0,0,0
15770214,7,2,1,0,0
15613463,6,2,1,1,0
15587066,2,1,0,0,1
15693752,2,2,1,1,0
15714874,3,2,1,1,0
15657809,10,3,1,1,1
15651955,4,2,0,1,0
15570912,9,2,1,1,0
15640266,5,1,1,1,0
15652069,1,2,1,0,0
15596074,10,1,1,1,0
15800268,6,1,0,1,0
15809847,0,2,0,0,0
15599074,6,1,0,1,0
15599591,7,2,1,0,0
15776096,3,1,0,1,0
15611669,7,1,0,1,1
15694098,9,1,1,1,0
15713347,6,1,1,0,0
15713094,8,2,1,1,0
15811978,2,1,1,1,0
15799925,6,2,1,1,0
15692575,6,1,1,0,1
15743149,8,1,1,1,0
15776947,8,1,1,0,1
15700656,9,2,0,0,0
15594515,7,2,0,0,1
15787884,7,2,1,1,0
15577988,1,2,1,1,0
15795586,1,1,1,0,0
15677739,6,2,1,0,0
15720134,9,2,1,1,0
15688868,5,1,0,0,0
15642996,9,2,1,0,0
15771222,5,2,0,0,0
15605059,3,1,1,0,1
15568088,3,1,1,0,0
15665943,6,2,1,0,0
15795571,0,1,0,1,0
15662243,5,1,0,0,1
15593128,10,2,1,0,1
15589739,3,1,1,1,0
15787602,5,2,1,1,0
15685019,3,1,1,0,0
15704209,7,2,0,1,1
15605264,0,2,1,1,0
15708265,10,1,1,1,1
15740264,9,2,1,0,0
15615477,1,2,0,0,0
15727361,1,2,1,1,0
15760216,10,1,1,0,1
15806134,9,2,1,0,0
15601351,9,1,1,1,0
15669262,9,2,0,0,0
15696989,8,3,0,0,1
15688498,2,2,1,0,0
15686964,10,1,0,0,0
15625035,8,2,1,1,0
15618391,6,2,1,1,0
15591344,6,2,1,1,0
15605455,9,2,1,0,0
15680804,6,2,1,1,0
15768282,6,2,1,1,0
15685826,7,1,1,0,0
15793491,3,2,1,0,0
15797787,1,1,1,0,0
15611171,1,1,1,1,0
15601627,8,1,0,0,0
15734085,5,1,1,1,0
15809309,5,1,0,1,0
15809462,3,2,0,1,0
15634628,1,2,0,0,0
15775678,1,1,1,1,0
15579526,1,1,1,1,0
15779103,9,2,1,0,0
15738715,4,3,1,0,1
15593943,1,1,1,1,0
15754574,5,2,1,1,0
15737814,2,1,1,0,1
15670889,1,1,1,1,0
15629299,1,1,1,1,1
15771569,4,1,1,1,0
15811927,3,1,0,0,0
15785654,6,2,1,1,1
15665524,5,1,0,0,0
15736287,9,1,1,0,0
15765732,6,1,1,1,0
15797381,3,2,1,1,1
15598536,0,1,0,1,0
15664506,8,1,1,1,0
15575619,1,1,1,1,0
15587394,4,2,0,0,0
15654457,2,3,1,1,1
15762793,0,2,1,1,0
15658067,3,1,1,0,1
15642816,7,2,1,1,0
15693088,9,2,1,1,0
15793883,3,2,1,0,0
15665283,7,4,0,1,1
15680421,10,2,0,0,0
15695148,9,2,1,1,0
15636592,0,2,0,1,1
15772618,7,1,0,1,0
15724453,2,1,0,0,0
15565878,3,2,1,1,0
15609160,1,2,0,0,0
15678460,9,1,1,0,0
15662571,8,2,1,0,0
15606849,1,1,1,1,0
15670738,2,2,1,0,0
15662641,8,1,1,1,0
15727539,4,2,1,0,0
15651020,6,2,0,0,0
15673877,1,3,1,0,1
15760865,7,1,1,0,1
15705009,8,1,1,0,1
15657540,5,2,1,0,0
15707441,8,1,1,1,0
15694765,6,1,1,0,1
15649086,7,2,1,1,0
15650488,6,1,1,1,1
15760924,2,1,0,0,0
15700263,2,1,1,0,1
15806922,4,1,1,1,0
15637522,0,1,0,1,0
15636548,7,2,0,0,0
15566891,3,1,1,0,0
15627185,6,2,1,0,0
15754012,1,2,1,1,0
15627514,3,2,0,1,0
15661433,5,1,1,0,0
15610653,5,2,1,1,0
15667002,5,2,1,0,0
15709199,1,1,1,1,0
15710087,3,3,1,0,1
15679884,10,3,1,1,1
15784180,7,1,1,1,1
15808849,7,1,0,1,0
15751549,2,2,0,0,0
15588235,8,1,1,1,0
15640418,4,1,1,0,0
15721116,0,2,1,1,0
15599084,7,1,1,1,0
15773394,3,2,1,1,0
15625713,7,1,0,1,0
15766417,2,2,1,1,0
15622578,5,1,0,1,0
15799924,1,1,0,0,0
15618363,9,1,1,1,0
15637138,1,2,1,0,0
15781665,5,1,0,0,0
15804853,0,1,1,0,1
15651627,1,1,1,1,1
15680685,3,1,0,0,0
15808930,1,1,1,0,0
15570970,9,2,1,1,0
15679961,7,1,1,1,0
15705458,2,2,1,1,0
15750396,1,2,1,1,0
15679928,2,2,0,1,0
15711181,4,2,0,1,0
15698324,4,1,1,1,0
15807433,9,2,0,1,0
15636590,1,2,1,1,0
15628950,6,1,1,0,0
15617206,8,2,1,0,0
15603741,4,1,1,1,0
15742607,7,1,1,1,0
15747821,6,1,1,0,0
15612043,7,1,1,1,0
15809558,7,1,1,1,0
15803750,3,1,0,1,1
15704681,2,2,0,1,0
15667392,6,2,1,1,0
15738889,8,1,0,1,1
15598838,1,1,1,1,0
15579109,5,1,1,1,0
15799042,7,1,1,1,0
15697042,8,1,1,0,0
15696605,4,1,0,0,0
15802274,7,1,1,0,0
15596808,4,1,1,0,0
15705403,3,1,0,1,0
15732903,7,2,1,0,0
15581968,1,2,1,1,0
15683892,3,1,1,0,0
15595447,8,1,1,0,0
15569249,6,3,0,1,1
15656188,5,2,1,1,0
15689661,6,2,0,1,0
15644934,9,1,1,0,0
15721793,7,1,1,1,0
15687413,6,2,1,1,0
15761286,7,2,1,1,0
15658240,9,2,0,0,0
15706232,9,1,1,1,1
15583394,8,2,1,1,0
15715643,8,2,1,1,0
15644856,2,1,1,0,0
15785488,9,2,1,1,0
15711571,5,1,1,0,0
15778604,7,2,0,0,0
15751180,7,1,1,0,0
15748360,10,2,1,1,0
15770039,4,1,1,0,1
15685096,4,2,1,1,0
15669501,5,2,1,1,0
15622631,8,1,1,0,1
15586699,9,2,0,0,0
15702377,1,1,1,0,0
15577170,5,2,0,1,0
15769451,1,2,1,1,0
15811877,4,2,1,0,0
15648725,3,2,1,1,0
15752801,9,2,1,0,1
15808175,7,1,1,0,1
15681342,1,2,1,1,0
15589210,4,1,0,0,0
15696826,1,1,0,1,0
15614962,2,1,1,1,0
15689061,5,2,1,1,0
15640074,5,1,0,0,1
15776156,4,1,1,1,1
15739548,9,1,1,0,0
15662854,5,2,0,0,0
15687688,10,2,1,0,0
15715750,2,1,0,0,1
15571121,8,1,0,1,0
15726466,1,1,1,0,0
15660390,6,2,1,1,0
15663942,5,2,0,0,0
15638610,5,1,1,0,1
15644446,6,1,0,1,0
15585892,8,1,0,0,0
15609356,1,2,0,0,0
15803378,8,2,1,1,0
15599440,8,2,1,0,0
15692408,2,2,1,1,0
15683168,6,1,0,1,0
15790254,1,1,1,1,0
15767729,5,2,1,1,1
15768600,9,1,1,0,1
15699839,2,1,1,1,0
15786237,7,2,1,0,0
15694530,4,1,1,1,0
15796813,3,2,1,0,1
15605791,9,2,1,0,0
15714087,5,1,1,0,0
15711446,3,3,1,0,1
15588123,2,2,0,1,0
15748552,4,1,0,0,0
15618410,7,1,0,0,0
15672432,4,1,1,0,1
15610042,8,1,1,0,0
15580914,0,2,0,1,1
15583680,4,1,0,1,0
15813718,4,2,0,0,0
15767264,1,1,0,0,1
15686461,7,2,1,1,0
15678882,3,1,0,0,0
15789611,8,1,0,0,1
15668679,0,2,1,1,0
15631685,1,1,0,1,0
15655658,2,2,1,1,0
15753591,2,2,1,0,0
15617348,1,2,0,0,0
15704581,2,2,0,1,0
15738487,3,2,1,0,0
15648069,6,2,1,1,0
15737627,2,2,1,0,0
15731586,2,2,0,0,0
15757467,6,2,1,1,0
15597709,6,2,1,0,1
15720529,6,2,1,1,0
15596797,1,2,1,1,0
15681755,5,2,1,1,0
15815271,6,3,1,0,1
15682860,6,2,0,0,0
15621546,9,1,1,1,0
15705918,8,2,1,1,0
15684512,8,2,1,1,0
15671769,4,3,1,1,1
15642934,4,2,1,0,0
15594305,1,2,1,0,0
15789201,9,1,1,0,0
15706762,4,2,1,1,0
15766183,2,2,1,1,0
15777994,3,2,1,1,0
15568162,8,1,1,1,0
15680643,1,2,1,1,0
15761854,4,1,0,1,0
15730793,3,1,1,1,1
15692137,2,1,1,1,0
15608595,3,1,0,1,0
15709459,5,1,1,1,0
15775750,9,1,1,0,0
15585855,1,1,1,1,0
15752139,5,2,1,0,0
15768295,7,1,0,1,0
15766906,4,2,1,0,0
15725776,7,1,0,0,0
15682576,1,2,0,1,0
15704081,9,2,1,1,0
15719940,10,2,0,0,1
15672894,8,2,0,0,0
15667451,5,2,1,1,0
15636767,10,1,1,1,0
15571415,6,1,1,0,1
15575605,6,2,1,1,0
15649160,3,1,1,1,0
15615832,8,1,0,1,0
15600975,4,1,1,0,1
15690772,2,2,1,1,0
15565714,1,2,0,1,0
15763108,7,1,1,0,1
15723884,3,2,0,0,0
15644453,4,1,1,0,1
15655464,3,1,0,1,0
15783883,1,1,1,0,1
15787693,3,1,1,0,1
15664793,7,2,0,1,0
15642391,4,1,0,0,1
15756538,5,1,0,1,0
15668830,8,1,1,0,0
15796569,10,1,0,1,0
15677112,2,2,1,0,0
15815040,8,1,0,1,1
15590434,4,1,0,1,0
15597536,5,1,0,0,0
15723989,5,2,1,1,0
15767358,1,2,1,0,0
15594812,2,2,0,1,0
15688210,8,1,0,0,0
15681509,9,2,0,1,0
15572390,6,2,1,0,0
15801441,2,1,0,1,0
15783859,3,1,1,1,0
15575243,1,2,1,1,0
15773421,4,2,1,0,0
15788776,6,3,1,0,1
15765257,5,1,1,1,1
15661412,8,1,1,0,0
15636478,7,1,1,1,0
15603683,3,2,0,0,0
15651868,6,1,0,0,0
15815443,10,1,1,0,0
15682686,3,2,0,1,0
15697460,4,2,0,1,0
15748432,4,2,1,1,0
15698271,4,2,1,0,0
15808662,3,2,1,0,0
15690372,1,2,1,0,0
15781875,3,2,1,1,0
15801473,2,2,1,0,0
15704509,8,1,0,0,0
15694666,8,1,1,1,1
15731166,1,1,1,1,0
15728523,5,1,1,1,0
15788442,2,1,0,1,0
15689781,0,1,0,0,1
15764226,8,1,1,1,0
15809837,6,2,1,1,1
15805212,1,2,0,1,0
15716082,6,1,0,0,0
15643056,1,1,0,1,0
15654859,2,2,1,0,1
15761158,7,2,1,1,0
15577515,0,1,0,1,1
15723827,4,1,0,0,0
15646594,5,1,1,1,0
15712877,1,2,1,0,0
15598802,8,2,0,1,0
15699340,4,2,1,0,0
15691150,4,1,1,1,0
15608688,4,2,1,0,0
15737998,8,1,0,0,1
15735837,3,2,1,1,0
15659100,9,1,0,0,0
15609070,7,3,1,1,1
15650313,6,1,1,1,0
15627699,10,1,1,0,0
15591010,8,2,1,0,1
15798895,6,1,1,0,1
15745375,3,1,1,0,0
15775235,6,1,0,0,0
15780088,9,1,1,0,0
15649379,3,2,1,1,0
15713983,5,2,1,0,0
15709252,10,1,0,1,1
15699238,8,2,1,0,0
15732884,7,1,0,0,0
15587297,7,2,1,1,0
15684722,5,2,0,0,0
15621244,0,1,1,1,0
15744273,6,2,1,0,0
15682540,8,2,1,1,0
15636521,1,1,1,1,0
15785339,9,2,0,0,0
15638983,5,1,0,0,0
15654625,8,2,1,1,0
15697310,3,1,0,0,0
15678210,5,2,1,1,0
15575438,7,1,1,1,0
15632789,8,2,1,1,0
15621423,7,3,0,0,1
15573520,6,2,0,1,0
15740458,7,1,1,0,0
15762799,0,2,1,1,0
15686885,3,2,0,1,0
15565996,8,2,1,1,0
15662152,9,1,0,0,0
15711742,4,1,1,1,0
15701885,9,2,0,1,0
15774262,8,2,1,1,0
15567839,9,1,0,1,0
15644400,9,1,1,0,0
15797246,2,2,1,0,0
15778290,8,1,1,1,0
15708714,6,2,1,0,0
15586183,5,2,1,0,0
15761733,10,2,1,1,0
15773934,6,1,1,0,0
15705343,7,1,1,0,0
15593959,1,1,1,1,0
15664615,5,1,1,1,1
15671014,8,1,1,1,0
15657778,1,2,0,0,0
15585192,10,1,0,0,0
15592914,9,2,1,1,0
15770995,1,1,1,0,0
15570990,4,2,0,0,0
15596165,4,2,1,1,0
15788131,6,1,1,0,1
15800773,9,1,1,1,0
15690153,4,2,0,1,0
15638989,5,1,0,0,1
15623210,8,3,0,0,1
15652658,1,2,1,1,0
15684440,2,1,1,1,0
15730287,8,3,1,0,1
15720353,1,2,1,0,0
15767231,7,1,0,0,0
15761554,4,1,0,0,1
15706637,9,2,0,0,0
15690492,6,2,1,0,0
15694237,4,1,1,0,0
15729771,9,1,0,1,1
15609823,8,2,0,0,0
15793366,7,2,1,1,0
15614813,0,1,1,0,0
15566495,2,1,1,0,1
15707602,2,2,1,1,1
15635244,6,2,1,1,0
15805627,2,2,1,1,0
15607986,10,1,1,1,0
15799785,4,1,1,1,0
15699963,1,1,1,1,0
15624595,5,1,1,1,0
15629750,5,1,1,0,0
15651460,7,1,1,1,0
15753550,7,2,1,0,0
15594133,7,1,1,0,1
15772329,8,1,1,0,1
15591552,7,1,1,0,0
15750921,5,2,1,1,0
15701687,7,3,0,0,1
15728906,5,2,1,1,0
15670029,7,2,1,0,0
15763579,2,2,1,1,0
15728010,5,2,0,1,0
15663194,3,1,1,1,1
15736510,2,3,1,0,1
15745804,7,2,1,1,0
15631451,6,2,1,1,0
15746995,9,1,1,0,0
15730673,7,1,1,0,0
15734649,0,1,1,0,1
15701081,2,1,0,1,0
15632503,0,1,1,0,1
15585928,2,1,1,1,0
15648681,5,4,0,1,1
15747757,8,1,0,0,1
15718921,7,1,1,1,0
15571081,7,1,1,1,0
15734578,1,1,0,1,0
15579583,4,1,1,1,0
15622729,2,2,1,1,0
15662189,3,1,1,1,0
15692718,7,2,0,0,0
15762716,10,1,1,0,1
15724851,9,1,1,0,0
15587266,6,1,0,1,0
15675926,7,1,1,0,1
15706268,1,1,1,1,0
15581871,7,2,1,1,0
15666166,0,1,1,1,0
15671582,6,1,1,1,0
15680901,6,2,1,1,0
15642336,9,2,0,0,0
15653147,2,1,1,1,0
15571284,0,2,1,1,0
15591360,4,2,0,1,0
15810485,1,1,0,0,0
15611973,7,2,1,1,0
15735572,9,1,1,1,1
15567860,7,2,1,0,1
15795690,3,1,1,1,0
15706464,4,2,0,0,0
15725028,3,2,1,1,0
15751167,4,2,1,1,0
15633944,3,1,1,1,0
15672637,4,1,1,0,0
15680895,7,1,1,0,0
15793825,4,2,1,0,0
15611318,4,1,1,0,1
15768474,3,2,1,0,0
15716276,2,1,1,0,0
15623668,2,2,0,0,0
15696361,7,1,0,1,0
15607988,8,1,1,0,0
15637891,4,1,0,1,0
15789865,9,1,0,1,0
15627190,6,1,1,1,0
15788224,1,1,0,0,0
15702149,1,1,1,1,0
15708236,6,1,1,1,0
15568469,0,2,1,0,0
15764444,8,2,1,1,0
15794204,7,1,1,1,0
15807546,2,2,1,1,0
15782159,8,2,1,1,0
15618703,6,1,0,1,1
15793317,7,1,1,0,0
15740487,6,3,1,1,1
15722479,1,2,0,1,0
15688264,0,2,1,1,0
15583067,4,1,0,1,0
15686670,2,2,1,0,1
15593345,6,2,1,1,0
15811690,2,1,0,0,1
15734008,5,1,1,0,1
15771856,1,2,1,0,0
15762045,5,2,1,1,0
15778142,1,2,1,1,0
15689268,9,1,1,1,0
15721507,1,1,0,0,1
15750476,8,2,1,0,0
15810723,10,3,1,0,1
15787229,2,2,1,0,0
15570508,7,1,1,0,0
15617065,4,1,1,0,1
15689786,1,1,0,0,1
15648876,5,1,1,0,0
15802106,8,1,1,0,0
15773869,4,1,1,1,0
15711635,6,2,1,0,0
15795527,2,2,1,0,0
15759133,6,2,1,1,0
15679394,4,1,1,1,0
15801072,7,2,1,0,0
15646082,8,1,1,0,1
15796111,8,1,0,1,1
15670646,0,1,1,1,1
15578722,4,2,1,0,0
15815095,7,2,0,0,1
15730360,4,2,1,1,0
15763194,7,2,0,1,0
15720725,2,2,1,0,0
15567834,5,1,1,1,0
15720644,6,2,1,0,0
15811742,7,2,1,0,0
15813363,2,2,0,0,0
15717629,6,2,0,1,0
15713160,7,2,1,0,0
15568878,5,2,1,0,0
15809800,4,2,0,0,0
15736420,4,2,0,1,1
15757933,1,1,1,0,0
15623072,5,2,1,0,0
15683993,8,2,1,0,0
15570947,7,2,1,1,0
15797767,6,1,0,1,1
15731989,4,2,1,0,0
15591035,6,1,0,1,0
15586479,4,1,1,0,1
15605872,6,1,1,1,0
15666012,4,2,1,1,0
15641733,5,1,1,0,0
15593178,10,1,1,1,1
15649183,8,3,0,1,0
15736399,10,2,1,0,0
15751137,3,1,1,0,0
15757188,4,2,1,1,0
15726167,4,2,1,1,0
15624850,10,2,1,0,0
15717700,9,2,0,1,0
15716347,7,2,0,1,0
15696287,1,1,1,1,1
15638871,6,2,1,1,0
15765093,6,1,1,1,0
15592999,0,1,1,1,0
15641715,8,2,1,1,0
15607746,1,1,1,1,0
15625311,7,1,1,1,0
15573077,8,1,1,1,1
15735106,6,2,1,0,0
15672912,7,2,0,0,1
15589881,7,2,1,1,0
15660144,4,2,0,0,0
15664083,2,1,0,1,0
15690898,8,1,0,0,0
15808023,9,1,1,1,0
15676909,5,2,1,0,0
15764922,3,1,1,0,0
15766734,5,1,1,0,0
15795079,6,2,1,1,0
15757434,7,1,0,0,0
15673747,8,1,0,1,0
15808386,7,1,0,0,1
15603565,5,2,1,0,1
15744044,4,1,1,0,1
15577771,1,1,1,1,1
15769548,7,1,1,0,0
15802071,1,1,0,1,1
15677395,9,2,0,0,0
15632010,7,2,1,0,0
15779492,6,1,0,0,1
15694677,1,2,1,1,0
15704315,8,1,1,1,0
15742009,4,2,1,1,0
15766663,4,2,1,0,0
15742297,2,1,1,1,0
15688059,9,2,1,1,0
15752344,5,2,1,0,0
15698749,6,1,1,0,0
15631693,7,2,1,1,0
15604536,4,1,0,1,0
15802869,2,2,1,1,0
15635598,6,2,0,0,0
15592326,8,2,0,1,0
15736533,5,1,1,0,0
15647191,4,2,1,0,0
15622507,3,2,0,0,0
15765487,9,1,1,1,0
15646521,1,1,1,1,0
15746258,7,1,1,1,0
15692430,2,2,1,0,0
15625501,1,1,1,0,1
15640521,3,1,1,0,1
15790630,4,1,0,0,1
15664720,8,1,0,0,0
15750055,9,2,1,1,0
15644878,6,1,0,0,0
15754578,0,2,1,0,0
15705379,3,2,1,0,0
15761047,2,2,0,1,0
15671293,2,1,1,1,1
15687527,1,2,1,0,0
15647898,5,3,1,0,1
15671534,6,1,1,0,1
15591248,9,1,1,1,0
15676156,4,2,1,0,0
15812918,6,2,0,0,0
15604130,6,1,0,0,0
15700549,5,2,1,1,0
15715519,5,2,1,0,0
15707042,2,1,1,0,0
15605276,4,2,1,1,0
15630592,4,1,1,0,1
15636626,3,1,1,1,0
15740411,8,2,1,1,0
15593834,7,1,0,0,1
15804235,2,2,1,1,0
15679801,5,2,1,1,0
15673907,8,2,0,0,0
15636562,8,2,0,0,0
15702571,1,3,1,1,1
15627365,0,2,1,1,0
15748499,4,1,0,1,1
15598614,8,2,1,0,0
15668889,2,4,1,0,1
15800049,5,1,1,1,0
15583724,4,2,1,1,0
15622083,6,2,1,0,0
15645571,4,2,0,1,0
15598266,9,1,1,1,0
15667934,0,1,1,0,0
15569682,9,1,1,0,1
15772941,3,1,0,1,0
15586174,4,1,1,1,0
15803682,10,2,1,1,0
15627328,2,2,1,1,0
15717065,8,1,1,0,0
15602456,4,2,1,1,0
15721569,8,1,0,1,0
15573798,6,2,1,0,0
15638272,4,1,1,1,0
15799859,4,1,1,0,1
15599152,1,1,0,0,0
15737909,2,2,1,0,0
15646190,0,1,0,0,1
15711249,4,2,1,0,0
15671987,8,1,1,0,0
15812766,6,1,0,0,0
15778589,7,2,1,1,0
15750104,5,2,1,0,0
15784526,5,1,0,1,1
15646563,9,1,0,1,0
15744423,5,2,1,0,0
15593694,8,2,0,0,0
15785367,4,1,0,0,1
15687765,4,1,1,0,0
15789014,6,1,1,0,0
15703177,2,1,1,1,0
15660263,4,2,1,0,0
15776545,10,1,0,1,1
15683276,10,2,1,1,0
15599272,1,1,1,1,0
15589541,2,2,0,1,0
15608804,8,1,1,1,0
15645820,7,2,1,0,0
15659031,8,2,1,1,0
15790113,6,1,1,0,1
15652289,4,2,1,0,0
15605341,8,1,1,1,0
15697844,10,1,1,0,1
15652048,7,2,1,1,0
15587038,2,1,1,1,1
15660528,4,2,1,0,0
15700300,4,1,0,1,1
15642001,9,1,1,0,1
15580366,4,2,1,1,0
15657228,9,2,0,1,0
15729377,1,2,1,1,0
15686913,0,1,1,0,0
15631267,6,2,1,1,0
15632275,2,1,1,0,0
15715907,9,1,1,0,1
15764841,0,1,1,1,0
15748649,8,1,1,0,0
15771409,7,1,1,0,1
15779207,2,2,1,1,0
15814116,7,2,1,0,0
15665087,8,1,1,1,0
15611189,1,1,0,0,0
15729718,6,3,0,0,1
15733602,2,2,0,1,0
15620103,8,1,1,1,0
15770406,9,1,0,1,0
15800554,1,2,1,1,0
15611409,0,2,0,0,0
15646535,5,1,1,0,0
15575430,1,1,1,1,0
15711299,8,1,0,1,0
15642063,6,1,0,0,0
15706602,1,2,0,1,0
15592773,0,3,0,0,1
15786539,1,2,1,1,0
15737542,10,1,1,0,0
15590234,1,1,1,0,1
15773776,6,1,1,1,0
15728082,6,2,1,0,0
15609987,2,1,1,0,0
15735330,1,1,1,0,0
15649430,4,2,1,1,0
15768777,4,2,1,1,0
15777893,1,2,1,0,0
15791326,3,1,0,0,0
15615176,7,2,1,0,0
15735221,10,2,1,0,0
15617991,4,1,1,1,0
15658504,9,2,0,1,0
15785705,10,1,1,0,1
15801817,7,1,1,1,0
15752578,2,2,1,0,0
15781574,9,1,1,1,0
15792107,8,1,1,1,0
15569917,6,2,0,0,1
15721504,3,2,1,0,0
15757306,3,3,1,1,1
15647295,9,2,1,0,0
15642098,0,2,1,0,1
15696120,2,2,1,0,0
15675176,6,1,1,1,0
15700046,4,2,1,0,0
15782089,6,1,1,0,0
15706394,7,2,0,1,0
15759387,1,1,1,1,1
15623369,10,1,1,0,1
15732943,4,1,1,0,1
15750545,5,4,0,0,1
15809909,4,2,1,1,0
15642448,8,1,1,1,0
15791944,7,3,1,0,1
15768342,8,3,1,1,1
15567919,8,2,0,1,0
15674750,8,2,1,0,0
15778345,1,1,1,0,0
15687634,5,1,1,1,0
15666096,4,1,0,1,0
15581700,3,1,1,1,0
15656417,1,2,1,0,0
15649101,10,1,0,0,0
15781975,3,1,0,1,1
15700511,9,2,1,1,0
15770255,10,1,0,0,0
15643574,8,2,1,0,0
15595010,9,2,0,0,0
15580579,1,1,1,1,1
15748532,10,1,1,1,0
15773789,7,1,1,0,0
15600027,1,2,1,1,0
15620832,0,2,0,1,0
15568819,8,3,1,1,1
15748691,1,1,0,1,0
15583552,3,1,1,0,0
15588019,7,1,1,0,0
15713250,8,2,1,1,0
15569595,6,1,1,0,0
15794868,10,2,1,1,0
15576680,4,2,0,0,0
15613699,7,1,1,0,1
15609758,7,1,1,0,1
15762392,1,1,1,1,0
15693382,9,1,0,1,0
15791769,9,1,1,0,0
15712483,4,2,1,0,1
15636454,6,1,1,0,1
15710138,6,2,0,1,0
15571571,3,3,1,1,0
15638751,5,2,1,0,0
15598574,5,2,0,1,0
15796787,0,1,1,0,0
15615670,5,1,1,1,0
15705506,7,2,0,0,0
15599535,5,1,1,1,0
15768449,7,2,1,1,0
15725002,7,2,1,0,0
15611682,6,1,1,1,0
15749964,4,2,1,0,0
15678779,7,2,0,1,0
15752601,7,2,0,0,0
15758477,2,2,1,0,0
15629133,9,2,1,0,0
15604963,5,2,0,0,0
15796413,6,2,1,0,0
15812470,5,2,0,1,0
15587443,1,2,1,1,0
15689692,3,1,1,1,0
15779586,3,2,1,0,0
15667588,3,1,1,1,0
15624423,8,1,1,0,0
15591107,3,1,0,0,1
15748986,8,2,1,1,0
15793896,7,1,1,1,0
15620570,4,1,1,0,0
15727811,0,1,0,0,1
15707681,9,2,0,1,0
15702030,2,1,1,0,0
15673238,8,2,1,0,1
15604196,6,1,1,1,0
15769356,3,2,1,1,0
15665590,6,2,1,1,0
15572361,2,1,1,0,0
15667460,9,2,1,1,0
15654760,1,1,1,1,0
15632669,4,2,1,1,0
15613673,9,1,1,0,0
15698522,9,2,1,0,0
15741633,10,1,1,1,0
15674583,0,1,1,1,0
15665374,5,2,0,0,0
15588854,3,1,1,1,0
15810716,8,2,1,0,0
15776921,5,2,0,0,0
15569394,2,2,1,0,0
15788215,5,1,0,0,1
15641007,4,1,1,1,0
15594651,4,1,0,1,0
15575146,8,2,1,1,0
15608916,7,1,1,1,0
15666297,3,3,0,0,1
15598586,10,1,1,1,0
15665014,5,2,1,0,0
15701738,2,1,1,1,1
15650591,10,1,1,1,1
15652667,9,2,1,1,0
15679622,8,1,1,1,0
15730150,0,1,1,0,0
15813192,6,2,0,1,0
15606554,1,1,0,1,0
15611794,6,2,1,1,0
15672357,7,2,1,0,0
15711759,5,1,1,1,0
15615296,10,1,1,0,1
15699294,1,2,0,0,0
15788634,2,1,0,0,0
15660871,8,1,1,0,0
15618258,5,1,1,0,0
15722535,7,1,0,1,0
15711977,4,1,1,0,0
15690169,7,2,1,0,1
15790689,9,1,1,1,0
15665181,7,2,0,1,0
15633608,2,2,1,1,1
15805261,8,2,0,1,0
15740356,4,1,0,1,0
15808223,1,1,1,1,0
15769980,3,1,1,1,0
15675450,9,2,1,1,0
15776494,5,1,1,1,1
15592412,4,1,1,0,1
15777452,6,1,0,0,0
15692258,1,1,0,0,0
15791045,3,1,0,1,0
15807889,5,1,1,0,0
15602043,5,2,0,0,0
15807335,4,1,1,1,0
15629985,10,2,0,0,1
15679453,8,1,1,1,1
15637315,3,2,1,0,0
15691513,9,4,1,1,1
15622289,9,2,0,1,0
15715184,4,2,1,0,0
15702801,3,1,0,0,1
15719931,8,2,1,0,0
15806081,2,2,1,0,0
15796336,9,2,1,0,0
15647306,9,1,1,1,1
15742369,5,2,1,1,0
15655859,5,2,1,0,0
15675650,8,1,0,1,0
15574119,1,1,1,1,0
15754168,3,1,1,1,0
15763029,9,1,1,1,1
15765048,3,2,1,0,0
15786215,8,2,1,0,0
15707559,9,2,1,1,0
15582129,1,3,1,0,1
15687540,9,2,0,1,0
15787196,2,2,1,1,0
15670898,5,2,0,0,1
15775433,1,2,1,1,0
15700693,2,2,1,1,0
15677955,1,1,1,0,0
15570086,9,1,0,1,0
15794875,6,2,0,1,0
15673591,3,4,0,1,1
15631756,5,2,0,0,0
15757617,6,1,1,0,0
15612729,7,2,1,1,0
15637857,8,1,0,1,0
15681007,2,4,1,0,1
15593622,10,2,0,1,0
15629273,8,1,1,0,1
15765846,2,1,1,0,0
15596013,1,1,0,0,1
15722473,3,2,1,0,0
15774936,6,1,1,1,1
15685640,3,1,1,1,0
15566563,4,1,1,0,1
15768746,6,2,0,0,0
15689952,5,1,0,1,0
15725906,8,1,1,1,1
15634501,1,1,0,1,0
15571940,3,1,1,1,0
15741643,7,1,1,1,0
15806822,0,2,0,0,0
15701166,5,2,1,1,0
15718531,8,2,1,1,0
15628308,6,2,1,1,0
15585287,9,1,1,0,1
15781619,1,1,1,0,1
15805162,0,2,1,1,0
15588535,6,2,0,0,0
15775307,3,1,1,1,0
15777616,10,1,1,0,0
15692291,6,2,1,0,1
15680843,8,2,1,1,0
15606232,7,1,1,1,0
15641585,6,1,0,1,0
15684358,3,2,1,1,0
15806389,1,2,0,1,1
15641860,6,2,1,0,1
15814237,3,2,1,1,0
15808780,2,2,0,0,0
15767064,1,1,1,1,0
15751177,2,1,1,0,1
15613427,7,2,0,0,0
15647259,2,2,0,0,0
15748660,1,1,1,0,1
15726695,9,2,1,0,0
15757473,7,2,0,1,0
15809509,3,1,1,1,0
15715512,1,1,1,1,0
15614168,4,1,1,0,1
15679818,7,1,0,1,1
15609928,5,2,0,1,0
15731246,10,2,1,0,0
15685243,10,2,0,1,0
15638730,0,2,0,1,0
15697034,2,2,0,1,0
15699225,0,2,1,0,0
15677387,10,1,0,1,0
15759184,7,1,1,0,0
15595991,8,1,1,1,0
15681332,6,1,1,0,1
15756299,2,1,1,1,0
15750547,9,2,1,1,0
15566380,10,2,1,1,0
15675963,9,2,1,1,0
15674671,2,2,1,1,0
15621466,3,1,0,0,0
15607176,3,1,1,1,0
15570299,6,1,1,0,0
15613197,8,2,1,0,0
15798885,4,2,1,1,0
15714883,2,1,0,1,0
15604497,7,1,1,0,0
15773949,3,2,1,1,0
15774164,5,2,1,0,0
15774127,3,2,1,0,0
15619016,5,2,1,1,0
15795759,1,1,1,0,1
15798844,7,1,0,0,1
15717962,9,1,1,1,0
15691504,8,1,0,0,0
15693893,9,1,0,1,0
15672499,3,2,1,1,0
15750410,4,1,1,1,0
15568904,3,1,1,1,0
15649033,7,2,1,0,1
15780989,2,1,1,1,1
15771059,2,1,0,0,0
15687852,2,1,0,0,0
15695280,8,1,0,0,0
15592751,3,1,1,0,1
15598338,3,2,0,0,0
15735784,8,1,1,0,0
15629128,2,2,1,1,0
15642870,9,1,0,1,0
15637977,8,1,0,0,0
15600792,0,2,0,1,0
15576131,5,2,1,0,0
15686588,2,1,0,1,0
15761018,2,2,1,0,1
15616029,7,2,1,0,0
15761149,8,1,0,1,0
15802758,4,2,1,0,1
15647838,2,1,1,0,1
15735968,10,2,0,1,0
15581286,9,1,1,1,0
15625445,8,2,0,1,0
15600173,9,2,1,1,0
15635143,2,2,0,1,0
15664849,3,1,0,1,1
15762455,6,1,0,1,0
15797165,9,1,0,0,1
15788189,8,1,1,0,0
15780492,4,2,1,0,0
15678497,2,1,1,0,1
15588560,8,1,1,1,0
15606003,3,2,1,1,0
15611756,4,2,1,1,0
15789563,7,1,1,1,1
15702416,7,1,0,0,0
15766288,5,1,1,0,1
15667633,1,2,1,1,0
15622774,0,1,1,1,0
15755416,3,1,1,1,0
15769915,0,1,1,1,0
15643908,10,1,1,1,0
15627395,7,1,1,1,0
15679663,0,2,1,0,0
15651581,6,1,1,0,1
15596379,3,1,0,1,0
15746674,7,1,1,0,1
15801256,7,2,0,1,0
15663808,8,2,1,1,0
15598521,7,2,0,0,0
15621457,6,2,0,0,0
15764726,3,1,0,1,0
15646374,3,2,1,1,0
15716501,9,1,0,1,0
15589948,1,2,1,1,0
15811343,5,3,1,1,0
15659677,8,1,1,1,0
15594436,2,2,1,1,0
15748995,9,2,0,1,0
15677062,6,1,1,1,0
15697201,3,1,1,1,0
15666453,4,2,1,1,0
15693771,8,1,1,0,1
15569867,8,2,1,0,0
15711602,3,1,1,1,0
15717736,10,2,1,1,0
15750441,5,2,0,1,0
15732791,5,1,1,1,0
15775104,1,1,1,0,0
15757607,0,1,1,0,1
15793070,2,2,1,0,1
15760456,10,2,1,0,1
15665385,6,1,1,0,0
15612418,9,2,0,0,0
15727138,9,2,1,1,0
15732061,1,1,0,0,1
15776051,6,2,1,1,0
15616530,6,1,0,0,1
15632344,0,2,1,0,0
15744979,8,1,0,1,0
15745433,2,2,0,0,0
15683657,0,1,1,0,0
15718572,9,2,1,1,0
15665783,7,2,1,1,0
15652782,2,2,0,1,0
15707025,5,2,1,1,0
15647807,8,1,1,0,0
15718281,1,2,1,1,1
15660571,10,1,1,1,0
15727857,1,2,1,0,0
15639252,6,2,1,1,0
15628144,4,1,0,1,0
15683560,7,2,1,0,0
15653275,1,2,1,0,1
15622182,3,2,1,0,0
15613962,9,2,0,1,0
15618437,10,2,0,1,0
15783338,0,1,1,1,0
15764491,10,2,1,1,0
15712960,3,1,0,1,0
15688157,2,2,1,1,0
15579287,4,2,0,1,0
15570931,5,1,0,0,1
15615177,6,1,1,1,0
15809906,1,2,1,1,0
15652169,2,1,0,1,0
15649450,6,2,1,0,0
15777179,9,2,0,1,0
15803538,1,3,1,0,1
15610936,6,2,1,0,0
15590094,9,2,0,0,0
15572706,5,1,1,0,0
15634564,8,1,1,1,0
15684296,5,1,0,1,0
15702293,7,2,1,1,0
15642099,6,2,1,0,0
15773273,5,1,1,1,0
15613337,2,2,1,1,0
15800482,7,2,1,1,0
15732644,5,2,1,0,1
15713426,1,1,1,0,1
15640789,4,1,1,0,0
15598892,4,2,0,0,0
15606436,7,2,0,0,0
15751227,1,1,0,0,0
15812365,8,1,1,0,0
15616088,7,1,0,1,0
15803886,6,1,1,1,0
15587311,6,2,0,1,0
15617401,2,2,1,0,0
15775886,3,1,1,0,1
15807305,2,1,0,0,0
15761717,10,2,1,0,0
15628008,6,1,0,0,0
15583755,2,1,1,1,0
15661409,1,1,1,1,1
15774250,1,1,1,0,1
15681476,1,1,0,1,1
15654870,8,2,1,1,0
15790448,6,1,1,0,0
15785326,5,2,1,0,0
15592854,3,1,0,1,0
15617486,1,1,0,0,1
15806796,10,1,1,1,0
15644699,0,2,1,0,0
15622305,2,2,1,1,0
15608209,3,2,1,0,0
15626898,7,1,0,0,0
15644297,5,1,1,1,0
15731569,5,2,1,1,0
15582149,3,2,1,1,0
15802483,6,2,1,1,0
15686999,8,2,1,0,0
15772479,4,2,0,0,0
15778884,2,2,1,1,0
15623630,3,1,0,1,1
15774316,6,2,1,1,0
15695097,0,2,0,0,0
15645404,4,2,1,0,1
15750574,4,2,1,1,0
15636812,9,1,0,0,0
15712068,8,1,0,1,0
15652030,2,1,1,0,1
15577398,6,1,1,1,0
15756848,10,1,0,1,0
15806929,5,1,1,1,0
15656005,7,1,1,0,0
15722632,2,1,1,1,1
15794356,3,2,1,1,0
15659656,4,1,0,0,0
15588341,10,1,0,1,0
15709142,2,2,1,0,0
15627042,7,2,1,0,0
15627517,7,1,0,0,0
15803032,9,1,0,0,0
15665129,1,2,0,1,0
15628272,9,1,1,0,0
15678206,6,1,1,0,0
15678427,2,2,1,1,0
15678067,3,2,0,0,0
15793331,5,2,1,0,0
15699532,8,2,0,1,0
15605827,8,2,0,0,0
15643635,5,1,0,0,0
15787710,9,2,1,0,0
15614137,7,2,1,0,0
15754494,4,1,1,0,0
15713440,1,3,1,1,1
15803479,1,2,0,1,0
15709639,5,1,1,1,0
15601719,6,1,1,0,0
15772482,3,3,1,0,1
15591489,5,1,0,0,0
15629002,8,2,1,1,0
15798053,9,2,1,0,0
15753895,1,2,0,0,0
15595426,6,2,1,1,1
15645815,5,2,1,1,0
15632848,1,1,1,0,0
15703068,8,2,1,1,0
15791513,4,1,1,1,1
15587210,10,1,1,0,0
15793803,1,1,0,0,0
15787756,10,2,1,0,1
15723437,2,2,1,1,0
15702715,10,2,1,1,0
15809872,2,1,1,0,0
15644295,2,1,1,1,0
15778694,1,2,1,1,0
15759555,2,2,1,0,0
15631406,5,1,1,0,0
15616676,3,1,1,0,1
15771154,8,2,1,1,0
15669491,2,1,1,1,0
15697691,6,1,1,1,0
15665180,3,1,1,0,1
15752588,1,2,1,1,0
15743051,10,1,1,1,0
15571873,9,1,1,1,0
15679743,8,1,0,1,0
15769412,4,2,0,0,1
15775124,8,2,1,1,0
15732113,8,1,0,1,0
15578141,3,1,1,1,1
15595874,6,2,1,0,0
15755642,5,2,1,1,0
15576526,6,2,0,1,0
15792489,9,2,1,0,0
15733705,8,2,0,1,0
15807221,1,2,0,0,0
15573045,10,2,1,1,0
15756824,5,2,1,0,0
15773520,4,2,1,1,0
15627439,10,2,0,1,0
15701439,1,4,1,0,1
15785352,6,1,0,0,1
15616525,4,1,0,0,0
15717489,9,1,1,0,1
15795737,3,2,1,1,0
15693877,3,2,0,0,0
15576111,5,1,1,0,0
15595713,6,1,1,1,0
15808868,3,3,0,0,1
15708193,2,2,0,0,0
15697801,1,2,1,1,1
15770121,9,1,1,0,0
15800524,3,1,1,0,0
15686236,1,1,1,0,1
15659807,8,1,1,1,0
15736078,7,1,1,0,1
15620836,2,2,1,0,0
15698184,2,2,0,0,0
15717643,6,2,1,1,0
15776596,6,1,1,0,1
15814757,9,2,0,1,0
15812607,6,1,1,1,1
15663888,6,2,1,0,0
15748882,9,2,1,0,0
15690829,3,1,1,0,1
15695819,5,2,1,0,0
15696834,5,2,0,0,0
15797710,4,1,0,1,0
15700654,9,2,1,0,0
15583764,1,1,0,0,0
15688849,1,3,1,1,1
15661473,4,1,1,0,1
15601030,5,1,1,1,0
15789557,7,1,1,1,0
15745250,8,1,0,0,1
15590349,9,1,0,0,1
15741693,4,1,1,1,0
15618446,8,2,1,1,0
15766552,6,2,0,0,0
15668775,3,1,1,0,0
15757895,6,1,0,1,0
15774551,3,1,1,1,0
15684011,7,1,0,1,0
15736146,4,1,1,1,0
15656286,0,2,0,0,0
15774847,6,1,0,0,0
15619340,1,2,1,0,0
15815656,9,1,1,1,1
15623357,2,1,0,1,0
15601324,1,2,1,1,0
15715510,2,2,1,1,0
15663770,1,1,1,1,0
15779267,5,2,1,0,0
15597957,2,2,0,1,0
15584620,6,1,1,0,1
15750772,6,1,0,1,0
15706557,0,2,1,0,1
15594391,2,1,0,0,1
15661656,2,2,1,1,0
15631217,6,1,0,1,0
15588955,5,3,1,0,1
15758252,2,2,0,1,0
15740223,1,3,1,0,1
15805413,6,2,1,0,0
15635116,2,1,1,0,1
15764892,10,2,1,1,0
15795936,3,2,1,0,0
15655232,6,2,1,1,0
15640133,0,2,1,0,0
15751524,10,1,1,0,0
15670552,3,1,1,0,0
15623966,2,2,0,1,0
15752193,6,1,1,1,0
15607269,2,2,1,1,0
15700752,6,2,1,1,0
15777901,9,1,1,0,1
15639117,6,1,1,0,1
15720203,7,1,1,0,0
15586236,5,3,1,1,1
15676645,5,2,1,1,0
15715988,2,2,1,1,0
15603749,2,1,1,1,1
15608956,1,1,0,0,0
15733872,10,2,0,0,1
15666982,9,1,1,0,0
15602647,6,1,1,1,1
15623063,8,1,1,0,1
15682928,4,1,1,1,0
15729246,5,2,1,1,0
15588928,5,2,1,1,0
15803352,3,2,1,1,0
15607485,4,2,0,0,0
15656249,3,2,1,1,0
15761783,6,1,1,1,0
15716605,7,2,1,0,0
15757425,1,2,1,1,0
15603096,6,1,0,0,1
15588580,4,1,1,1,0
15770539,1,1,1,1,0
15572022,6,1,0,1,0
15571843,1,1,1,0,0
15752502,4,1,0,1,0
15609058,1,1,0,1,0
15775108,1,2,0,1,0
15708904,9,1,0,0,0
15600086,7,1,1,1,0
15814675,8,1,1,0,1
15572777,7,1,1,1,0
15585106,8,2,1,0,0
15738936,5,2,0,1,0
15750970,1,1,1,1,0
15725772,2,2,1,1,0
15692106,3,3,1,0,1
15791533,6,1,1,0,1
15715715,2,2,1,1,0
15785576,9,1,1,0,0
15798834,7,1,0,0,0
15744127,2,2,1,0,0
15637427,6,2,1,1,0
15576990,5,1,1,0,0
15615352,4,2,0,1,0
15647333,4,1,1,0,0
15572050,3,1,1,1,1
15581370,2,2,1,0,0
15813503,8,2,1,0,0
15769783,8,1,1,1,0
15793135,7,1,1,1,0
15599182,2,2,1,1,0
15689517,3,1,1,0,0
15641366,1,1,0,1,1
15588859,0,2,1,0,1
15732293,8,2,1,1,0
15568032,1,3,1,0,0
15623525,0,1,1,1,0
15606601,6,2,1,0,0
15800811,3,1,0,1,0
15610711,8,1,0,0,0
15809654,7,2,1,1,0
15576077,9,1,0,1,0
15643378,1,1,1,1,0
15566790,8,2,0,1,0
15774402,5,1,0,1,0
15694641,2,2,1,1,0
15605916,3,1,1,0,1
15812356,6,2,0,1,0
15644179,3,2,1,0,1
15771674,5,2,1,0,0
15623314,3,1,1,0,0
15613292,8,2,1,0,0
15813871,2,2,1,0,0
15759480,10,1,1,1,0
15587712,8,1,1,0,0
15671165,5,1,1,1,0
15620746,4,1,1,0,0
15706537,7,1,0,1,0
15589312,3,1,0,0,0
15741180,6,1,1,1,0
15733888,3,1,1,0,1
15798532,9,2,0,1,0
15577359,5,1,1,0,1
15614936,10,1,0,1,0
15747647,4,2,1,0,0
15588566,5,2,1,1,0
15570141,3,1,1,0,0
15800793,4,1,1,0,0
15572415,6,2,1,1,0
15635125,2,2,1,1,0
15636551,3,2,1,0,0
15600912,5,2,1,1,0
15768476,6,2,1,1,0
15650266,2,2,1,1,0
15621004,7,1,1,0,1
15748352,0,1,0,1,0
15788920,4,2,1,0,0
15743236,7,1,1,0,1
15637717,4,2,1,1,0
15635500,2,1,0,1,0
15634792,9,2,0,1,0
15607560,2,2,1,1,0
15727177,6,1,1,0,1
15774358,4,1,1,0,1
15791304,7,1,1,1,0
15603328,1,1,1,1,0
15804937,3,2,0,0,0
15804142,3,2,1,0,1
15608845,3,1,1,0,0
15702434,3,2,1,0,0
15632609,10,1,1,0,0
15603550,7,2,1,0,0
15755239,4,2,1,1,0
15670528,0,1,1,0,1
15732704,9,2,1,0,0
15589019,4,1,1,1,0
15677796,9,1,1,0,1
15760177,9,1,1,1,0
15636595,3,2,0,1,0
15737275,3,1,1,1,0
15672905,7,2,1,1,0
15753955,7,2,0,0,0
15708504,8,1,1,1,1
15592451,9,2,1,0,0
15790455,2,1,0,1,1
15572174,3,2,0,1,0
15656330,0,1,1,1,0
15569626,5,1,1,1,0
15608726,7,2,1,1,0
15637366,5,2,1,1,0
15778049,6,1,0,0,0
15727421,6,2,1,1,0
15688865,9,2,0,0,0
15751032,1,2,0,0,0
15734737,9,2,1,1,0
15746515,7,3,1,1,1
15664311,3,1,1,1,0
15708139,1,1,1,0,0
15768574,1,1,1,1,0
15738018,5,2,0,0,0
15699753,1,1,1,0,0
15703199,3,1,0,0,0
15627830,5,1,0,1,0
15570855,7,2,1,1,0
15772503,4,2,1,0,0
15584453,10,2,0,1,0
15710111,6,2,0,0,0
15618562,0,1,1,0,1
15706764,1,2,1,0,0
15798737,8,2,1,0,0
15712608,2,2,0,1,0
15636736,7,2,0,1,1
15703544,0,1,1,0,0
15815645,8,2,1,1,0
15705739,5,1,1,0,0
15709643,1,3,1,0,0
15669805,1,1,1,0,0
15737489,5,1,0,0,0
15775131,9,2,0,1,0
15765283,3,2,1,0,0
15628715,8,2,1,1,0
15813283,2,1,0,0,0
15745716,7,2,0,1,0
15598485,8,1,1,1,0
15696552,4,2,1,0,0
15754569,1,2,1,1,0
15701741,3,1,1,0,0
15572631,10,1,0,1,0
15636069,7,1,1,0,0
15682467,1,1,1,1,0
15790744,9,2,1,0,0
15625023,4,1,0,1,0
15731267,4,1,1,0,0
15742879,1,1,1,1,0
15757015,5,1,1,0,0
15770711,4,1,0,1,0
15569430,2,2,1,0,0
15617304,6,2,1,1,0
15704466,7,2,1,0,0
15664681,2,2,0,0,0
15605534,4,1,0,0,1
15792473,5,3,0,1,1
15802625,7,1,1,1,0
15766017,3,1,1,1,1
15762172,2,2,1,0,0
15728333,8,1,1,1,0
15792868,1,2,1,0,0
15605698,3,3,1,1,1
15777060,4,1,1,0,1
15626243,3,1,1,1,0
15719898,7,2,1,1,0
15599976,9,2,1,0,0
15752809,6,1,1,0,0
15589698,6,1,1,1,1
15609977,6,1,1,0,0
15750121,3,1,1,0,0
15734177,4,2,1,1,0
15781347,1,2,1,1,0
15592025,7,2,1,1,0
15670163,4,2,0,0,0
15765402,6,1,0,0,0
15624343,7,1,0,0,0
15602354,3,1,1,0,0
15579183,1,2,1,1,0
15584899,5,2,0,1,0
15723658,6,2,1,0,0
15803965,3,1,1,1,0
15682489,9,2,1,0,0
15813645,0,1,1,1,0
15766787,9,2,1,1,0
15687171,5,1,1,0,0
15690744,2,2,1,0,0
15707974,2,1,1,0,0
15673084,1,1,0,1,0
15814772,4,1,0,1,0
15743709,4,1,1,1,0
15610343,10,2,1,1,1
15737414,4,1,1,0,0
15788480,0,1,0,0,1
15568519,9,2,1,0,0
15792453,1,1,1,1,0
15658100,0,2,0,1,0
15695197,7,2,1,0,0
15749807,3,2,1,0,0
15773876,3,2,1,0,0
15591698,9,1,1,0,1
15712813,3,3,0,1,1
15763898,3,2,1,1,0
15793324,9,3,0,1,0
15757759,7,3,1,0,1
15796230,2,3,1,1,1
15611729,1,1,1,1,1
15709531,2,1,1,0,0
15650751,6,2,1,1,0
15641413,7,2,1,0,1
15753840,6,1,1,1,1
15669994,1,2,1,0,0
15695301,4,1,1,1,0
15792004,3,2,1,0,0
15603035,3,2,1,1,0
15717286,8,1,1,0,1
15577107,6,3,0,1,1
15754747,9,2,0,1,0
15705676,9,2,0,0,0
15751912,7,2,0,1,0
15677336,1,1,1,0,1
15684395,10,1,1,1,1
15659949,1,2,1,0,0
15812422,2,2,0,1,0
15806941,7,2,1,1,0
15637690,7,1,1,0,1
15632882,1,2,1,1,1
15807107,3,1,1,0,0
15661034,5,1,0,0,1
15811958,2,2,0,0,0
15785167,4,2,0,0,0
15646720,7,3,1,0,1
15658614,7,2,1,1,0
15704657,3,1,1,0,1
15567147,4,2,1,1,0
15701319,6,2,1,1,1
15745266,6,1,0,1,1
15650437,8,2,1,1,0
15764314,2,2,1,0,0
15612594,3,2,1,1,0
15593501,5,2,1,0,0
15804150,3,2,1,1,0
15649297,4,2,0,1,0
15641110,0,1,1,0,0
15660608,8,1,1,0,0
15806570,4,1,1,0,1
15715345,6,2,1,0,0
15755521,0,2,0,1,1
15579074,10,1,1,1,0
15641158,3,1,1,0,1
15752507,9,1,1,0,1
15597983,10,1,1,1,0
15586069,0,1,1,0,0
15655082,4,3,1,0,1
15720155,6,1,0,1,1
15582116,7,2,1,0,1
15749365,8,2,0,1,0
15632069,8,2,1,0,0
15663134,1,2,1,1,1
15766683,6,1,0,0,1
15707219,4,2,0,1,0
15709232,5,2,1,1,0
15801351,3,2,1,0,0
15578747,5,1,0,1,0
15675626,2,1,0,0,0
15583736,4,2,1,0,0
15590011,9,1,1,1,0
15609913,9,1,1,0,0
15719479,7,2,1,1,0
15575147,9,1,1,0,1
15597309,7,2,0,0,0
15648367,6,2,1,1,0
15758031,3,1,0,1,0
15751771,2,1,0,1,0
15689288,5,2,1,0,0
15731026,2,2,1,0,0
15775809,6,1,0,1,0
15743076,9,1,1,1,0
15658258,6,1,1,0,0
15756321,5,1,0,0,1
15706799,4,1,0,0,1
15775703,2,1,1,1,1
15642636,9,1,1,1,0
15704651,1,2,0,0,0
15806771,0,2,1,0,1
15566735,2,2,1,1,0
15681671,2,2,1,1,0
15775949,7,1,1,1,0
15586752,8,1,1,1,0
15582519,6,1,0,1,1
15658233,5,1,0,1,0
15755330,7,1,0,1,1
15605072,3,1,1,1,1
15617538,7,2,0,0,0
15591428,9,2,0,0,0
15692142,7,1,1,1,1
15692931,2,1,1,1,0
15781127,8,1,1,1,0
15677136,5,2,0,0,0
15677828,4,2,0,0,0
15567897,5,1,1,1,0
15793641,3,2,1,1,0
15678333,7,2,1,0,0
15630511,6,2,1,0,0
15792627,5,1,1,1,0
15717191,1,2,1,1,1
15625716,9,1,0,1,0
15710053,5,2,0,1,0
15580043,8,1,1,1,0
15601410,1,3,1,1,1
15684669,9,1,1,0,1
15619083,6,2,1,1,0
15692207,6,2,1,1,0
15730705,9,1,1,0,0
15749688,8,2,0,0,0
15728542,4,2,1,1,0
15760063,7,2,1,1,0
15658982,5,3,0,1,1
15758769,7,1,1,0,0
15778481,1,1,1,1,0
15661162,2,1,1,0,1
15568164,4,2,1,1,0
15601569,2,1,1,0,1
15772383,9,1,0,0,0
15667456,3,2,1,1,0
15672983,5,2,1,0,0
15799534,5,2,1,1,0
15582847,0,2,0,1,0
15612478,10,3,1,0,1
15709621,3,2,0,1,0
15802009,6,2,1,1,0
15698816,4,1,1,1,0
15574830,2,2,1,0,1
15603082,9,2,0,0,0
15685947,0,2,0,1,1
15643048,0,2,0,1,0
15807568,2,2,0,0,0
15597591,5,1,1,1,0
15747558,10,2,1,0,0
15756655,2,2,0,0,0
15589949,9,1,1,0,0
15601012,3,1,1,0,1
15724269,7,2,1,1,0
15567506,6,2,1,1,1
15791877,0,2,1,1,0
15794360,5,2,1,0,1
15686538,7,2,0,1,0
15585985,5,1,1,0,1
15699257,2,2,1,0,0
15804104,9,2,0,1,0
15727619,9,3,1,0,1
15740237,2,1,0,0,0
15801436,4,1,0,0,1
15705735,3,2,1,1,0
15649359,1,2,0,1,0
15624892,7,2,1,0,0
15784918,2,2,0,1,0
15584785,2,1,1,0,0
15797197,6,2,1,0,0
15574858,8,2,1,1,0
15794101,2,2,0,1,0
15743245,3,1,1,0,1
15791535,5,1,0,0,0
15605215,9,2,0,1,0
15771749,5,2,1,1,0
15616833,2,2,1,1,0
15750728,2,1,1,0,0
15769353,8,1,0,0,1
15770091,9,2,1,0,0
15716420,5,1,1,1,0
15740602,4,1,0,1,0
15796071,7,1,1,0,0
15811389,0,2,0,1,0
15783875,4,2,1,0,0
15671800,8,2,1,1,0
15677288,3,1,0,0,1
15633525,7,2,0,1,0
15634606,1,2,1,1,0
15579207,3,1,1,0,0
15619892,8,2,1,0,0
15567778,1,1,1,1,1
15711750,6,2,1,1,0
15751084,8,1,1,1,0
15768945,1,1,1,1,0
15586931,3,1,1,1,0
15636353,4,2,0,0,0
15623858,9,1,0,0,0
15703354,2,1,1,0,0
15663987,1,3,1,0,1
15780805,2,2,1,0,1
15768566,8,2,1,1,0
15643229,6,2,1,1,0
15754940,2,1,0,1,1
15676576,8,1,1,0,0
15800068,6,2,1,1,0
15648030,5,2,1,0,0
15668594,1,1,1,1,0
15728709,7,2,0,0,0
15724181,5,2,1,1,0
15647546,8,2,0,1,0
15702601,4,2,0,1,1
15567725,7,2,1,1,0
15674179,7,1,0,0,0
15686957,2,2,1,0,0
15607690,2,2,0,0,0
15806546,4,1,1,0,0
15632850,8,2,1,1,0
15709016,1,1,0,0,1
15638068,7,2,1,0,0
15749345,1,1,1,1,0
15791321,4,1,1,0,0
15699095,3,1,1,1,1
15638329,1,1,1,1,0
15575445,10,1,0,0,0
15752622,7,1,0,1,0
15774507,5,1,1,0,0
15570857,0,2,1,1,0
15599386,5,1,1,1,0
15744913,10,1,1,1,0
15647292,7,1,0,0,1
15728838,1,1,1,0,1
15584704,10,1,1,0,0
15749068,9,1,1,0,1
15622985,4,1,0,0,1
15587676,9,1,1,1,0
15779496,0,2,0,1,0
15733460,9,2,1,1,0
15711457,7,1,0,1,0
15795290,2,1,1,0,0
15611223,10,2,1,0,0
15794159,8,1,1,1,0
15780677,4,2,1,1,0
15690175,0,2,0,0,0
15722599,9,2,0,0,0
15569976,1,1,1,1,1
15707011,10,1,1,0,0
15702277,4,1,0,1,0
15801915,6,1,1,0,0
15580213,2,2,1,0,0
15637947,1,1,0,1,0
15715888,2,1,0,1,0
15732967,6,2,1,1,0
15737047,6,1,1,0,1
15694039,9,2,1,0,0
15649457,2,2,0,1,0
15742809,7,1,1,0,0
15637829,7,2,0,1,0
15633194,10,4,1,1,1
15611635,6,1,0,1,0
15638774,9,2,1,0,0
15722037,7,1,0,1,0
15672930,9,2,1,0,0
15668774,5,1,1,0,1
15780966,2,2,0,0,0
15659694,3,2,1,1,1
15624424,1,2,1,1,0
15708713,3,2,1,1,0
15755405,9,1,1,0,1
15647570,8,1,0,0,0
15684348,8,2,0,1,0
15702541,2,1,1,0,1
15646942,7,2,0,0,0
15748920,8,2,1,1,0
15694581,5,2,1,1,0
15643215,2,2,0,0,0
15649060,3,2,1,0,0
15774258,1,2,1,1,0
15731553,8,2,1,0,0
15617029,1,2,1,0,0
15780716,3,2,1,1,0
15577018,2,1,0,0,0
15809515,1,1,1,0,0
15789924,4,1,1,1,0
15725076,6,2,1,1,0
15672481,6,2,1,0,0
15574115,6,2,1,1,0
15661830,6,2,1,1,0
15665879,8,2,0,1,0
15673820,7,2,1,0,0
15747772,9,2,1,0,0
15666197,8,1,1,0,0
15773639,4,1,1,0,0
15581893,1,1,0,1,1
15672447,7,1,0,1,1
15777830,4,2,0,0,0
15713890,3,2,0,1,0
15577598,4,2,1,0,0
15786042,2,2,1,0,0
15753462,2,2,0,1,0
15759690,4,2,1,1,0
15801414,2,2,0,0,0
15656141,5,1,0,1,0
15608701,3,1,1,0,1
15582892,2,1,1,1,1
15632967,3,2,1,1,0
15587573,4,2,0,1,0
15654891,6,2,1,1,0
15611365,9,1,0,0,0
15749103,4,1,0,1,1
15810203,6,2,1,0,0
15813660,2,1,0,1,0
15605673,8,2,0,0,0
15669282,10,1,0,0,0
15792726,8,2,1,1,0
15593241,3,2,1,1,0
15683053,2,1,1,0,1
15632736,3,2,1,1,0
15731865,1,2,1,0,0
15760450,1,2,1,1,0
15787204,1,1,0,0,0
15650454,5,2,1,1,0
15573730,6,2,1,0,0
15705050,9,2,1,1,0
15791342,1,1,1,1,0
15684316,9,2,0,0,1
15700540,2,1,0,0,0
15770631,5,1,1,1,0
15790594,6,2,0,1,0
15604020,4,1,0,1,0
15637599,4,1,1,0,1
15736578,1,1,1,1,0
15666332,2,2,1,1,0
15727291,1,2,1,0,0
15785920,1,2,1,1,0
15658987,4,2,1,1,0
15687719,5,2,0,1,0
15799641,2,2,1,0,0
15758702,8,2,1,1,0
15689526,9,2,1,0,1
15586848,1,2,1,0,0
15707637,1,1,1,0,1
15719426,8,2,1,1,1
15639265,7,1,1,0,0
15576124,1,1,1,0,0
15757829,10,2,1,0,0
15633227,9,1,0,0,0
15753092,5,1,1,1,1
15782939,4,1,1,0,1
15746338,2,2,1,1,0
15590676,1,1,1,0,0
15599329,7,4,0,1,1
15783097,6,1,1,0,0
15597885,6,2,1,1,0
15597467,8,2,1,1,0
15724764,10,2,0,0,0
15778418,9,1,1,1,1
15684769,10,1,0,1,0
15756167,5,1,1,1,0
15632439,4,2,0,1,0
15755138,8,2,1,1,0
15659092,5,2,1,0,1
15742116,9,2,0,0,0
15801994,9,2,1,0,0
15647572,0,1,1,1,0
15644551,3,2,1,0,0
15709135,7,2,0,0,0
15684469,2,1,1,0,0
15627637,8,2,1,0,0
15667093,2,1,1,1,0
15690589,9,1,0,1,0
15595350,3,2,1,0,0
15777586,2,2,1,0,0
15804064,2,1,1,1,0
15717770,7,1,0,0,1
15754443,9,1,1,0,1
15776939,3,2,1,0,0
15713517,6,2,1,0,0
15683522,2,1,1,1,0
15673995,9,1,1,0,0
15771054,5,2,1,0,0
15578788,6,2,0,0,0
15737408,6,1,1,0,0
15750837,0,1,0,1,0
15576022,5,2,0,1,0
15635502,2,1,1,0,0
15627298,7,2,1,0,1
15811415,6,2,1,1,0
15645059,8,2,0,0,0
15689671,4,1,1,1,0
15718667,7,1,1,0,0
15803202,10,1,1,1,1
15593683,8,2,1,0,0
15703394,3,2,1,0,0
15570289,8,1,1,0,1
15567437,7,1,1,1,0
15711687,4,1,0,1,0
15656592,8,2,1,1,0
15634373,5,2,0,1,0
15769125,10,2,0,1,0
15711386,6,2,0,1,0
15714241,9,1,0,0,1
15642530,10,1,1,0,1
15713599,10,1,0,1,0
15744770,2,2,0,0,0
15780498,3,1,1,1,0
15624397,8,1,0,1,0
15615219,5,1,0,1,0
15570908,7,1,0,1,0
15762855,8,2,1,1,0
15661827,4,2,1,1,0
15746035,9,2,0,1,0
15691906,5,2,1,0,1
15793424,8,2,1,0,0
15577905,8,2,0,1,0
15667216,10,2,1,1,0
15673971,6,1,1,0,1
15701238,1,2,1,0,0
15644849,2,1,1,1,0
15635531,8,2,1,0,0
15632263,5,1,1,0,0
15720110,2,1,1,1,0
15619045,4,2,0,1,0
15697510,7,1,1,0,1
15784923,3,1,1,1,1
15567383,2,2,0,1,0
15732621,10,1,1,1,0
15757981,8,1,1,1,0
15727819,10,1,1,1,0
15738088,10,2,1,0,1
15765173,3,1,0,0,1
15665159,0,2,1,1,1
15618203,8,2,1,1,0
15791452,1,2,1,0,0
15638159,6,1,0,0,0
15585466,10,2,1,0,0
15677310,5,1,0,0,1
15646262,7,1,1,0,0
15656901,8,2,1,1,0
15621093,4,2,0,0,0
15592123,6,2,1,1,0
15589200,9,2,1,0,0
15602934,6,2,1,0,0
15812720,10,2,0,1,0
15695383,9,2,1,0,0
15723064,1,2,1,0,0
15761606,9,1,1,0,0
15650322,3,1,0,1,0
15669782,9,1,1,0,1
15751628,7,1,0,1,0
15809057,6,2,1,1,0
15617052,9,1,1,0,1
15590810,9,1,1,0,1
15801293,1,2,1,1,0
15770968,8,2,1,0,0
15572356,1,1,0,1,0
15603247,1,1,1,0,0
15619116,2,2,0,1,0
15691792,8,1,0,0,0
15783276,9,2,1,1,0
15766137,2,2,1,1,0
15574554,8,2,1,1,0
15578671,1,1,1,1,1
15716608,2,3,1,0,1
15690670,2,2,0,1,0
15630466,8,1,0,0,0
15630349,5,2,1,0,0
15803801,4,2,1,0,0
15647890,9,1,1,1,0
15606115,6,1,1,1,1
15714642,7,1,1,0,0
15741181,6,1,1,1,0
15773973,2,2,0,1,0
15758546,8,2,1,1,0
15598940,6,2,1,1,0
15669783,3,2,0,1,1
15624993,7,1,1,1,1
15760568,5,2,0,1,0
15699047,9,2,1,1,0
15616168,7,1,1,1,0
15773146,3,2,0,1,0
15770375,8,1,1,0,0
15589725,4,2,1,1,0
15710034,1,2,0,1,1
15800806,7,2,1,1,0
15570485,4,1,0,0,0
15575391,3,2,1,1,0
15790750,10,1,0,1,0
15714832,9,1,0,0,0
15619953,6,1,1,0,0
15673929,4,2,1,1,0
15578835,1,1,0,1,0
15752388,6,2,1,1,0
15797081,9,2,1,1,1
15570194,5,2,0,0,0
15580149,7,2,1,0,0
15777708,3,2,1,0,0
15769955,1,2,0,0,0
15810444,6,1,1,0,1
15645593,2,1,1,0,0
15765345,4,2,1,1,0
15760873,7,1,1,1,0
15794178,3,1,1,0,0
15589361,9,1,1,1,0
15662483,7,2,1,1,0
15809736,2,1,1,1,1
15731148,0,1,1,1,1
15774328,1,2,1,1,0
15646969,2,2,1,1,0
15718769,1,1,1,0,0
15610226,9,2,0,0,0
15616270,4,1,0,1,0
15790717,7,2,1,0,0
15635703,1,1,1,1,0
15616365,2,2,1,0,0
15630244,10,2,1,0,0
15734714,3,1,1,0,0
15721433,4,2,1,0,0
15590201,5,4,1,1,1
15590828,7,1,1,0,0
15752097,8,1,1,0,0
15800031,3,1,1,1,1
15630857,6,2,1,1,0
15689953,10,1,0,0,0
15759733,5,2,1,1,0
15810826,6,2,0,0,0
15668009,1,2,0,1,0
15743456,10,2,1,0,0
15725762,4,1,1,0,0
15761713,7,1,0,0,0
15769246,2,1,1,0,1
15781129,8,2,1,1,1
15599124,5,2,1,0,0
15639004,2,2,1,1,0
15810995,3,1,1,1,0
15653773,7,1,1,1,0
15708357,8,1,1,0,0
15733597,0,2,0,0,0
15789560,8,1,1,1,1
15699524,3,1,1,0,0
15626475,2,2,1,1,0
15810839,0,1,0,0,0
15684318,6,2,1,1,0
15768120,9,2,1,0,0
15712807,3,1,1,1,1
15696371,1,1,0,0,0
15675794,9,1,1,0,1
15774277,2,2,1,1,0
15603764,4,1,1,1,1
15618647,1,1,1,1,0
15614643,2,2,1,0,0
15707696,5,2,1,1,0
15749583,2,3,0,0,1
15815125,4,2,1,1,0
15779620,1,1,0,1,0
15768233,8,1,0,1,1
15637788,3,1,1,0,0
15777046,9,1,1,0,0
15788723,10,2,1,1,1
15790489,5,1,0,1,0
15739476,5,1,1,1,0
15612670,10,2,1,1,0
15631222,2,1,1,1,0
15658972,8,1,1,0,0
15724691,1,2,1,1,0
15740442,8,1,1,0,1
15760427,6,1,1,0,0
15677939,3,2,1,1,0
15611599,2,2,1,1,0
15633474,2,1,1,1,0
15671973,5,2,1,1,0
15790019,9,1,1,1,0
15737735,4,1,1,1,1
15661745,3,1,0,1,0
15797065,0,2,0,1,0
15710671,3,1,0,0,0
15656522,10,1,1,0,0
15705085,9,2,1,0,0
15744873,5,1,0,0,1
15781914,9,2,1,1,0
15637354,7,2,1,1,0
15717307,5,2,1,0,0
15746695,6,1,1,0,0
15804962,1,1,1,1,1
15665378,6,2,1,0,0
15757865,7,2,1,1,0
15578787,4,1,1,0,1
15794323,8,1,1,0,0
15697546,3,2,1,0,0
15629519,1,2,1,1,0
15624703,9,2,1,0,0
15570002,8,4,0,0,1
15808566,2,2,1,1,0
15805463,2,2,1,1,0
15709136,8,2,1,1,0
15801605,0,2,1,1,0
15567855,1,2,0,0,0
15675141,4,1,1,0,0
15665759,5,1,1,1,0
15761487,5,1,0,1,1
15700394,4,2,1,0,1
15631162,10,2,0,1,0
15630641,6,1,1,1,0
15585066,1,1,0,1,1
15722991,9,1,0,0,1
15737404,1,1,1,1,0
15722409,8,1,1,1,0
15806420,9,2,1,0,0
15658148,7,2,1,0,0
15810660,4,2,0,1,0
15709780,9,2,1,1,0
15727350,8,1,0,0,0
15752312,1,2,1,1,0
15616745,2,1,1,1,0
15572294,7,1,0,0,0
15674110,2,1,0,1,0
15662501,3,1,1,0,1
15649239,10,2,1,0,0
15700424,5,1,1,1,0
15636388,7,1,1,0,0
15713975,10,1,1,0,1
15592925,3,3,0,1,1
15581626,8,1,1,1,1
15641319,4,1,0,0,1
15723481,8,2,0,1,0
15787825,6,1,1,1,0
15710726,8,2,0,1,0
15627195,1,2,1,0,0
15657957,8,1,1,0,1
15676117,9,1,1,0,0
15607874,0,1,0,1,0
15796993,1,2,0,0,1
15649858,9,1,1,1,0
15811032,8,1,1,1,0
15679963,8,1,0,0,0
15579131,7,2,1,1,0
15572428,0,1,1,1,0
15622461,7,2,0,0,0
15636105,2,2,1,1,0
15583849,3,2,0,0,0
15718780,4,1,1,1,0
15739271,2,1,1,1,0
15697129,1,2,1,0,0
15763415,0,1,1,1,0
15796617,2,2,1,0,0
15626628,2,2,1,0,0
15765857,2,1,1,0,0
15742511,3,1,1,0,0
15786433,3,2,1,1,0
15685805,6,2,1,0,0
15627971,8,1,0,0,0
15783025,3,2,1,0,0
15726289,0,1,1,0,0
15802118,7,1,1,1,0
15607990,6,1,1,1,0
15695932,5,1,0,1,0
15812279,5,2,0,0,0
15687558,10,1,1,0,0
15729065,2,2,1,1,0
15698902,1,1,1,0,1
15570192,8,1,0,0,0
15809265,4,1,1,1,0
15745201,4,2,1,1,0
15580623,8,2,0,0,0
15578156,5,1,1,1,0
15631063,2,2,1,0,0
15692577,10,1,1,0,0
15810910,9,2,1,1,0
15723217,9,1,1,0,0
15733111,6,1,1,1,0
15610727,7,1,1,0,0
15792720,6,1,0,0,0
15723153,3,2,1,0,0
15802823,7,2,1,1,0
15756118,8,1,1,0,0
15684934,9,2,1,1,0
15776936,7,1,0,1,1
15729087,9,2,0,1,0
15786463,8,2,0,0,1
15717498,6,2,0,1,0
15718406,3,2,1,0,0
15799468,3,1,0,0,0
15626383,7,1,0,1,0
15597385,5,2,0,1,0
15570271,6,1,1,1,0
15690330,8,1,0,1,0
15680611,9,3,1,1,0
15810227,2,2,1,1,0
15807194,5,2,1,0,0
15712199,2,2,1,1,0
15694995,2,2,0,1,0
15723400,4,2,1,1,0
15654772,6,2,0,1,1
15574743,2,1,1,1,0
15807593,7,1,0,0,0
15686718,9,1,0,1,0
15695299,2,1,1,0,0
15722701,1,1,1,0,0
15799635,2,1,0,0,1
15742323,7,2,1,0,0
15658435,5,2,0,0,0
15586029,2,2,1,0,0
15772337,0,1,1,1,1
15807555,2,2,1,0,0
15603378,3,1,0,1,0
15792862,1,1,1,0,1
15657349,8,1,0,0,1
15777614,1,2,1,1,0
15653952,3,1,1,1,0
15724336,5,1,1,0,0
15689594,5,1,0,0,0
15801920,5,2,0,0,0
15653347,1,1,0,0,1
15749951,5,1,1,0,1
15648178,4,1,0,1,0
15738662,9,1,1,0,0
15640855,5,2,1,0,0
15584288,6,2,1,1,0
15760988,9,2,0,0,0
15569624,6,2,1,0,0
15597949,5,1,1,0,1
15604551,3,2,1,0,0
15617476,5,2,0,1,0
15645323,2,1,1,1,1
15793311,8,2,0,1,1
15764153,0,2,1,1,0
15802560,6,1,1,1,0
15728608,9,2,0,1,0
15770474,1,3,0,1,1
15724444,1,2,1,1,0
15753110,3,2,1,0,1
15711521,3,1,1,1,0
15632816,2,1,1,1,0
15693637,7,2,1,1,0
15725509,5,2,1,1,0
15684645,9,2,1,0,0
15692235,1,2,1,0,0
15777459,4,2,1,1,1
15656937,1,1,1,0,0
15610643,3,1,1,0,0
15777315,6,2,0,0,0
15611058,5,2,1,1,1
15630413,5,2,1,1,0
15635942,9,2,1,0,1
15648858,1,1,0,1,0
15810732,8,2,1,0,0
15705448,7,1,1,1,1
15730488,1,1,0,1,0
15620443,6,2,1,1,0
15741078,7,2,0,1,0
15753161,5,2,1,0,0
15711396,8,2,1,1,0
15593499,6,1,1,0,1
15579189,5,2,0,1,0
15743545,2,2,1,0,0
15791316,3,2,1,1,0
15608246,8,1,1,1,1
15676526,4,1,1,1,0
15813911,5,1,1,0,0
15630195,6,1,1,1,0
15736250,2,1,0,1,1
15671334,4,1,1,0,0
15574169,0,1,1,0,0
15718839,2,2,0,1,0
15762331,9,1,1,0,0
15606901,7,2,1,0,0
15713559,5,2,1,1,0
15768881,2,2,1,1,0
15743075,6,2,1,1,0
15660980,6,2,1,1,0
15810942,2,1,0,1,0
15728362,3,2,1,0,0
15683339,6,1,1,0,1
15685476,5,1,0,1,0
15663650,10,3,1,0,1
15617434,9,1,0,1,0
15622470,10,1,1,1,0
15703682,10,1,0,0,0
15727391,9,2,1,0,0
15711062,5,2,1,1,0
15567339,9,1,1,1,0
15760662,2,1,1,1,0
15605737,5,2,1,0,0
15692977,2,2,0,0,0
15672082,3,2,1,0,0
15600280,6,2,0,0,0
15804052,6,2,1,1,0
15576065,5,1,1,1,1
15796838,4,1,0,1,0
15693526,0,1,1,0,0
15748595,1,2,1,1,0
15679029,7,1,0,0,0
15753639,5,2,0,0,0
15604138,2,1,0,0,1
15666095,4,2,0,1,1
15643487,10,1,0,0,1
15764033,1,1,1,0,1
15747288,6,1,0,1,1
15790599,5,2,1,1,0
15737705,4,1,1,0,0
15737194,5,2,1,0,0
15726776,1,1,1,1,0
15804357,3,1,1,1,0
15664432,7,1,1,0,1
15688984,4,1,1,0,0
15583026,0,1,1,0,0
15771668,10,1,0,0,1
15779904,5,2,1,1,0
15784323,7,2,0,0,0
15756277,8,2,1,0,0
15663312,9,2,1,0,0
15793197,8,1,0,0,0
15731463,10,1,1,1,0
15621768,6,1,0,0,0
15691323,4,2,1,0,0
15781326,9,1,0,0,0
15595640,8,2,0,0,0
15814331,7,2,1,0,0
15602030,4,1,1,1,0
15747974,1,2,1,0,0
15611315,4,1,1,0,0
15636977,9,3,1,0,1
15690337,5,2,1,0,0
15680666,2,2,1,0,0
15679551,2,1,1,1,1
15778915,7,2,0,1,0
15568849,10,1,1,1,0
15747762,7,1,0,0,0
15753679,4,2,1,1,0
15750049,10,1,0,0,0
15606097,7,1,1,1,1
15802368,6,1,1,1,0
15767488,7,2,1,0,0
15669946,2,1,1,1,0
15612103,2,1,1,1,1
15645353,1,1,1,0,0
15650018,8,1,0,0,0
15659002,6,2,0,0,0
15616028,2,3,0,1,0
15660475,9,1,0,1,0
15652615,8,1,1,1,0
15653572,8,1,0,1,1
15628059,1,2,1,1,0
15703413,7,1,1,0,0
15610433,9,2,1,0,0
15770548,3,1,1,0,0
15645637,6,1,1,1,0
15590888,10,2,0,0,0
15568326,2,2,1,0,0
15655368,1,1,0,0,0
15665579,0,1,1,0,0
15676091,7,1,1,1,0
15716984,4,2,1,0,0
15715078,6,2,1,1,0
15569452,3,2,0,1,0
15628863,4,1,1,1,0
15778192,4,2,1,1,0
15793723,9,2,1,0,0
15798943,8,2,1,0,0
15764708,6,1,1,0,0
15791040,1,2,1,1,0
15631512,8,1,1,0,0
15640106,7,1,0,0,0
15710315,4,1,0,0,1
15771535,9,2,1,0,0
15611947,3,1,1,0,0
15670266,4,1,1,1,0
15609083,6,1,1,0,1
15567923,6,1,0,0,0
15788183,1,2,1,0,0
15735782,9,1,1,0,0
15774401,4,2,0,0,1
15737971,5,2,1,0,0
15758750,0,1,1,1,0
15611767,0,1,0,0,1
15643770,5,1,1,0,1
15744717,2,2,1,1,0
15570681,1,1,1,0,0
15792650,0,1,1,1,1
15605531,6,2,1,0,0
15605339,10,2,1,1,0
15672216,4,1,0,0,0
15812893,10,2,1,1,1
15624180,10,4,1,1,1
15701364,10,2,1,1,0
15762588,5,2,1,1,0
15806318,2,1,1,0,1
15712596,4,1,1,0,0
15600399,4,1,1,0,1
15576216,4,1,1,0,1
15620750,3,1,1,1,0
15623489,0,1,1,1,0
15667944,0,1,0,1,0
15584928,4,2,1,1,0
15779913,5,2,1,1,0
15644977,5,2,1,0,0
15749679,2,1,1,1,0
15629010,5,1,1,1,0
15768465,8,2,1,1,0
15767781,10,1,1,0,0
15635364,9,3,1,1,1
15722004,4,1,0,0,0
15766044,4,1,1,0,1
15586680,4,1,1,0,0
15635388,6,1,1,0,0
15655175,4,2,1,0,1
15639133,4,2,1,0,0
15799653,7,2,1,1,0
15723872,10,2,0,1,0
15775627,8,2,0,1,0
15630704,9,2,1,0,0
15815534,0,1,1,1,0
15697249,3,1,1,0,0
15681316,0,2,1,0,0
15682523,1,1,1,1,0
15650244,7,2,1,0,0
15648638,6,2,1,0,0
15795747,7,1,0,1,0
15607330,0,1,0,1,0
15624013,6,1,1,0,0
15800805,7,1,0,1,0
15667321,10,2,1,1,0
15601116,6,2,1,1,0
15622033,3,4,1,0,1
15758451,7,1,1,0,0
15688689,8,2,1,1,0
15652674,0,1,1,1,0
15806327,3,2,1,0,0
15649618,7,2,0,1,0
15677117,6,2,1,1,0
15751445,6,2,0,1,0
15749669,3,2,1,1,0
15656351,3,2,1,1,0
15667438,1,1,0,0,1
15682273,5,1,1,0,0
15580912,5,2,1,1,0
15785183,2,2,1,1,0
15705383,4,1,1,1,0
15712903,3,1,1,1,0
15774285,8,1,1,1,0
15583138,2,2,1,0,0
15740160,1,2,1,1,0
15793425,9,1,0,1,0
15749265,1,1,1,1,0
15623989,3,1,1,0,1
15604832,7,1,1,1,0
15584580,6,1,0,0,0
15573854,5,2,0,1,0
15614847,6,1,0,1,0
15679966,3,1,1,1,0
15799435,1,1,1,0,0
15752186,3,2,1,0,0
15705544,3,1,0,1,0
15713632,5,1,0,0,0
15586523,7,1,1,1,1
15609176,5,2,0,1,0
15769308,9,2,1,0,0
15676810,1,2,1,1,0
15634591,8,1,1,1,0
15679804,5,2,1,1,0
15677764,1,2,1,1,0
15571917,5,2,1,0,0
15574608,8,1,1,1,0
15740868,9,1,1,1,0
15702442,9,2,1,1,0
15699797,8,1,0,0,0
15648047,5,2,0,0,0
15766826,7,1,1,0,1
15591628,9,1,1,0,0
15583857,4,2,0,0,0
15752534,10,2,1,1,0
15741403,1,1,0,0,0
15783589,9,2,0,0,0
15598046,5,2,1,0,0
15643330,2,2,0,1,0
15680405,2,2,1,1,0
15728683,0,2,0,1,0
15621644,6,1,0,1,0
15733032,2,2,1,1,0
15608381,2,1,1,0,1
15658946,10,2,1,0,0
15757912,0,1,0,0,0
15645371,7,1,1,1,1
15653110,8,1,1,0,0
15766355,0,3,1,0,1
15585249,6,1,1,0,1
15611786,9,1,0,1,0
15575486,1,2,1,1,0
15780215,6,2,1,1,0
15686099,1,1,1,0,1
15739042,9,2,1,0,0
15815316,9,4,1,0,1
15778489,9,2,1,1,0
15786389,10,2,1,1,0
15601787,2,1,0,1,1
15624715,2,1,1,1,0
15763093,7,2,1,0,0
15572073,5,2,1,1,0
15780256,9,2,1,1,0
15659305,8,1,1,1,0
15638882,9,1,1,0,1
15714680,5,1,1,1,0
15777217,10,2,1,1,0
15739123,4,2,1,0,0
15594450,9,1,1,0,0
15797751,5,1,1,1,1
15691543,2,1,1,1,0
15722845,1,2,1,1,0
15605804,10,2,1,0,0
15702061,7,2,1,1,0
15694321,3,2,1,0,0
15798749,3,2,1,0,0
15720050,2,1,1,0,0
15758048,2,1,1,1,0
15805681,9,1,1,1,0
15802809,0,1,1,1,0
15807239,7,1,0,0,0
15749093,4,2,0,0,0
15689344,4,3,0,1,0
15606076,7,1,1,1,0
15610090,8,2,1,0,0
15693926,0,1,1,1,0
15791501,8,2,1,1,0
15621870,8,1,1,0,0
15734711,7,1,1,0,1
15814405,9,1,1,1,1
15729359,9,2,1,1,0
15606944,9,1,1,0,1
15671934,2,1,0,1,0
15641773,2,2,1,1,0
15701972,3,1,1,1,0
15749114,3,2,1,1,0
15780362,9,2,1,0,0
15753229,9,1,1,1,0
15656009,6,1,1,0,0
15785024,9,1,1,0,1
15670492,8,2,1,0,0
15795458,2,1,1,1,0
15732438,4,4,0,0,1
15781987,9,1,1,1,0
15775826,1,1,0,1,0
15807457,1,2,1,0,0
15632538,5,1,1,1,0
15641389,4,2,1,0,1
15657306,2,1,0,0,1
15709447,0,1,1,0,0
15762682,1,2,1,0,0
15626042,2,2,1,1,0
15597109,1,1,0,1,0
15756148,2,1,1,1,0
15665634,7,1,1,1,0
15739997,2,2,0,1,0
15686242,4,1,0,0,1
15759244,8,2,1,1,0
15672027,10,2,1,0,0
15594576,1,1,0,0,0
15707138,5,2,1,1,0
15756954,2,1,1,1,0
15619130,5,2,1,1,0
15639665,0,2,1,1,0
15571065,0,2,1,0,0
15686060,9,1,1,0,1
15615753,8,1,1,1,0
15800961,1,2,0,1,0
15763065,2,2,1,0,0
15672467,7,2,0,1,0
15752915,2,2,1,1,0
15744695,5,1,1,1,0
15584897,3,1,0,0,0
15601857,4,1,0,0,1
15674156,3,1,1,1,0
15695465,6,1,1,0,0
15792232,5,2,0,0,0
15807900,7,1,1,1,1
15743760,6,2,1,1,0
15652835,2,1,0,1,0
15767818,10,1,1,0,0
15591150,10,2,0,1,0
15734659,5,2,1,0,0
15796115,4,4,1,0,1
15724648,6,1,0,0,0
15737732,10,2,1,0,0
15632280,9,1,1,0,1
15750407,2,2,0,0,0
15795370,6,1,1,0,0
15656829,6,2,1,0,0
15643794,2,1,1,1,0
15798605,1,1,1,1,0
15637324,7,2,0,1,0
15589589,5,1,1,0,0
15778936,9,1,1,0,0
15757385,8,1,1,0,0
15666200,1,2,1,1,0
15683977,4,2,1,1,0
15675518,1,2,0,0,1
15584812,0,2,0,0,0
15752984,9,2,1,1,0
15577913,8,1,1,1,0
15591980,5,2,1,1,0
15598948,5,1,0,1,0
15574142,2,2,1,1,0
15582903,7,2,1,1,0
15733229,7,2,0,0,0
15635752,4,2,1,1,0
15771000,4,3,1,0,0
15804864,5,1,1,1,0
15641175,3,3,0,0,1
15692226,3,1,1,1,0
15584156,10,3,0,0,1
15702656,1,1,1,0,0
15606552,9,2,1,1,0
15687001,1,1,1,1,1
15781903,2,2,1,1,0
15731951,5,1,1,0,1
15580953,4,1,0,1,0
15810390,1,2,0,1,1
15628274,8,2,1,0,0
15615444,8,2,1,1,0
15784010,2,1,1,0,0
15571586,3,1,1,0,1
15748616,5,2,1,0,0
15769402,7,1,1,1,0
15739248,4,2,1,1,0
15603481,4,2,1,1,0
15723604,6,1,1,0,0
15797822,2,1,1,1,0
15665064,8,2,1,0,0
15640580,9,1,1,0,0
15581089,7,2,1,1,0
15728605,4,2,0,1,0
15737385,6,2,1,0,0
15714789,7,1,0,1,0
15786035,9,2,1,0,0
15815259,2,2,1,1,0
15592716,2,1,1,0,1
15734850,1,1,1,0,0
15638047,9,2,1,0,0
15674573,4,1,1,1,0
15694859,10,2,1,1,0
15776404,8,1,1,1,0
15579345,0,1,1,1,0
15690733,4,2,0,0,1
15631481,8,2,1,1,0
15620988,2,2,1,0,0
15571529,7,1,1,0,0
15592104,5,1,0,0,1
15651900,1,1,1,0,1
15596212,1,2,0,0,0
15710687,0,1,1,0,0
15613787,8,1,1,0,0
15599211,1,2,1,0,1
15675983,3,1,0,1,0
15622370,1,1,0,1,0
15656319,4,1,1,0,0
15605130,6,1,1,1,0
15672574,5,1,1,1,0
15659355,6,2,1,1,0
15777907,3,1,1,1,1
15655171,3,1,1,1,0
15619674,4,1,1,1,0
15775192,4,1,1,0,1
15617657,0,1,1,1,0
15688951,8,2,0,1,1
15763460,10,1,1,0,0
15756992,1,2,1,0,0
15617454,1,2,0,1,0
15701932,6,1,1,1,0
15700813,5,2,1,0,0
15645600,8,1,1,1,0
15634146,2,1,1,1,0
15686743,3,2,1,1,0
15698792,6,1,0,1,0
15591724,5,1,1,0,0
15571281,10,1,1,1,0
15661380,6,2,0,1,0
15728885,0,1,1,1,0
15618950,8,2,1,1,0
15609804,1,2,1,0,0
15735849,2,2,0,1,0
15652948,4,1,1,0,0
15618155,5,1,1,1,0
15566378,5,1,0,1,1
15565879,9,2,1,1,0
15792922,9,1,1,1,0
15770567,3,1,1,1,0
15738042,8,2,1,1,0
15714920,7,1,1,1,0
15782121,2,2,1,0,0
15673180,2,2,1,0,0
15660636,8,2,1,0,0
15664504,7,2,1,1,0
15790322,0,1,1,0,0
15739847,5,1,1,0,0
15699415,6,1,1,0,1
15665521,5,2,0,1,0
15682868,9,1,1,1,1
15584462,9,1,1,0,0
15661708,5,2,1,1,0
15584452,6,2,0,0,0
15717010,5,1,1,1,0
15643828,7,2,1,1,0
15733361,6,1,1,0,1
15795488,2,2,1,0,0
15581551,8,1,1,1,0
15632051,10,1,1,0,1
15780409,6,2,1,0,0
15572767,2,2,1,0,0
15590337,6,1,1,1,1
15634551,3,4,1,0,1
15669290,8,1,1,1,0
15621140,9,2,1,1,0
15613518,6,1,0,1,0
15728043,7,2,1,0,0
15570073,1,1,1,1,0
15777033,7,2,1,1,0
15682454,3,2,1,1,0
15758513,7,2,1,0,0
15772604,1,2,1,0,0
15721715,9,1,1,1,0
15688563,4,2,1,0,0
15772009,5,1,1,1,0
15809585,7,2,1,0,0
15593778,3,3,1,0,1
15655360,5,1,1,0,1
15780909,7,1,0,0,1
15757310,6,1,1,1,0
15801411,4,1,1,0,1
15761706,8,1,1,1,0
15658409,5,3,1,1,1
15810010,6,2,1,0,0
15627027,5,2,1,1,0
15624374,9,2,0,1,0
15720083,1,2,0,1,0
15752294,9,4,1,1,1
15743193,6,2,1,0,1
15696733,4,1,1,0,0
15677522,1,2,0,0,0
15643523,10,2,1,0,0
15624936,8,1,1,1,0
15716085,8,1,1,0,1
15641688,7,1,0,1,1
15796834,7,2,1,1,0
15720123,3,2,1,0,0
15604732,9,2,0,0,0
15723484,1,1,1,0,0
15807120,3,1,1,0,1
15810891,2,2,0,1,0
15640407,0,2,1,1,0
15778838,9,1,1,0,0
15709256,9,2,1,1,0
15742285,6,1,1,1,0
15729019,8,1,1,0,0
15608588,2,1,1,1,1
15610557,7,2,1,1,0
15786418,6,1,0,1,0
15653050,10,1,1,0,0
15744914,1,1,1,0,0
15669611,3,1,1,1,0
15594786,7,1,1,1,0
15649211,8,1,1,0,0
15766066,1,1,0,0,0
15772216,1,1,0,1,0
15619898,5,2,1,1,0
15724543,5,2,1,1,0
15755084,7,1,1,0,0
15730441,10,2,1,1,0
15666767,1,1,0,0,0
15690456,7,1,0,1,0
15570533,7,1,0,1,1
15797692,7,1,1,0,0
15603135,3,1,0,0,1
15698927,7,2,0,1,0
15687363,3,2,1,1,0
15733444,9,2,0,0,0
15678057,10,2,0,0,0
15806918,5,1,1,1,0
15638247,9,2,1,0,0
15674833,1,2,1,0,0
15812534,1,3,0,1,0
15586522,2,1,1,0,0
15794297,1,2,1,0,0
15737025,1,3,0,0,1
15615931,4,2,0,1,0
15664860,3,2,1,0,1
15664539,9,1,0,0,0
15583692,2,2,1,0,0
15693131,3,1,1,1,0
15779973,3,1,1,1,0
15620557,4,1,0,1,0
15639549,4,1,0,0,0
15618750,8,1,1,0,0
15796790,8,1,1,0,0
15668309,0,1,1,1,1
15732437,0,2,1,1,1
15665158,1,1,0,1,0
15689322,3,1,1,0,0
15596624,9,2,1,1,0
15601977,2,1,0,1,0
15801462,8,2,1,1,0
15566139,5,1,1,0,0
15791006,6,1,1,0,0
15668057,6,1,1,0,0
15580805,10,2,1,0,0
15658768,2,1,0,0,1
15613048,5,1,1,1,1
15803654,2,1,1,1,0
15662337,1,2,0,1,1
15650924,4,2,1,1,0
15647203,3,1,1,0,0
15682778,9,2,1,1,0
15579820,6,1,1,0,0
15709354,2,2,1,1,0
15728480,8,2,1,1,0
15641091,5,1,0,0,0
15603111,10,1,1,0,1
15679693,5,2,0,1,0
15797190,7,1,0,0,0
15788025,0,2,1,1,0
15646168,5,2,1,0,0
15580493,1,1,1,0,0
15726720,7,1,1,0,1
15735799,3,1,1,1,0
15773098,5,2,0,0,0
15668971,4,2,1,0,0
15603221,4,1,0,1,0
15740043,5,1,1,1,0
15712264,10,2,1,1,0
15751926,3,2,1,1,0
15589401,4,2,1,0,0
15742019,6,2,0,0,0
15660611,3,2,1,1,0
15607634,9,2,0,1,0
15595036,7,1,1,0,0
15745794,6,2,1,1,0
15781689,5,2,1,0,0
15696054,2,1,0,1,0
15752467,3,2,1,1,0
15597739,3,1,1,0,0
15651336,4,2,1,0,0
15636061,4,2,1,1,0
15723013,7,2,1,1,0
15784148,9,2,0,0,0
15578098,8,2,1,1,0
15638621,1,1,1,0,0
15720924,1,1,1,1,0
15566531,4,1,0,1,1
15718064,2,2,0,0,0
15605067,9,2,1,0,0
15655335,1,2,1,0,0
15607301,8,1,1,1,0
15694628,4,2,1,0,0
15607112,6,2,0,1,0
15635775,3,1,1,0,0
15644280,4,1,0,0,0
15708362,4,2,1,1,0
15771997,10,1,1,0,0
15730579,5,1,1,1,0
15728005,9,2,1,0,0
15791674,10,2,0,1,1
15754599,4,2,1,1,0
15693690,7,1,1,0,0
15728963,10,1,0,0,1
15659710,5,2,1,0,0
15658675,6,1,0,1,0
15638788,8,1,1,1,0
15609735,6,2,0,0,1
15771477,9,1,0,0,0
15570145,2,2,1,0,0
15797149,4,2,1,1,0
15636912,3,1,1,0,0
15687828,5,1,1,1,0
15667424,7,2,1,1,0
15759872,9,2,1,0,0
15572374,1,2,0,1,0
15754926,6,2,1,0,0
15687431,7,1,1,1,0
15604515,10,2,0,0,0
15682839,8,1,1,1,0
15624677,3,2,0,0,0
15646366,8,1,0,1,0
15701768,3,2,1,1,0
15623566,9,1,1,1,0
15681274,2,1,1,1,0
15762573,7,2,1,0,0
15706458,5,3,1,1,1
15654222,3,1,0,1,0
15704053,3,2,1,0,1
15724321,9,1,0,0,1
15621815,6,1,1,0,0
15724876,5,1,1,1,0
15696588,3,2,1,1,0
15612832,7,1,0,0,0
15804295,2,2,1,1,0
15712536,3,2,1,0,1
15662494,7,1,1,1,0
15807728,1,1,0,1,1
15764916,7,1,0,1,1
15615330,10,2,1,1,0
15638487,2,1,0,1,0
15627859,7,1,1,0,0
15622192,3,2,0,1,0
15789413,3,2,1,1,0
15583221,3,2,1,1,0
15768495,8,2,1,1,1
15644103,2,1,0,1,0
15741197,8,3,1,0,0
15664547,7,1,0,0,1
15797293,3,2,1,0,0
15572021,8,2,1,0,0
15637461,7,2,1,0,0
15620577,4,2,1,1,0
15609643,9,2,0,1,0
15785358,8,1,1,1,1
15603883,4,2,1,1,0
15782550,0,1,1,1,0
15775761,5,3,0,0,1
15680201,5,2,1,0,1
15767594,8,2,1,1,0
15591985,8,1,1,1,1
15789339,4,1,0,1,0
15781530,8,2,1,1,0
15705174,7,1,1,1,0
15572114,1,1,1,1,0
15804009,8,2,1,1,0
15662698,7,1,1,1,1
15696047,6,1,1,1,0
15701160,4,1,1,1,0
15790093,2,2,1,0,0
15632143,2,1,0,0,0
15736778,1,2,1,1,0
15734917,8,2,1,0,0
15643903,1,1,1,0,0
15569526,10,2,0,0,0
15777067,2,1,0,1,0
15795511,4,1,1,0,0
15610419,3,1,1,1,0
15644994,4,2,0,1,1
15703707,10,1,0,0,0
15659327,5,1,1,0,1
15771323,5,1,1,1,0
15750549,1,2,1,1,0
15698462,4,2,1,1,0
15739692,1,2,0,0,0
15744041,3,1,1,0,0
15700714,7,2,1,1,0
15777743,3,1,1,1,0
15623143,9,2,1,0,0
15712568,10,1,1,0,0
15617432,9,1,1,1,0
15650424,3,1,1,1,1
15728829,7,1,1,0,0
15680430,4,2,1,0,0
15687626,4,2,1,0,1
15609187,5,2,0,0,0
15609521,4,2,1,1,0
15752626,7,1,0,1,0
15571756,5,1,1,0,0
15814040,1,2,1,1,0
15658211,2,2,1,1,0
15742091,6,1,1,0,1
15787168,8,1,1,1,0
15772363,0,1,1,0,0
15659364,5,1,0,0,0
15738980,2,2,1,0,0
15794236,10,2,1,1,0
15721383,10,2,1,1,0
15652981,2,1,1,1,0
15722731,0,1,1,0,1
15640507,3,3,1,1,1
15578878,3,1,1,1,0
15744295,1,1,1,0,0
15776558,1,1,0,1,0
15596136,9,1,1,1,0
15704597,7,1,0,1,0
15648272,9,1,1,1,0
15594915,8,2,0,1,0
15581115,9,1,0,0,0
15763907,1,1,1,0,1
15705994,10,1,1,0,0
15772421,1,1,1,1,0
15711572,9,2,1,0,0
15691170,10,1,1,1,0
15600106,1,2,0,0,0
15745431,7,2,1,1,0
15649508,8,2,1,0,0
15812611,5,2,0,1,0
15619699,7,1,1,0,0
15813946,1,1,1,0,1
15762762,5,1,0,0,0
15629793,8,2,1,0,0
15781298,3,1,0,1,0
15622658,2,1,1,0,0
15658980,9,1,1,0,0
15701936,10,1,1,0,1
15686917,4,2,1,0,0
15807312,5,2,0,1,0
15574523,1,2,1,1,0
15724200,1,1,0,1,0
15738224,6,1,1,0,0
15593283,1,2,1,1,1
15814690,2,1,1,1,1
15807245,1,2,1,0,0
15799358,6,1,0,1,1
15616172,2,2,1,0,0
15777958,10,2,1,1,0
15809124,5,1,1,1,0
15616367,1,1,0,0,1
15687385,5,1,1,1,0
15607877,8,2,0,1,0
15736327,1,2,1,1,0
15746704,9,2,1,1,0
15778304,0,1,1,1,0
15588456,5,1,1,1,0
15664035,9,2,1,1,0
15596405,7,2,1,1,0
15815097,9,2,1,0,0
15762708,10,1,1,1,0
15776211,6,2,1,1,0
15626012,4,1,0,0,0
15792077,8,2,1,0,0
15718765,6,1,0,0,1
15576615,10,1,1,0,0
15752650,6,1,1,1,0
15797502,2,1,1,1,0
15687329,1,2,1,0,1
15779423,1,2,1,1,0
15619514,3,1,1,0,1
15615430,4,1,1,1,1
15716431,10,2,1,1,0
15798341,8,1,1,1,0
15651958,8,2,1,1,0
15726179,5,2,1,1,1
15652999,1,1,1,1,0
15691950,3,2,1,0,0
15632446,4,2,0,0,0
15620936,4,2,1,1,0
15587640,0,1,1,0,0
15782231,6,2,1,0,0
15580462,1,1,1,1,0
15736371,3,2,1,1,0
15648032,2,2,0,1,0
15610454,9,1,1,1,0
15671358,4,2,1,0,0
15747130,7,2,0,1,0
15578374,7,1,1,0,0
15572182,3,3,1,0,1
15770041,8,1,0,1,0
15669414,9,2,1,0,1
15777054,3,1,1,0,0
15621021,1,2,1,0,0
15785490,3,1,1,1,1
15577695,2,1,1,0,0
15686974,4,1,0,1,1
15574584,8,1,1,1,0
15719541,2,2,1,0,0
15646310,8,1,1,1,0
15697606,10,1,0,0,0
15711489,2,1,1,1,0
15670427,4,1,1,0,0
15731755,10,2,1,0,0
15796370,5,1,0,1,0
15598331,9,1,1,0,0
15704795,6,2,1,1,0
15796764,3,3,1,1,1
15589420,2,1,1,1,0
15810563,8,2,1,1,0
15746569,4,1,1,0,1
15811594,3,1,1,1,0
15645896,6,2,0,1,0
15802909,3,1,1,1,0
15797665,7,2,1,0,0
15778959,10,2,0,1,0
15722532,10,1,1,1,0
15784124,2,1,1,0,1
15776518,4,1,1,1,0
15611247,10,2,1,0,0
15721469,9,2,0,0,0
15773338,2,1,1,1,0
15784042,7,1,1,1,1
15776229,3,1,0,0,0
15655903,6,1,1,1,0
15590177,1,1,0,1,0
15568876,1,2,1,0,0
15813140,5,2,0,1,0
15770516,7,2,1,1,0
15755731,8,1,0,1,1
15574480,1,1,0,0,0
15798084,0,2,1,0,0
15673020,3,1,0,1,1
15643575,1,1,0,0,0
15596811,8,1,1,0,0
15786789,6,2,1,1,0
15578865,5,1,1,1,1
15605672,5,1,1,1,0
15603674,1,2,1,1,0
15759915,6,1,1,0,0
15686219,4,2,1,0,0
15696388,4,1,1,1,0
15713604,9,2,0,1,0
15647800,6,1,1,0,0
15813451,8,2,1,1,0
15765375,8,1,0,0,0
15774586,10,1,1,1,1
15603454,5,2,0,1,0
15653037,1,1,0,1,0
15782475,8,2,1,1,0
15593496,5,1,0,0,0
15808971,9,2,1,1,0
15791972,7,2,0,0,0
15676869,8,2,0,1,0
15683007,5,1,1,0,0
15659495,2,1,1,1,0
15703923,7,2,1,1,0
15674000,10,2,0,1,0
15618171,9,2,0,1,0
15732202,1,2,1,1,1
15735078,1,2,1,1,0
15798615,9,1,1,0,0
15638494,10,1,1,1,0
15763874,8,2,1,1,0
15696355,6,1,1,0,0
15655952,2,2,1,1,0
15739850,6,1,0,1,0
15611338,4,2,1,1,0
15707861,10,1,1,0,1
15672237,1,1,1,0,0
15657771,6,1,1,1,0
15677783,4,1,1,0,0
15681026,9,1,1,1,1
15566543,9,2,1,0,0
15594612,9,1,0,0,1
15814664,2,1,1,0,0
15642785,5,2,0,0,0
15690164,4,1,0,0,0
15590213,4,1,1,1,0
15603794,5,1,1,1,0
15733491,8,2,0,0,0
15806360,6,1,0,1,0
15587133,7,2,1,0,0
15721377,3,1,0,0,0
15747927,4,1,1,0,0
15806455,7,2,1,1,0
15695474,7,1,1,0,0
15666295,1,2,1,0,1
15656062,7,1,1,0,0
15579969,9,2,1,1,0
15703563,9,2,1,0,0
15692664,1,1,0,1,0
15719276,6,1,0,0,0
15672754,3,1,1,1,1
15768163,7,1,1,0,1
15656710,4,1,0,0,0
15696175,7,2,1,1,0
15586914,6,2,1,0,0
15581736,1,2,0,1,0
15588839,8,2,1,1,0
15589329,4,2,1,0,0
15605622,4,2,1,1,0
15798964,3,1,1,0,0
15769959,4,1,1,0,1
15657105,2,1,1,0,0
15569266,7,1,1,0,0
15719294,2,2,0,0,0
15606229,5,2,1,0,0
15569892,10,1,1,1,0
15584532,7,1,0,1,1
15682355,3,2,1,0,1
15628319,4,1,1,0,0
