Customer_id,Surename,Age,Gender,Geography
15634602,Hargrave,42,Female,France
15647311,Hill,41,Female,Spain
15619304,Onio,42,Female,France
15701354,Boni,39,Female,France
15737888,Mitchell,43,Female,Spain
15574012,Chu,44,Male,Spain
15592531,Bartlett,50,Male,France
15656148,Obinna,29,Female,Germany
15792365,He,44,Male,France
15592389,H?,27,Male,France
15767821,Bearce,31,Male,France
15737173,Andrews,24,Male,Spain
15632264,Kay,34,Female,France
15691483,Chin,25,Female,France
15600882,Scott,35,Female,Spain
15643966,Goforth,45,Male,Germany
15737452,Romeo,58,Male,Germany
15788218,Henderson,24,Female,Spain
15661507,Muldrow,45,Male,Spain
15568982,Hao,24,Female,France
15577657,McDonald,41,Male,France
15597945,Dellucci,32,Female,Spain
15699309,Gerasimov,38,Female,Spain
15725737,Mosman,46,Male,France
15625047,Yen,38,Female,France
15738191,Maclean,25,Male,France
15736816,Young,36,Male,Germany
15700772,Nebechi,44,Male,France
15728693,McWilliams,43,Female,Germany
15656300,Lucciano,29,Male,France
15589475,Azikiwe,39,Female,Spain
15706552,Odinakachukwu,36,Male,France
15750181,Sanderson,41,Male,Germany
15659428,Maggard,42,Female,Spain
15732963,Clements,29,Female,Spain
15794171,Lombardo,45,Female,France
15788448,Watson,31,Male,Spain
15729599,Lorenzo,33,Male,Spain
15717426,Armstrong,36,Male,France
15585768,Cameron,41,Male,Germany
15619360,Hsiao,40,Male,Spain
15738148,Clarke,51,Female,France
15687946,Osborne,61,Female,France
15755196,Lavine,49,Female,France
15684171,Bianchi,61,Female,Spain
15754849,Tyler,32,Female,Germany
15602280,Martin,27,Female,Germany
15771573,Okagbue,39,Female,Germany
15766205,Yin,38,Male,Germany
15771873,Buccho,37,Female,Germany
15616550,Chidiebele,44,Male,Germany
15768193,Trevisani,36,Male,Germany
15683553,O'Brien,33,Female,France
15702298,Parkhill,41,Male,Germany
15569590,Yoo,42,Male,Germany
15760861,Phillipps,43,Male,France
15630053,Tsao,45,Male,France
15647091,Endrizzi,19,Male,Germany
15623944,T'ien,66,Female,Spain
15804771,Velazquez,51,Male,France
15651280,Hunter,35,Male,Germany
15773469,Clark,27,Female,Germany
15702014,Jeffrey,33,Male,Spain
15751208,Pirozzi,56,Male,Spain
15592461,Jackson,26,Male,Germany
15789484,Hammond,36,Female,Germany
15696061,Brownless,34,Female,Germany
15641582,Chibugo,43,Male,Germany
15638424,Glauert,35,Female,Germany
15755648,Pisano,21,Female,France
15703793,Konovalova,58,Male,Germany
15620344,McKee,29,Male,France
15812518,Palermo,37,Female,Spain
15779052,Ballard,25,Female,Germany
15770811,Wallace,36,Male,France
15780961,Cavenagh,21,Female,France
15614049,Hu,55,Male,France
15662085,Read,32,Female,France
15575185,Bushell,33,Male,Spain
15803136,Postle,41,Female,Germany
15706021,Buley,34,Female,France
15663706,Leonard,32,Female,France
15641732,Mills,36,Female,France
15701164,Onyeorulu,34,Female,France
15738751,Beit,46,Female,France
15805254,Ndukaku,75,Female,Spain
15762418,Gant,22,Male,Spain
15625759,Rowley,30,Male,France
15622897,Sharpe,46,Female,France
15767954,Osborne,28,Female,Germany
15757535,Heap,44,Female,Spain
15731511,Ritchie,45,Male,France
15809248,Cole,36,Female,France
15640635,Capon,29,Male,France
15676966,Capon,42,Male,Spain
15699461,Fiorentini,35,Male,Spain
15738721,Graham,41,Male,Spain
15693683,Yuille,29,Male,Germany
15604348,Allard,22,Male,Spain
15633059,Fanucci,34,Male,France
15808582,Fu,40,Female,France
15743192,Hung,44,Female,France
15580146,Hung,31,Male,France
15776605,Bradley,36,Male,Spain
15804919,Dunbabin,65,Female,Spain
15613854,Mauldon,46,Female,Spain
15599195,Stiger,32,Male,Germany
15812878,Parsons,36,Female,Germany
15602312,Walkom,33,Male,Spain
15744689,T'ang,35,Male,Germany
15803526,Eremenko,30,Male,Germany
15665790,Rowntree,39,Male,Germany
15715951,Thorpe,42,Male,France
15591100,Chiemela,36,Male,Spain
15609618,Fanucci,28,Male,Germany
15675522,Ko,30,Female,Germany
15705512,Welch,37,Female,Germany
15698028,Duncan,41,Female,France
15661670,Chidozie,31,Female,Germany
15600781,Wu,34,Male,Germany
15682472,Culbreth,34,Male,France
15580203,Kennedy,39,Male,Spain
15690673,Cameron,39,Female,France
15760085,Calabresi,48,Female,Germany
15779659,Zetticci,28,Female,France
15627360,Fuller,42,Male,France
15671137,MacDonald,52,Female,France
15782688,Piccio,56,Male,Germany
15575492,Kennedy,41,Female,France
15591607,Fernie,24,Male,France
15740404,He,34,Female,France
15718369,Kaodilinakachukwu,33,Female,Germany
15677871,Cocci,38,Male,France
15642004,Alekseeva,25,Male,France
15712543,Chinweike,39,Male,Germany
15584518,Arthur,50,Female,Germany
15802381,Li,34,Female,Germany
15610156,Ma,40,Male,France
15594408,Chia,48,Female,Spain
15640905,Vasin,35,Female,Spain
15698932,Groves,44,Male,Germany
15724944,Tien,34,Male,France
15628145,Forwood,43,Female,France
15713483,Greeves,52,Male,Spain
15612350,Taylor,31,Female,France
15800703,Madukwe,21,Female,Spain
15705707,Bennelong,29,Female,Spain
15754105,Olisanugo,37,Male,France
15703264,Chukwufumnanya,44,Male,France
15794413,Harris,32,Male,France
15650237,Morgan,32,Female,Spain
15759618,Alexeeva,48,Female,France
15811589,Metcalfe,42,Male,Spain
15689044,Humphries,37,Male,France
15709368,Milne,43,Female,France
15679145,Chou,57,Male,Spain
15655007,Li,33,Female,France
15623595,Clayton,28,Female,Spain
15589975,Maclean,73,Female,France
15804017,Chigolum,33,Female,Germany
15692132,Wilkinson,22,Female,Spain
15641122,Wei,30,Male,France
15630910,Treacy,49,Female,France
15680772,Hu,36,Female,Spain
15658929,Taverner,29,Male,Spain
15585388,Sherman,31,Male,Germany
15724623,Taubman,24,Female,Germany
15588537,Robinson,41,Female,Spain
15574692,Pinto,39,Female,Spain
15611325,Wood,24,Male,Germany
15587562,Hawkins,29,Female,France
15613172,Sun,27,Male,Germany
15651022,Yost,44,Male,Germany
15586310,Ting,30,Male,France
15625524,Rowe,40,Male,France
15755209,Fu,35,Female,Spain
15645248,Ho,30,Female,France
15790355,Okechukwu,36,Male,Germany
15762615,Campbell,40,Female,Spain
15625426,Ashbolt,55,Female,Germany
15716334,Rozier,45,Female,Spain
15789669,Hsia,65,Male,France
15621075,Ogbonnaya,45,Female,Germany
15810845,T'ang,42,Male,France
15719377,Cocci,50,Female,France
15654506,Chang,32,Male,France
15771977,T'ao,39,Female,France
15708710,Ford,37,Female,Spain
15726676,Marshall,30,Male,Spain
15587421,Tsai,34,Female,Germany
15726931,Onwumelu,41,Female,France
15771086,Graham,36,Female,France
15756850,Golovanov,40,Male,France
15702741,Potts,32,Male,France
15679200,Crawford,29,Male,Spain
15594815,Aleshire,35,Male,France
15635905,Moran,32,Female,Spain
15777892,Samsonova,37,Male,Germany
15656176,Jenkins,57,Male,France
15811127,Volkov,35,Male,France
15604482,Chiemezie,30,Male,Spain
15622911,Jude,42,Male,France
15600974,He,50,Male,Spain
15727868,Onuora,38,Female,France
15627801,Ginikanwa,33,Male,Spain
15773039,Ku,37,Male,France
15755262,McDonald,41,Female,Spain
15679531,Collins,34,Male,France
15684181,Hackett,45,Male,France
15612087,Dike,45,Male,France
15752047,Trevisano,33,Male,Germany
15624592,Tan,31,Male,France
15573152,Glassman,41,Female,France
15594917,Miller,34,Female,France
15785542,Kornilova,26,Male,Germany
15723488,Watson,47,Male,Germany
15680920,Marchesi,46,Male,France
15786308,Millar,33,Female,Spain
15659366,Shih,43,Male,France
15774854,Fuller,54,Male,France
15725311,Hay,31,Female,France
15787155,Yang,30,Male,Spain
15727829,McIntyre,42,Male,France
15733247,Stevenson,33,Male,France
15568748,Poole,45,Male,Germany
15699029,Bagley,37,Male,France
15774393,Ch'ien,30,Female,France
15676895,Cattaneo,39,Female,Germany
15637753,O'Sullivan,50,Male,Germany
15605461,Lucas,29,Female,Germany
15808473,Ringrose,72,Male,France
15627000,Freeman,40,Male,France
15787174,Sergeyev,37,Female,France
15723886,Fiore,20,Male,Germany
15704769,Smith,67,Female,France
15772896,Dumetochukwu,42,Male,Germany
15711540,Pacheco,29,Female,France
15764866,Synnot,43,Female,Germany
15794056,Johnston,46,Female,France
15795149,Stevens,28,Male,France
15812009,Grant,38,Male,Spain
15651001,Tsao,39,Female,Germany
15813844,Barnes,37,Male,France
15596175,McIntosh,67,Male,Germany
15576269,Madison,34,Male,Spain
15797219,Ifesinachi,40,Female,France
15685500,Glazkov,26,Male,Germany
15599792,Dimauro,26,Female,France
15657566,Wieck,24,Male,Germany
15772423,Liao,54,Male,Germany
15628112,Hughes,36,Female,Germany
15753754,Morrison,34,Female,Spain
15793726,Matveyeva,79,Female,France
15694717,Ku,37,Male,Germany
15665834,Cheatham,28,Male,Spain
15765297,Yao,41,Male,Spain
15636684,Kirkland,34,Male,France
15592979,Rose,34,Female,Germany
15750803,Jess,30,Female,France
15607178,Welch,38,Male,Germany
15713853,Ifeajuna,42,Male,Germany
15673481,Morton,48,Female,Spain
15686776,Rossi,32,Female,France
15673693,Reppert,26,Female,France
15700696,Kang,31,Male,Spain
15813163,Ch'iu,36,Female,Spain
15653857,Wallis,34,Male,France
15777076,Clark,36,Male,France
15717398,Fielding,39,Female,Spain
15799217,Zetticci,35,Female,Germany
15787071,Dulhunty,41,Male,Spain
15619955,Bevington,34,Male,Germany
15796505,Boyle,34,Female,Germany
15725166,Newton,30,Male,France
15800116,Bowman,28,Male,Germany
15758685,Dubinina,37,Female,Spain
15694456,Toscani,62,Male,France
15767339,Chiazagomekpere,53,Female,France
15683562,Allen,35,Male,France
15782210,K'ung,46,Male,France
15668893,Wilsmore,39,Male,France
15669169,Hargreaves,29,Male,Spain
15643024,Huang,35,Male,Germany
15699389,Ch'ien,42,Male,France
15708608,Wallwork,22,Female,France
15626144,Chu,40,Male,France
15573112,Kang,29,Male,Spain
15790678,Davidson,32,Female,France
15727556,O'Donnell,26,Female,Spain
15697307,Nnachetam,34,Male,Spain
15652266,Chidiebele,42,Male,Germany
15607098,Ahmed,41,Female,Spain
15655774,Booth,27,Male,France
15590241,Chuang,34,Female,Spain
15785819,Shao,38,Male,France
15723654,Tsao,25,Male,France
15774510,Tien,31,Female,France
15684173,Chang,44,Female,Spain
15650068,Johnson,58,Male,France
15811490,French,33,Male,France
15803976,Efremov,31,Female,France
15682541,Hartley,36,Female,Spain
15695699,Calabrese,35,Male,France
15624188,Chiu,33,Female,France
15812191,Brennan,33,Male,France
15636673,Onwuatuegwu,31,Male,France
15594898,Hewitt,43,Male,France
15660211,Shih,35,Male,Germany
15773972,Balashov,50,Male,France
15746726,Doyle,31,Male,Germany
15712287,Pokrovskii,80,Female,France
15702919,Collins,30,Male,Germany
15674398,Russo,38,Male,France
15797960,Skinner,59,Female,Germany
15631868,Robertson,36,Male,Spain
15581539,Atkinson,37,Male,Spain
15662736,Doyle,49,Male,France
15666252,Ritchie,42,Male,Spain
15677512,McEncroe,22,Female,Spain
15626114,Pearson,24,Male,France
15810834,Gordon,57,Female,Spain
15678910,Ts'ai,30,Female,France
15694408,Lung,40,Male,France
15585215,Yuan,31,Female,France
15682757,Pardey,30,Male,France
15736601,Tai,35,Male,France
15601848,Scott,35,Male,France
15736008,Hunter,46,Female,France
15669064,Mazzanti,35,Male,Germany
15624528,L?,26,Male,Germany
15598493,Beach,50,Male,France
15601274,Hsieh,40,Female,Spain
15702669,Faulkner,44,Male,Germany
15728669,Knowles,30,Female,Germany
15742668,Day,37,Female,Spain
15697441,Hsueh,29,Male,France
15740476,Tsao,32,Female,Germany
15648064,Kennedy,33,Male,France
15636624,Nwabugwu,39,Female,Spain
15807923,Young,39,Female,Germany
15745844,Kerr,40,Female,Germany
15786170,Tien,31,Male,France
15681081,Marrero,47,Female,Spain
15684484,White,22,Male,France
15785869,Pisano,25,Female,France
15763859,Brown,43,Female,France
15658935,Freeman,34,Female,Germany
15747358,Russell,59,Male,Germany
15735203,Seleznyov,32,Female,Germany
15576256,Yusupova,39,Male,France
15659420,Foley,32,Male,Spain
15593365,Shih,39,Male,Spain
15777352,Ikedinachukwu,32,Female,Spain
15812007,Power,25,Male,Spain
15625461,Amos,45,Female,France
15739438,Reed,30,Male,France
15611759,Simmons,57,Female,Spain
15661629,Ricci,34,Male,Spain
15633950,Yen,41,Male,France
15592386,Campbell,58,Male,France
15803716,West,28,Male,Spain
15696674,Robinson,45,Female,Germany
15706365,Bianchi,50,Female,France
15745088,Chen,29,Female,Germany
15676715,Madukaego,68,Male,France
15613085,Ibrahimova,33,Female,Spain
15633537,Nolan,42,Female,Germany
15594720,Scott,35,Female,Germany
15684042,Blair,34,Male,Germany
15583303,Monaldo,29,Female,France
15611579,Sutherland,42,Male,Spain
15774696,Cole,75,Female,Germany
15694506,Briggs,31,Male,Germany
15688074,Gregory,31,Male,Germany
15759537,Bianchi,35,Male,Germany
15758449,Angelo,39,Female,France
15583456,Gardiner,45,Male,Germany
15667871,Kerr,35,Male,Spain
15677371,Ko,30,Female,Spain
15629677,Distefano,39,Female,Spain
15713578,Farrell,50,Female,France
15591509,Milano,36,Male,France
15568240,Ting,30,Female,Germany
15622993,Boyd,28,Male,Germany
15689294,Onyemaechi,44,Male,Germany
15720910,Black,66,Female,France
15721181,Oliver,46,Male,Spain
15776433,Greco,62,Male,Spain
15748936,Whitehead,45,Female,Spain
15717225,Ikemefuna,21,Female,France
15685226,Morrison,29,Female,Germany
15785611,Onyeoruru,38,Male,Germany
15573456,Cunningham,46,Male,Spain
15684548,Demidov,38,Male,Spain
15620505,Celis,24,Female,Spain
15807432,Cheng,37,Female,Germany
15584766,Knight,33,Male,France
15612187,Morin,32,Male,Germany
15762218,Mills,39,Female,France
15646372,Outhwaite,66,Female,France
15690452,Tung,52,Male,France
15747795,Pai,38,Female,Germany
15781589,Carpenter,52,Male,Spain
15732674,Fennell,36,Male,Spain
15642291,Fontaine,23,Male,France
15692761,Pratt,36,Male,France
15578045,Mitchell,49,Female,Spain
15745354,Franklin,37,Female,Spain
15701376,K'ung,37,Male,Germany
15691625,Ko,41,Female,Germany
15566594,McKenzie,23,Male,Spain
15760431,Pino,38,Male,France
15686302,Fisk,31,Female,Spain
15801559,Chiang,41,Female,Germany
15810432,Moseley,35,Male,Spain
15809616,Hsiung,26,Male,Spain
15720559,Heath,61,Female,Germany
15695632,Dellucci,39,Female,France
15659843,Li,46,Female,France
15615624,"De Salis",28,Female,France
15810418,T'ang,60,Female,Germany
15716186,Richardson,38,Female,France
15674551,Fitch,40,Male,Germany
15622834,Stevenson,35,Female,France
15566111,Estes,39,Male,France
15784597,Lattimore,26,Male,France
15652883,Chung,39,Male,Germany
15806964,Utz,45,Male,France
15576313,Wei,40,Female,Germany
15806467,Boyle,40,Male,Germany
15597602,Nwachinemelu,57,Male,Germany
15743040,Kuznetsova,41,Male,Germany
15705521,Pisani,33,Female,Germany
15595039,Manna,37,Female,Germany
15799384,Collier,33,Male,France
15581197,Ricci,51,Female,France
15693737,Carr,30,Female,Germany
15624623,Hs?,35,Male,France
15783501,Findlay,38,Female,France
15690134,Hughes,42,Female,Germany
15782735,Chukwuemeka,35,Female,France
15611088,Genovese,31,Female,France
15672145,Swift,34,Female,France
15732628,Ugoji,46,Male,France
15787470,Parkinson,47,Male,Spain
15803406,Ross,26,Female,France
15730460,Oleary,37,Male,France
15644572,Turnbull,40,Male,France
15694860,Uspensky,38,Female,France
15658169,Cook,47,Female,Spain
15794396,Newbold,38,Female,Germany
15785798,Uchechukwu,40,Male,France
15710825,Ch'en,31,Male,Spain
15668444,He,44,Female,Spain
15726631,Hilton,39,Female,France
15733797,Sal,36,Male,France
15747960,Eluemuno,33,Male,France
15634632,Titus,38,Male,France
15707362,Yin,43,Male,Germany
15662976,Lettiere,37,Male,Spain
15732778,Templeman,29,Male,Germany
15718443,Chibuzo,39,Male,France
15670039,Sun,25,Female,Spain
15773792,Evans,32,Female,France
15613786,Ogbonnaya,26,Male,Spain
15726032,Enyinnaya,33,Male,France
15663252,Olisanugo,32,Female,Spain
15593782,Brookes,38,Female,Germany
15633283,Padovano,35,Male,France
15749167,Fisk,35,Male,France
15759298,Shih,27,Male,Spain
15683625,Hare,37,Male,France
15635367,Muir,26,Male,France
15681705,Fanucci,28,Male,France
15603156,Elewechi,33,Female,France
15591986,Johnston,46,Male,Germany
15798888,Pisano,31,Female,Germany
15809722,Ankudinov,40,Female,France
15677538,Nwokike,38,Male,France
15797736,Smith,29,Male,France
15695585,Atkins,34,Male,Spain
15744398,Burns,23,Female,France
15750658,Obiuto,37,Male,France
15578186,Pirozzi,37,Male,Germany
15676519,George,61,Male,Spain
15637954,Lewis,35,Female,France
15758639,Moran,37,Male,France
15613772,Dalrymple,39,Male,France
15731744,Carslaw,30,Male,France
15807709,Kirby,55,Female,Germany
15714689,Houghton,29,Male,Spain
15699005,Martin,41,Female,France
15624170,Tan,38,Female,France
15725679,Hsia,47,Female,France
15585865,Westerberg,38,Female,France
15804256,Hale,36,Male,Germany
15662403,Kryukova,32,Female,France
15733616,Sopuluchukwu,40,Male,France
15591995,Barry,26,Male,Germany
15677020,Selezneva,58,Female,France
15727688,Chizuoke,32,Male,Spain
15715941,Lueck,54,Male,France
15714485,Udinese,60,Male,France
15730059,Udobata,44,Male,Spain
15715527,Freeman,41,Female,Spain
15576623,Outlaw,31,Male,France
15805565,Obiuto,30,Male,Germany
15677307,Lo,40,Female,Germany
15773890,Okechukwu,22,Male,France
15598883,King,37,Female,Spain
15568506,Forbes,31,Female,Germany
15761043,Macleod,38,Female,Germany
15782236,Gibbs,34,Male,Spain
15593601,Isayev,34,Male,France
15682048,Pisano,51,Female,France
15746902,Belstead,38,Male,Spain
15752081,Vassiliev,56,Female,France
15781307,Schneider,37,Male,Germany
15775912,Mazzanti,48,Male,France
15745417,Knipe,58,Male,France
15671256,Macartney,35,Female,France
15653547,Madukwe,56,Male,France
15595766,Watts,37,Male,Spain
15742358,Humphreys,32,Male,Germany
15763274,Wu,48,Male,France
15786063,Chin,31,Female,France
15600258,Chesnokova,43,Male,France
15573318,Kung,26,Male,France
15653849,Lu,48,Female,Germany
15694272,Nkemakolam,30,Male,France
15736112,Walton,57,Female,Spain
15749851,Brookes,26,Female,Spain
15663478,Baldwin,32,Male,France
15592300,Mai,35,Male,Spain
15567832,Shih,40,Female,France
15776780,He,59,Male,France
15592846,Fiorentini,35,Male,Germany
15739803,Lucciano,34,Male,Spain
15794142,Ferreira,62,Female,Germany
15762729,Ukaegbunam,28,Female,Germany
15667896,"De Luca",37,Male,France
15626578,Milne,26,Male,France
15776223,Davide,42,Female,France
15705953,Kodilinyechukwu,51,Male,Spain
15802593,Little,49,Female,France
15615457,Burns,44,Female,Spain
15708916,Paterson,38,Male,France
15720187,Han,30,Female,Germany
15595440,Kryukova,49,Male,France
15600651,Ijendu,24,Male,France
15750141,Reichard,36,Female,Germany
15657284,Day,47,Male,Germany
15763063,Price,25,Female,Spain
15709324,Bruce,34,Male,France
15711309,Sumrall,33,Male,Germany
15775318,Lu,51,Female,Spain
15705515,Lazarev,40,Male,Germany
15634844,Miller,41,Male,Germany
15717046,Wentworth-Shields,53,Male,Spain
15571816,Ritchie,70,Female,Spain
15670080,Mackenzie,29,Female,Germany
15800440,Power,61,Male,Spain
15665678,Tan,36,Male,Spain
15665956,Pendergrass,46,Female,France
15788126,Evans,38,Female,Spain
15811773,Hsia,36,Male,France
15651674,Billson,54,Female,Spain
15689614,Teng,63,Female,Spain
15795564,Moretti,31,Male,Germany
15706647,Jordan,31,Male,France
15728505,Ts'ao,44,Male,France
15730076,Osborne,45,Male,France
15622003,Carslaw,35,Male,France
15607312,Ch'ang,49,Female,Spain
15644753,Hung,40,Male,Spain
15653620,Gordon,27,Female,France
15761986,Obialo,32,Female,Spain
15633922,Gray,30,Male,France
15734674,Lin,41,Female,France
15658032,Hopkins,39,Male,France
15692671,Dobson,36,Male,Spain
15737741,McKay,33,Female,Spain
15576352,Revell,57,Female,Spain
15753719,Rickards,30,Female,Germany
15803689,Begum,51,Female,Germany
15718057,Onyinyechukwuka,51,Female,France
15722010,Zuyev,53,Male,Spain
15680998,Nwankwo,44,Male,France
15614782,Hao,36,Male,France
15591047,Ma,47,Female,Spain
15788291,Okwuadigbo,38,Female,Germany
15604044,Mitchell,38,Male,France
15679587,Chan,34,Female,France
15775153,Buchi,32,Male,Spain
15603925,Greco,26,Female,Spain
15680970,Lombardi,41,Female,Germany
15697183,Uchenna,43,Male,Spain
15567446,Coffman,39,Male,Germany
15637476,Alexandrova,57,Female,Germany
15714939,Fallaci,34,Female,Germany
15683503,Hudson,43,Female,France
15645569,Mai,26,Female,Spain
15782569,Stout,72,Female,France
15592387,Burke,30,Male,France
15609286,Chadwick,37,Male,France
15814035,Lawrence,29,Male,France
15661249,Bellucci,53,Male,France
15629117,Harper,28,Male,France
15607170,Boyle,35,Male,France
15586585,Duncan,51,Female,Germany
15686611,Moss,30,Male,France
15603203,Avdeyeva,27,Female,France
15619857,Crawford,64,Female,France
15805062,Lynton,38,Male,Spain
15660271,Duncan,26,Male,Germany
15745295,Gether,31,Female,Spain
15719352,Davidson,39,Male,Spain
15766575,Larionova,62,Female,Germany
15594594,Loggia,42,Male,Spain
15646161,Steinhoff,37,Female,Spain
15682585,Guerra,35,Male,France
15603134,Pai,40,Female,Spain
15636444,Craig,53,Female,Germany
15773456,Lazareva,36,Male,Germany
15745307,Ch'iu,48,Female,Spain
15604119,Alderete,35,Male,Spain
15626900,Kung,29,Male,France
15605447,Palermo,49,Male,France
15589030,Ts'ai,47,Male,France
15692463,Rahman,28,Female,Spain
15712403,McMillan,61,Female,France
15811762,Pickering,54,Female,Germany
15718673,Mirams,33,Female,Spain
15724282,Tsao,44,Male,Germany
15738181,Douglas,31,Male,France
15633648,Jideofor,51,Female,Spain
15603323,Bell,33,Female,Spain
15583725,Mairinger,48,Male,France
15588350,McIntyre,43,Female,France
15798398,Pagnotto,36,Female,France
15784844,K'ung,48,Male,Spain
15580684,Feng,29,Female,France
15809663,Donaldson,27,Female,France
15640078,Chambers,39,Female,Germany
15698786,Marcelo,39,Female,France
15569807,Ejimofor,34,Female,France
15730830,Dale,30,Female,France
15805112,Pokrovsky,38,Male,France
15633064,Stonebraker,36,Female,France
15703119,Liang,38,Male,France
15730447,Anderson,49,Female,France
15813850,Christian,52,Male,France
15711889,Mao,42,Male,France
15664610,Campbell,48,Male,Germany
15751710,Ginikanwa,31,Male,Spain
15692926,Toscani,25,Male,Germany
15813741,Nnachetam,25,Male,Spain
15698474,Sagese,54,Female,Germany
15568595,Fleming,64,Male,France
15603065,Grubb,30,Female,France
15592937,Napolitani,41,Female,Germany
15699637,Anenechi,57,Male,Spain
15667215,Chandler,31,Male,France
15788659,Howells,46,Male,France
15763218,Akeroyd,41,Female,France
15645772,Onwumelu,33,Male,France
15725511,Wallace,31,Female,France
15575024,Uwaezuoke,29,Male,France
15640825,Loyau,46,Male,Spain
15662397,Small,42,Female,France
15576368,Bledsoe,48,Female,Germany
15674991,Kao,42,Male,France
15721024,Wickens,26,Male,France
15745621,Wertheim,32,Female,Spain
15642394,He,35,Male,Spain
15754605,Jarvis,39,Female,France
15607040,P'an,38,Female,Spain
15715142,Repina,45,Male,Germany
15810978,Pugliesi,70,Female,Spain
15668886,Blakey,38,Female,Spain
15780804,Nucci,55,Male,France
15613880,Higinbotham,58,Male,Spain
15775238,Achebe,41,Female,Germany
15786905,Russo,40,Female,Germany
15747867,Trevisani,24,Male,France
15600337,Dobie,42,Male,Spain
15801277,Maccallum,31,Female,France
15579334,Watkins,45,Female,Germany
15802741,Mitchel,51,Female,France
15720649,Ferdinand,36,Female,France
15589493,Otitodilinna,27,Male,Germany
15688251,Mamelu,43,Male,France
15665238,Beneventi,36,Male,Germany
15740900,Perrodin,34,Male,France
15681068,Chinagorom,45,Female,France
15748625,Napolitano,57,Male,France
15727299,Edgar,62,Male,Spain
15620204,Walker,57,Female,Germany
15669516,Steele,36,Male,Spain
15736534,Elkins,33,Male,Germany
15803457,Hao,32,Female,France
15659098,Toscano,30,Male,France
15603436,Savage,49,Female,Spain
15566292,Okwuadigbo,36,Male,Spain
15808621,Mordvinova,36,Male,Germany
15580148,Welch,40,Male,Germany
15776231,Kent,35,Male,Germany
15773809,Campbell,42,Male,France
15649423,Cooper,35,Female,France
15734886,Mazzi,34,Female,France
15722548,Fisher,48,Male,France
15650288,Summers,35,Male,Germany
15629448,Brady,38,Male,Spain
15716164,Nicholls,41,Female,France
15807609,Yuan,25,Female,Spain
15578977,Robinson,34,Male,France
15677369,Golubov,37,Female,Germany
15804072,Chen,42,Female,Spain
15696859,Oldham,45,Male,France
15653780,Kambinachi,43,Female,France
15721658,Fleming,56,Female,Spain
15578761,Cunningham,42,Female,Spain
15736879,Obinna,23,Male,France
15571973,Chinwemma,38,Female,France
15626742,Carpenter,36,Male,France
15672692,Yin,42,Female,France
15673570,Olsen,37,Male,France
15767432,Ts'ai,25,Female,France
15654238,Jen,40,Female,France
15612525,Preston,57,Female,France
15812750,Ozioma,24,Male,France
15790757,Cody,25,Female,France
15723873,Ponomarev,31,Male,Spain
15744607,Martin,43,Male,Germany
15612966,Milani,60,Female,Germany
15784209,Tang,47,Male,France
15794278,Romani,67,Male,Spain
15766741,McIntyre,36,Male,France
15661036,Davis,46,Male,France
15705639,Onyemauchechukwu,28,Female,France
15637414,Gell,24,Female,France
15716835,Rossi,24,Male,France
15696231,Chiwetelu,29,Male,France
15641675,Kirillova,49,Female,France
15670755,Shaw,60,Male,France
15640059,Smith,40,Male,France
15787619,Hsieh,18,Male,France
15587535,Onyemauchechukwu,46,Female,Spain
15813034,Martin,38,Male,Spain
15698839,Okwudilichukwu,46,Male,Germany
15790314,Onuoha,41,Male,France
15634245,Muecke,47,Female,Germany
15677305,Hsieh,35,Female,France
15661526,Anderson,37,Male,Germany
15685997,Azubuike,39,Female,Spain
15660101,Nnonso,31,Male,France
15637979,Fuller,36,Female,Germany
15815364,Ashley,28,Female,Spain
15647099,Ts'ui,37,Female,France
15625944,Buccho,58,Male,France
15583212,Chidozie,43,Female,France
15582741,Maclean,35,Female,France
15637876,Burns,36,Female,Germany
15622750,Chu,21,Female,Germany
15672056,Kenenna,43,Male,Germany
15812351,Beluchi,27,Female,Spain
15810864,Williamson,82,Female,France
15677921,Bobrov,60,Male,Germany
15724296,Kerr,41,Male,Spain
15685329,McKenzie,63,Female,France
15584091,Pitts,36,Female,Germany
15640442,Standish,31,Male,France
15639314,Cartwright,32,Male,France
15685320,Johnstone,36,Male,France
15789158,Nikitina,49,Male,Germany
15752137,McElroy,33,Male,France
15712551,Shen,58,Female,Germany
15628936,Archer,28,Male,Spain
15797227,Otutodilinna,28,Male,France
15769974,Shih,35,Female,Spain
15737051,Denisov,27,Male,France
15585595,Owens,28,Female,France
15654060,P'eng,41,Male,France
15745196,Verco,35,Female,France
15571221,Bergamaschi,58,Male,Germany
15660155,Lorenzo,36,Male,Spain
15605284,Outtrim,26,Male,France
15694366,Hou,42,Male,Germany
15600739,Galkin,35,Female,Spain
15653253,Pagnotto,48,Male,Spain
15763431,Echezonachukwu,36,Male,France
15643696,Young,49,Male,France
15707473,Summers,48,Female,Germany
15769504,Munro,34,Female,Germany
15776807,Brennan,29,Male,France
15686870,Ball,36,Male,Germany
15668747,Virgo,46,Female,France
15766908,Trevisani,32,Male,Germany
15570134,Padovano,35,Female,France
15567367,Tao,42,Female,Germany
15747542,Perez,52,Male,France
15762238,Fraser,44,Female,Germany
15681554,Alley,31,Female,Germany
15712825,Howells,29,Female,Spain
15640280,Cameron,39,Male,France
15756026,Hooper,46,Female,Spain
15613319,Rice,33,Female,France
15798906,Cox,69,Male,France
15708917,Martin,53,Male,Germany
15778463,Ikenna,37,Female,France
15699430,Davide,35,Female,France
15649992,Alexander,65,Male,Spain
15578980,Piazza,33,Female,Spain
15775306,Ni,28,Male,Germany
15641655,Black,26,Female,France
15619708,Harker,25,Male,France
15734565,Hughes,29,Male,France
15806438,Chiabuotu,42,Female,Germany
15591969,Kuo,27,Male,Spain
15747807,Gallagher,43,Female,France
15596939,Calabresi,36,Male,Germany
15716155,Shaw,36,Female,France
15765311,Zhirov,34,Male,Spain
15757811,Lloyd,69,Female,Spain
15603830,Palmer,36,Male,Spain
15660602,Ch'eng,33,Male,Germany
15660535,Avent,47,Female,France
15666633,Huang,56,Male,Spain
15596914,Shaw,31,Female,Germany
15639788,Yuan,39,Female,France
15695846,Hawkins,34,Female,France
15726234,Trentini,41,Female,Spain
15797964,Cameron,29,Female,Germany
15625881,Koehler,37,Male,Germany
15780628,Wu,30,Female,France
15575883,Manna,34,Male,France
15585036,Okoli,37,Female,Spain
15589488,Ch'eng,56,Female,Germany
15585888,Nwokezuike,48,Female,Spain
15727915,Artemiev,36,Male,France
15707567,Esposito,50,Male,Germany
15737792,Abbie,31,Female,France
15599433,Fanucci,35,Male,Germany
15672012,Jen,41,Female,Spain
15806983,Moss,44,Male,France
15592222,Lo,49,Male,France
15608968,Averyanov,21,Male,Germany
15586959,Unaipon,42,Female,France
15646558,Clamp,51,Male,Spain
15725811,Lim,25,Male,France
15572265,Wu,46,Male,Germany
15794048,Wan,48,Female,Germany
15677610,Chambers,41,Female,Germany
15745012,Pettit,43,Female,France
15601589,Baresi,57,Female,France
15686436,Newbery,32,Male,Spain
15693864,Iheanacho,49,Female,Germany
15760550,Duncan,39,Male,Spain
15686137,Barry,32,Male,Spain
15809087,Landry,64,Male,France
15807663,McGregor,43,Male,France
15809100,Nucci,32,Female,France
15794916,Pirogov,41,Male,France
15614215,Oguejiofor,53,Male,France
15805449,Ugochukwu,38,Male,France
15686983,Rohu,25,Female,Germany
15808017,Cary,38,Male,France
15756804,O'Loghlen,48,Female,France
15646810,Quinn,44,Male,Germany
15710424,Page,36,Male,France
15799422,Evans,40,Female,France
15692750,McGregor,45,Female,Germany
15794549,Andrews,35,Female,France
15803764,Stanley,28,Male,France
15674840,Chiazagomekpere,38,Female,France
15653762,Chidiebele,39,Female,France
15581229,Gregory,32,Female,Germany
15800228,Bednall,42,Female,Spain
15656333,Jen,33,Female,France
15697497,She,45,Female,France
15585362,Simmons,60,Female,France
15571928,Fraser,43,Female,France
15785519,May,36,Male,France
15743007,Seabrook,45,Female,France
15777211,Herrera,65,Male,France
15721935,Kincaid,25,Male,France
15591711,Sleeman,38,Male,Spain
15625021,Hung,42,Male,France
15702968,Artemieva,74,Male,Germany
15600462,Barwell,43,Female,France
15768104,Wright,37,Male,Spain
15780140,Bellucci,32,Male,Germany
15585255,Moore,42,Male,France
15772781,Ball,51,Female,France
15669987,Sung,35,Female,Germany
15697000,Mello,32,Male,Germany
15733119,Mistry,35,Male,France
15782390,T'ien,40,Female,France
15654700,Fallaci,40,Female,France
15632210,Hill,25,Male,Germany
15642041,Burns,40,Male,Germany
15709737,Hunter,36,Male,France
15792388,Li,48,Female,France
15786014,Ku,28,Male,France
15794580,Ch'en,58,Male,France
15675964,Chukwukadibia,45,Female,France
15814275,Zikoranachidimma,33,Male,France
15724848,Oluchukwu,46,Female,France
15754713,Rivera,31,Male,Spain
15693814,Niu,25,Male,Spain
15599660,Bennett,36,Male,France
15746490,Wollstonecraft,53,Female,Spain
15566091,Thomsen,32,Female,Spain
15655961,Palermo,27,Male,Germany
15710404,Chinwendu,35,Male,France
15775625,McKenzie,47,Male,France
15792328,James,39,Male,France
15719856,Lamb,45,Female,France
15593773,Olejuru,35,Male,Spain
15733114,Hay,45,Male,Spain
15797748,Lu,44,Male,France
15743411,Chiawuotu,61,Male,Spain
15753337,Yeates,51,Male,France
15601026,Gallagher,19,Female,Germany
15658485,Heath,34,Female,France
15636731,Ts'ai,36,Female,Germany
15628303,Thurgood,35,Male,Spain
15633461,Pai,38,Male,Germany
15677135,Lorenzo,61,Male,Germany
15590876,Knupp,24,Female,France
15790782,Baryshnikov,39,Male,Spain
15700476,Azubuike,41,Male,Germany
15634141,Shephard,42,Female,Germany
15737795,Scott,36,Male,Spain
15790299,Williamson,37,Male,Spain
15675316,Avdeeva,38,Female,France
15613630,Tang,52,Male,France
15662100,Hsu,44,Female,Germany
15668032,Buchanan,37,Female,France
15599289,Yeh,37,Female,France
15754084,Palazzi,35,Male,Spain
15676521,Y?an,31,Female,France
15804586,Lin,46,Female,France
15781465,Schofield,29,Female,Germany
15729362,Lombardi,36,Male,France
15709295,Wall,25,Female,Spain
15745324,Milani,39,Female,Spain
15741336,Ejimofor,38,Female,France
15783659,Blackburn,67,Male,France
15620981,Wickham,48,Female,France
15630328,Bird,48,Female,France
15785899,Ch'en,33,Male,Germany
15606149,Wood,66,Female,Germany
15671139,Brizendine,39,Male,Spain
15660429,Ch'in,42,Female,Spain
15571002,Yusupov,44,Female,France
15631681,Jibunoh,43,Female,Spain
15731522,Ts'ui,67,Female,Spain
15619529,Ndukaku,27,Male,Spain
15628034,Wilder,37,Female,France
15686164,Maclean,31,Female,Germany
15582797,Ch'iu,35,Male,Spain
15753831,Cox,32,Male,Spain
15731815,Nepean,63,Male,Spain
15580956,McNess,43,Female,Germany
15602084,Coles,42,Female,France
15589805,Benson,34,Female,France
15720893,Gilbert,34,Female,Spain
15641009,Wilhelm,37,Male,France
15605926,Sinclair,70,Male,Germany
15805955,L?,48,Female,France
15801488,Buckner,25,Male,France
15605918,Padovesi,43,Male,Germany
15779711,Gray,38,Female,Spain
15705620,Lu,34,Male,France
15685357,Wright,36,Female,Spain
15570060,Palerma,43,Female,France
15582616,Y?an,38,Female,France
15799515,Wei,48,Female,France
15642937,Padovesi,46,Female,France
15624729,Tsao,27,Male,France
15566156,Franklin,44,Female,Germany
15792360,Clark,32,Male,France
15807008,McGregor,35,Female,Germany
15704770,Pan,25,Male,France
15756475,Kenniff,31,Male,Germany
15655339,Spencer,36,Male,France
15613749,Lees,34,Male,Spain
15664521,David,31,Male,Spain
15681206,Hsing,49,Female,France
15745527,Burke,37,Male,France
15806926,Watson,35,Female,France
15724563,Hawkins,42,Female,Germany
15782899,Ginn,28,Female,Spain
15623521,Sozonov,43,Male,Spain
15810218,Sun,29,Male,Spain
15645621,Hunter,44,Male,Spain
15608114,Manfrin,62,Male,Spain
15659557,Artamonova,28,Female,Germany
15787772,Hansen,38,Female,France
15691111,Pai,42,Female,Germany
15592089,Larsen,43,Female,France
15633897,Owen,39,Male,Germany
15701301,Murphy,42,Female,France
15723685,Ekechukwu,26,Female,Germany
15701602,Ayers,52,Male,Germany
15739189,Johnson,33,Female,Spain
15573086,Millar,42,Male,France
15569050,Farrell,45,Male,France
15750765,Sanders,71,Male,Spain
15799811,Herrera,40,Male,France
15698442,Eberechukwu,35,Male,Spain
15655274,Bardin,29,Female,France
15603594,Nwankwo,24,Male,Spain
15585961,Talbot,43,Female,Spain
15686936,McGregor,37,Female,France
15770424,Onyeorulu,40,Male,Germany
15587451,Goold,41,Male,Germany
15602010,Zikoranaudodimma,45,Female,Germany
15600583,Garner,31,Male,France
15654673,Onyinyechukwuka,49,Male,France
15717164,Genovese,32,Male,Spain
15765014,Mai,48,Female,France
15682639,Marshall,32,Male,France
15729279,Naylor,25,Female,France
15759805,Pinto,32,Female,France
15767864,Fulton,33,Male,France
15769948,Palerma,35,Male,Germany
15686345,McCaffrey,34,Male,Spain
15688071,Collins,53,Male,Spain
15681174,Zuev,39,Male,France
15667521,Crawford,22,Female,France
15750243,Genovese,40,Male,Spain
15695475,Maclean,29,Male,France
15689176,Fabro,46,Male,France
15652955,Price,30,Male,Spain
15668958,Chatfield,30,Male,France
15631054,Volkova,24,Female,France
15581479,Archer,30,Male,France
15577478,Ch'iu,72,Female,France
15780870,McKay,67,Male,Spain
15692317,Craig,30,Male,France
15593969,Abramovich,39,Female,Spain
15570417,Chien,35,Male,France
15779059,Timms,38,Female,France
15785980,Williford,34,Male,Spain
15644200,Hamilton,42,Female,Spain
15793949,Cheng,48,Female,France
15645103,Su,25,Male,Germany
15705860,McKenzie,40,Male,Germany
15623828,Akobundu,30,Male,France
15715003,Ko,49,Female,Spain
15623471,Marcelo,38,Male,Germany
15798348,Chukwuebuka,50,Female,Spain
15743016,MacDonald,22,Female,Spain
15769499,Lampungmeiua,74,Female,Spain
15798521,Tai,33,Male,Spain
15706534,Enyinnaya,47,Female,France
15706186,McKenzie,33,Male,Germany
15812197,Kline,38,Male,France
15650933,Ma,48,Female,Spain
15692991,Wood,38,Female,Spain
15631189,Riggs,38,Male,Germany
15762198,Capon,34,Male,France
15699598,Smith,20,Female,France
15692744,Davison,36,Male,France
15688963,Ingram,52,Female,France
15599131,Dilke,26,Male,Germany
15680303,Gibson,57,Male,France
15628674,Iadanza,40,Male,France
15648075,Hebert,47,Female,Germany
15586970,Pinto,52,Male,Germany
15625698,Dumetochukwu,23,Female,Spain
15790497,Ross,37,Male,Spain
15682618,Jamieson,31,Female,France
15762937,Chiganu,32,Female,Germany
15750929,Burgess,39,Male,Spain
15729832,Cheng,29,Male,France
15633650,Woods,41,Female,Germany
15748856,Liang,32,Male,France
15589195,Bluett,38,Female,Germany
15699911,Chapman,35,Female,Spain
15663438,Andrejew,36,Male,Spain
15692583,Udobata,32,Female,France
15591257,Ejimofor,24,Male,France
15646513,Spyer,42,Male,France
15708063,Walker,36,Male,France
15696098,Palermo,31,Female,France
15645517,Philip,22,Male,Spain
15649744,Fallaci,51,Female,France
15604304,Perry,34,Female,Germany
15784092,Henderson,36,Male,France
15585198,Bergamaschi,41,Male,France
15624347,Fokine,40,Male,France
15621687,Mackay,34,Male,France
15689081,Wu,29,Male,France
15813168,Maslova,39,Female,Germany
15604295,Wei,36,Male,France
15724127,McLean,26,Female,France
15673055,Sung,38,Male,Spain
15768201,Paterson,39,Female,France
15782219,Fanucci,29,Male,Spain
15746410,Thompson,38,Male,Spain
15780144,Tisdall,32,Female,Germany
15590476,Onochie,28,Male,France
15624293,Mironova,46,Female,France
15618182,Ndubueze,38,Female,France
15660316,Stephenson,34,Female,Germany
15678886,Golubev,38,Male,Germany
15616330,Liao,31,Male,France
15592229,Mullan,52,Female,France
15798424,Glover,59,Male,Germany
15714750,Northey,42,Female,France
15648800,Paterson,21,Female,Germany
15626147,Maclean,62,Female,France
15626608,Howarde,48,Male,Spain
15723250,Teng,42,Male,France
15592583,Colman,47,Female,France
15759381,Johnson,61,Male,Spain
15585241,Butcher,29,Male,Spain
15589358,Stanley,31,Male,Germany
15672704,Jackson,24,Female,France
15789955,Hu,56,Male,Germany
15596800,Hill,33,Male,Germany
15627305,Pan,35,Male,Spain
15645316,Han,58,Female,Germany
15593973,Wilkie,33,Female,Spain
15647301,Bray,45,Female,Germany
15750258,Ann,32,Female,France
15685309,Souter,35,Female,France
15628205,Greco,34,Female,Germany
15733974,Mao,37,Male,Spain
15762110,Anderson,37,Male,France
15706899,Ma,34,Male,France
15732660,Black,27,Female,France
15656121,Medvedeva,31,Male,Germany
15614220,Benson,22,Male,France
15645269,Duncan,42,Female,France
15698510,Onwudiwe,42,Male,Germany
15569247,Mitchell,57,Female,Spain
15566251,Ferrari,37,Female,France
15716134,Russo,40,Male,France
15763625,Hazon,41,Male,Spain
15605965,Henderson,43,Male,France
15694821,Hardy,43,Male,Germany
15601688,Piccio,28,Male,France
15575581,Dickson,30,Female,Germany
15671209,Holden,29,Female,Germany
15616529,Hsieh,34,Male,Spain
15773906,Doherty,38,Male,France
15722993,Page,27,Female,France
15752463,Samuel,29,Female,Spain
15589754,Malloy,45,Male,Germany
15669899,Fitts,45,Female,Germany
15766887,Iadanza,39,Male,Spain
15768006,Wu,34,Male,France
15741295,Yefimova,49,Male,France
15811327,Pan,54,Male,Spain
15690007,Ts'ui,58,Female,Germany
15690664,Liang,37,Male,Spain
15719348,Tsao,35,Male,France
15781802,Abramov,41,Male,France
15752731,Millar,30,Female,France
15600997,Demuth,32,Female,Germany
15750776,Genovese,36,Female,France
15723907,Lawless,49,Female,Germany
15633419,Brooks,28,Female,Germany
15702430,Ignatyeva,35,Female,France
15710456,Balmain,27,Female,France
15650351,Millar,38,Female,France
15590820,Ecuyer,26,Male,Spain
15640454,Parkhill,40,Male,Germany
15697789,"Li Fonti",43,Female,Germany
15808182,Beneventi,36,Female,Spain
15588670,Despeissis,40,Female,Spain
15721292,Atkins,39,Male,Spain
15604217,Williams,34,Male,France
15651369,Wright,21,Male,France
15782454,Hancock,49,Male,France
15814032,Hsieh,31,Female,Germany
15570326,Wilkins,34,Male,France
15624428,Longo,24,Female,Germany
15755638,Mancini,43,Female,France
15600992,Madukaego,36,Male,France
15755649,Winter-Irving,47,Male,Germany
15795228,Stewart,37,Male,France
15589257,Grant,35,Female,France
15719302,Brennan,50,Female,France
15639882,She,30,Male,France
15791279,Murray,40,Male,France
15636935,Rischbieth,29,Female,France
15686909,Lung,27,Male,Germany
15589572,Otutodilichukwu,61,Female,Spain
15779947,Thomas,28,Female,Spain
15573769,Fiorentini,24,Female,France
15578866,Hughes,43,Female,France
15739131,Whitworth,28,Male,Germany
15813444,McIntosh,34,Female,Spain
15678058,Ayers,38,Male,France
15769169,Trentino,41,Male,France
15804602,Boyd,30,Male,Germany
15651052,McMasters,46,Male,Germany
15724334,Alekseyeva,22,Male,France
15569451,Miller,35,Male,France
15650098,Baranova,40,Female,France
15724307,Mitchell,76,Male,France
15599268,Yobachi,32,Male,Spain
15594864,Huang,30,Male,Germany
15616451,Genovese,47,Female,France
15715667,Sorokina,32,Female,France
15658969,Gray,51,Male,France
15738174,Ervin,32,Female,France
15813590,Vance,42,Male,Spain
15624229,Noble,22,Female,France
15674148,Milanesi,33,Male,Spain
15625080,Parkin,54,Female,Spain
15682528,Cremonesi,33,Male,France
15696900,Burns,29,Male,Germany
15730038,Docherty,23,Female,France
15812272,Ugonna,44,Male,Germany
15654654,L?,33,Female,Germany
15697625,Bevan,37,Male,France
15616280,Hsia,46,Male,France
15654229,O'Neill,47,Male,Spain
15628298,Johnstone,47,Female,Spain
15733387,Pham,53,Female,Spain
15775572,Bergamaschi,42,Female,Germany
15613844,Murphy,28,Female,France
15578515,Osinachi,38,Female,France
15607598,Muravyov,31,Female,Spain
15742480,Igwebuike,36,Male,Germany
15749482,Zack,30,Male,Spain
15607537,Crawford,46,Male,Germany
15575410,Chidiegwu,39,Female,Germany
15684865,Lucchesi,66,Female,France
15600700,Pan,63,Male,Germany
15774155,Trevisani,33,Male,Germany
15634267,Yudin,42,Male,France
15619626,Wade,24,Male,France
15660422,Chung,28,Male,France
15617934,Septimus,36,Male,France
15760774,Hargraves,21,Female,France
15813132,Chukwukadibia,30,Male,Germany
15593331,Sidorov,25,Male,Germany
15616709,Bunton,38,Female,Germany
15658052,Cameron,44,Female,France
15721189,Kung,66,Female,France
15711288,Hay,24,Male,France
15770030,Conti,28,Female,Spain
15803681,Sims,26,Female,France
15702789,Carter,32,Male,Germany
15814930,McGregor,40,Female,Germany
15658306,Lo,68,Male,France
15699523,Chu,55,Female,Germany
15610383,Dumetolisa,46,Female,France
15615032,Peng,46,Male,Spain
15781989,Drake-Brockman,42,Male,France
15647402,Wan,38,Female,France
15740494,Cameron,33,Female,France
15701265,Tretiakov,36,Female,Germany
15743532,Ball,27,Male,Germany
15794870,Sal,38,Male,Germany
15747591,Chung,40,Female,Spain
15726557,Lai,42,Female,France
15732199,Gether,31,Male,Spain
15662291,Davidson,55,Female,France
15749050,Justice,36,Female,France
15781586,Osonduagwuike,38,Male,Germany
15617078,Ewing,44,Female,France
15723339,Chin,38,Female,France
15671322,Chiang,30,Male,Germany
15793854,Ahmed,42,Male,France
15756539,Marshall,39,Female,Germany
15612064,Tsou,33,Male,France
15625916,Chien,32,Male,Spain
15683195,Ubanwa,32,Male,France
15690182,Kapustin,37,Male,Germany
15721719,Calabresi,42,Male,France
15641690,Hsiao,67,Male,Spain
15634896,Grant,39,Female,France
15671590,H?,25,Male,Spain
15779182,Chia,46,Male,Spain
15778287,Ugoji,35,Male,France
15609510,Gregory,45,Male,France
15742229,Mackay,59,Male,France
15658532,Nnamutaezinwa,63,Female,Spain
15590993,Findlay,37,Male,Spain
15565701,Ferri,39,Female,Spain
15597239,Ku,39,Male,Spain
15688880,Amechi,40,Male,Germany
15813917,Kirk,31,Male,Germany
15679611,Andrews,37,Female,Spain
15636589,Murray,41,Female,France
15687752,Griffin,30,Male,France
15584363,Longstaff,30,Male,France
15737748,McWilliam,33,Female,Spain
15803365,Coffee,55,Male,Spain
15793247,Hancock,34,Male,France
15572360,Clark,30,Male,France
15795166,Creswell,42,Male,Germany
15724620,Dodds,37,Male,France
15800856,Ewen,34,Male,Spain
15671097,Carter,31,Female,France
15683930,Ch'iu,32,Female,Germany
15749004,Tsao,31,Female,France
15800434,Burgess,52,Male,Germany
15709117,Fanucci,46,Female,Spain
15638806,Blackburn,49,Male,Spain
15662294,Bennett,33,Male,France
15690079,Boniwell,30,Male,Spain
15759317,Vasilieva,27,Female,Germany
15750497,Longo,37,Female,France
15596181,Kwemto,38,Male,France
15576602,Lawrence,38,Male,France
15644833,Duncan,54,Male,France
15734634,Bocharova,27,Female,Spain
15808689,Morres,31,Female,France
15720702,Shih,37,Male,France
15665077,Vogel,43,Female,France
15763612,T'an,41,Male,Germany
15596493,Wisdom,47,Female,France
15704483,Lorenzo,40,Male,France
15598846,Shahan,44,Female,France
15629244,Bryant,50,Male,Spain
15765537,Liang,26,Male,Germany
15729975,Chidozie,46,Female,France
15682773,Hayward,38,Female,France
15688007,Liu,20,Male,Spain
15574331,Alexeeva,62,Female,Germany
15645572,Calabresi,40,Female,France
15742854,Lettiere,46,Female,Spain
15575417,Chou,37,Male,Germany
15796721,Nnamutaezinwa,38,Male,France
15734942,Nnamutaezinwa,38,Female,Germany
15664772,Greece,28,Male,Germany
15576683,Yin,43,Female,Spain
15682563,Larionova,38,Male,Spain
15650889,Golubev,30,Female,Germany
15612108,Norman,52,Male,France
15761132,Capon,46,Male,Spain
15645511,Chukwudi,43,Male,Spain
15609824,Fedorov,41,Female,France
15640268,Avdeeva,71,Male,Spain
15645778,Reid,42,Male,Spain
15691104,Kennedy,40,Female,Germany
15714567,Chan,26,Female,Spain
15777826,Wofford,30,Male,France
15668445,Mai,37,Male,France
15576162,King,32,Male,France
15778135,T'ao,43,Male,Spain
15613141,Hsu,41,Female,France
15635435,White,54,Female,France
15596552,Stephens,48,Male,Germany
15623644,Frolov,29,Male,Spain
15683403,Lombardi,52,Male,Spain
15615029,Munro,39,Male,Spain
15769005,Hayward,49,Male,France
15746326,Fields,43,Male,France
15722364,Onwumelu,43,Male,France
15704954,Suffolk,37,Male,France
15694409,Tsao,22,Female,Germany
15754068,Judd,32,Male,France
15683841,Hamilton,41,Male,Germany
15789095,T'ang,30,Male,Spain
15719958,Degtyarev,39,Male,Germany
15689514,Kang,43,Male,France
15621353,Hudson,37,Female,Spain
15627232,Jibunoh,44,Male,Germany
15745843,Kinlaw,31,Female,Spain
15722902,Chizuoke,50,Male,Germany
15791767,Lucciano,26,Female,France
15792722,Omeokachie,43,Female,France
15723006,Gorbunova,38,Male,France
15771942,Tikhonov,46,Female,Germany
15774738,Campa,44,Male,France
15574004,Mancini,27,Female,France
15587233,Donoghue,41,Male,France
15808228,Tuan,44,Female,Spain
15682834,Johnstone,35,Female,Spain
15571752,Romani,32,Female,Germany
15743067,Fuller,26,Male,Germany
15714466,Baxter,41,Female,France
15617982,Pirozzi,42,Female,Spain
15696637,Sung,23,Female,France
15690647,Rogers,46,Female,Spain
15672756,Mills,35,Female,France
15704586,Osonduagwuike,42,Female,France
15674526,Byrne,66,Male,France
15775295,McIntyre,40,Female,France
15684196,Aitken,55,Female,France
15727281,Macintyre,27,Female,France
15787835,Simpson,38,Female,Germany
15730540,Simpson,45,Male,Spain
15646276,Metcalfe,32,Female,France
15582180,Lees,29,Male,France
15697095,Zetticci,46,Male,Spain
15748797,Dale,33,Female,Spain
15754796,Byrne,46,Female,Germany
15628947,Praed,38,Female,France
15775546,Laurens,29,Female,Spain
15670481,Woods,27,Female,France
15619029,Bykov,43,Female,Spain
15613282,Vorobyova,29,Male,France
15721487,Pirogova,27,Female,France
15797276,Sturt,41,Female,Spain
15612494,Panicucci,44,Female,France
15629617,Cook,23,Male,Spain
15600821,Hardy,69,Male,France
15579062,Chu,32,Male,France
15814268,Franklin,40,Female,France
15710164,P'eng,73,Female,France
15693904,Chiang,30,Female,Germany
15588986,Grant,29,Female,Germany
15797733,Udobata,30,Male,Germany
15620507,Siciliani,30,Female,Germany
15685150,Evans,28,Male,Germany
15667651,Young,33,Female,Spain
15774166,Mitchell,24,Female,Germany
15649280,Lucchese,40,Female,Germany
15705657,Hewitt,44,Female,France
15753969,K'ung,45,Male,Spain
15742378,Swaim,32,Male,Germany
15794874,Quinones,41,Male,Spain
15589221,Kennedy,30,Male,Germany
15596671,Endrizzi,42,Female,Spain
15583668,Ludowici,42,Female,France
15710206,Larson,39,Female,France
15799966,Chigolum,59,Female,Germany
15794560,Maclean,57,Male,France
15626485,Lu,26,Female,France
15703143,Tuan,29,Female,France
15809772,Glover,48,Male,France
15687959,Landman,44,Female,Spain
15585282,Trevisano,62,Male,France
15714993,Longo,41,Female,France
15596021,K?,44,Male,Spain
15646615,Muir,28,Male,Germany
15742632,Alexeyeva,31,Female,France
15574068,Norman,56,Male,Germany
15806967,Simmons,65,Female,France
15796334,Chukwualuka,39,Male,Germany
15688713,McCall,44,Male,Spain
15796179,Moore,43,Male,France
15598751,Ingram,43,Female,France
15703019,Okeke,38,Female,France
15646302,Shao,24,Female,France
15680855,Iloabuchi,33,Male,France
15697311,Nebechukwu,56,Male,Spain
15585367,Diribe,46,Female,Germany
15726556,Macgroarty,26,Female,Germany
15676242,Artemova,31,Male,Spain
15684198,McDonald,38,Female,France
15774882,Mazzanti,35,Female,France
15714227,Kelly,53,Female,France
15608653,Davison,34,Female,Spain
15784280,Reilly,35,Male,Germany
15789546,Ojiofor,28,Male,Spain
15590320,Shelton,66,Male,France
15678385,Lange,25,Male,France
15571778,Trentini,55,Female,France
15657085,Gardiner,23,Male,France
15640627,Wan,34,Male,Spain
15566211,Hsu,41,Female,Germany
15669293,Hovell,37,Male,France
15595067,Zhirov,40,Female,Spain
15753566,Espinosa,32,Female,France
15650391,Wallace,29,Female,France
15681843,Barbour,35,Female,Germany
15814846,Ozerova,52,Male,France
15670374,Wright,49,Female,Germany
15762332,Ulyanova,31,Female,Germany
15700223,Steiner,48,Male,France
15729956,Akabueze,26,Female,Spain
15594862,Aleksandrova,36,Male,France
15598782,Pinto,30,Female,Germany
15745080,Griffiths,26,Male,France
15703399,McNeil,26,Female,France
15732175,Bruno,37,Male,France
15630725,Johnson,45,Female,France
15640260,Okorie,32,Male,Germany
15716822,Moen,30,Male,France
15583748,McGuigan,38,Male,Spain
15605968,Fancher,26,Male,France
15790683,Matthews,36,Male,France
15607713,Kaeppel,29,Female,Spain
15700212,Shih,46,Female,France
15626710,Yudina,39,Female,France
15716491,Akabueze,51,Female,Spain
15625824,Kornilova,30,Male,Spain
15617705,Ozioma,39,Female,France
15761976,Su,31,Female,Spain
15634891,Jamison,43,Female,Germany
15744517,Esposito,50,Male,Spain
15686963,Hardiman,30,Female,Spain
15808189,Woodard,52,Male,France
15580845,Chienezie,57,Male,Germany
15799156,Okwuadigbo,38,Male,Spain
15694296,Chineze,35,Male,France
15677049,O'Brien,25,Female,Germany
15583595,Tao,28,Female,France
15590146,Mao,50,Male,France
15801548,Buckland,31,Female,France
15660833,Flannery,39,Male,Germany
15762277,Jamieson,47,Male,France
15791302,Swift,32,Male,France
15798975,Doherty,48,Male,Germany
15599956,Payne,27,Male,France
15577274,Genovese,43,Female,Germany
15701200,Lucciano,36,Male,France
15638149,Rowley,37,Male,France
15786199,Hsing,33,Male,France
15701765,Vincent,37,Female,Spain
15586974,Pearce,39,Male,France
15729040,Lamb,42,Male,France
15788676,Riley,38,Male,Spain
15602497,Honore,39,Male,Spain
15701333,Blackburn,37,Female,France
15812071,Endrizzi,54,Male,France
15634375,Duncan,36,Female,Spain
15738267,Macarthur,64,Female,France
15786800,Gould,52,Male,Germany
15591130,Medvedev,29,Female,Spain
15720662,Sholes,35,Female,France
15751531,Shaw,41,Male,Spain
15653595,Ts'ai,51,Male,France
15568360,Rolon,41,Female,Spain
15781210,Reid,34,Male,France
15668058,Chinwendu,35,Male,Germany
15597131,Fu,32,Male,France
15697283,Mackenzie,23,Male,Spain
15640953,Bligh,26,Female,France
15715031,Davidson,28,Female,France
15589660,Lamble,32,Female,Germany
15769818,Moore,37,Female,France
15782736,Jose,47,Female,Germany
15614818,Trevisani,33,Female,Spain
15794014,Schofield,34,Female,France
15732448,Stewart,28,Female,France
15723411,Jamieson,36,Female,Spain
15797686,Howard,38,Male,France
15605950,Onwuamaeze,23,Male,Germany
15812497,D'Albertis,37,Male,Germany
15690678,Brooks,33,Female,France
15747677,Gordon,69,Male,Spain
15618926,Nwachukwu,43,Male,Spain
15673908,Chinweike,42,Female,Germany
15727944,Simpkinson,48,Female,Germany
15807294,Walker,30,Female,Spain
15618581,Diribe,25,Male,Spain
15584364,Trentini,48,Male,France
15599552,Conway,54,Female,Spain
15749177,Maslow,52,Female,Spain
15718779,Clark,34,Male,France
15568106,L?,38,Female,France
15779481,Swadling,34,Male,France
15709994,Gallo,40,Female,France
15772777,Onyemachukwu,29,Female,Spain
15706815,Samoylova,37,Male,Germany
15618018,Dickson,35,Female,France
15671032,He,42,Male,Germany
15634281,P'an,43,Female,Germany
15766374,Leak,42,Male,Germany
15600991,Artemieva,31,Male,Germany
15777576,Frost,40,Female,Spain
15742613,Warner,42,Female,Germany
15649523,Kennedy,38,Male,France
15651063,Ifeatu,37,Female,Germany
15683124,Evans,53,Male,France
15618314,Chu,40,Male,France
15670823,Hsueh,42,Female,Germany
15607133,Shih,49,Female,Spain
15615012,Fan,23,Male,France
15725141,Whiddon,44,Female,France
15623560,Onyekachukwu,35,Female,France
15693018,Ermakova,23,Male,Germany
15636756,Marino,23,Male,France
15647474,Niu,40,Female,France
15576714,Manna,21,Female,Spain
15585047,Onyemere,28,Male,France
15743976,Archer,41,Male,Germany
15793881,Mitchell,35,Female,France
15576517,Everingham,34,Female,Germany
15631072,Huie,38,Male,France
15730394,Crowther,43,Female,France
15631460,Swift,42,Female,Spain
15692002,Skelton,33,Male,France
15595282,White,33,Female,France
15789548,Giordano,37,Female,France
15758035,Bateson,61,Male,France
15617518,Hu,36,Male,Germany
15651802,Day,39,Female,Spain
15631813,Beneventi,39,Male,France
15729668,Elizabeth,29,Male,Spain
15741728,Atkins,36,Male,Spain
15576676,Serrano,28,Female,Germany
15711378,Willis,38,Male,France
15765520,Stevenson,27,Male,Germany
15656726,Ch'ien,32,Male,France
15647842,Cunningham,48,Female,Germany
15719309,Stephens,42,Female,France
15748718,Gordon,28,Male,France
15594404,Bevan,49,Female,France
15751158,Mashman,42,Female,France
15593470,Tu,36,Female,Germany
15695129,Milanesi,31,Female,France
15640865,Romano,31,Female,Germany
15714080,Goliwe,40,Female,Germany
15648721,Hsueh,64,Male,France
15801466,Gray,39,Female,France
15750248,Wright,35,Female,France
15758726,Chiemeka,24,Female,France
15781553,Chung,49,Female,Germany
15649121,Pinto,52,Male,France
15674811,Kellway,29,Male,Germany
15646037,Sopuluchi,77,Male,France
15722578,Spitzer,21,Female,Germany
15665695,Potter,49,Female,France
15801062,Matthews,40,Female,Spain
15662955,Nicholls,27,Male,France
15770309,McDonald,18,Male,France
15657386,Fiorentini,43,Male,Germany
15777797,Kovalyova,38,Male,Spain
15783955,Miah,25,Female,France
15804516,Builder,38,Male,France
15681758,Baddeley,25,Female,Spain
15630321,Hu,44,Male,France
15588248,Hs?,28,Female,France
15591932,Ford,32,Male,France
15810347,Todd,30,Female,Spain
15595303,Johnston,46,Male,Germany
15634950,Obiajulu,57,Male,Germany
15685372,Azubuike,54,Male,Spain
15745827,Padovesi,30,Male,France
15755868,Farmer,35,Male,France
15735222,Ignatieff,23,Female,Spain
15604804,Lu,33,Female,France
15718944,Artemiev,37,Female,France
15678626,Okonkwo,31,Female,Spain
15571550,Dore,39,Male,France
15723053,T'ang,32,Male,Germany
15661528,Ashbolt,47,Male,Spain
15754177,Bazarova,53,Male,Spain
15683544,Buccho,62,Male,Spain
15708048,Burn,34,Female,France
15701109,Andreyev,37,Female,France
15600110,Endrizzi,41,Female,Germany
15651533,Brown,50,Female,Germany
15777904,Nock,45,Female,France
15655574,Okeke,40,Female,Germany
15569423,Cunningham,41,Male,Spain
15718106,Kelley,34,Male,France
15585067,Wilson,31,Male,Spain
15675501,Woods,59,Male,France
15633233,McFarland,56,Male,France
15667134,Cisneros,32,Male,France
15659105,Borchgrevink,47,Female,France
15575409,Rozhkova,31,Male,Germany
15752342,Bradley,54,Female,Germany
15654851,Obialo,44,Male,France
15741429,Hudson,31,Female,Spain
15682356,Veltri,37,Female,France
15806447,Mazzanti,32,Male,Germany
15800229,Thorpe,40,Male,Germany
15663441,Golibe,40,Female,Germany
15791991,Udinesi,52,Male,France
15775082,Stewart,42,Male,France
15579706,Curtis,46,Female,France
15718247,Hayden,46,Female,Spain
15755722,H?,24,Male,France
15582259,Campbell,37,Female,France
15716994,Green,24,Male,Spain
15586880,P'eng,41,Male,Germany
15713854,Cremonesi,37,Female,France
15780835,Liang,26,Female,Germany
15675896,Gough,42,Female,Germany
15658459,Bates,33,Male,Spain
15658057,Padovesi,44,Female,Spain
15801767,Yin,40,Female,Spain
15569178,Kharlamov,18,Female,France
15731478,Nicholls,42,Female,France
15811236,Burns,39,Male,Spain
15746749,Fleming,32,Female,Spain
15662758,Watson,41,Male,France
15709387,Obiajulu,52,Male,France
15572093,Han,24,Female,France
15713826,Ferguson,20,Female,Germany
15570205,Tao,36,Male,Spain
15589348,"Le Grand",37,Male,Spain
15804610,Valdez,41,Female,France
15700854,Cunningham,35,Male,Spain
15758836,Godfrey,36,Male,Spain
15772933,Mai,31,Male,Spain
15809006,Walker,23,Male,France
15689612,Pirozzi,34,Female,Spain
15744614,Feng,37,Male,France
15704250,Akabueze,34,Male,France
15700255,Robson,44,Male,Germany
15669410,Yevdokimova,30,Male,France
15807595,Ijendu,51,Male,Germany
15664523,Colombo,31,Female,Germany
15642833,Akubundu,30,Female,France
15605279,Francis,50,Male,France
15713644,Marshall,22,Male,Spain
15750466,Rhodes,42,Male,Germany
15739054,Y?,29,Female,France
15612771,Bell,35,Male,France
15788483,Kerr,38,Male,Spain
15732832,Jideofor,40,Female,France
15772892,Robertson,49,Female,France
15713843,Kao,30,Male,Spain
15567993,Palmer,28,Male,Spain
15617603,Mackay,30,Male,Germany
15744983,Burgmann,47,Male,Spain
15630419,Davis,44,Male,France
15738828,Milano,45,Male,Germany
15778025,Dellucci,43,Male,Germany
15799479,Coles,33,Male,Spain
15684269,Gray,35,Female,Spain
15762745,Macvitie,32,Male,Spain
15746970,Townsend,57,Female,Spain
15725024,Pope,33,Female,Germany
15592116,Jensen,39,Female,France
15624391,Thomson,30,Female,Spain
15567422,Chiazagomekpele,42,Male,France
15612627,Ozuluonye,29,Male,Germany
15574879,Wright,37,Female,Germany
15745107,Lung,38,Male,Germany
15734491,Lombardo,36,Female,Spain
15675320,Leonard,40,Female,Spain
15643824,Johnston,33,Male,France
15643438,P'eng,20,Male,France
15721730,Amechi,44,Female,Spain
15680727,Fang,49,Male,France
15752508,Docherty,32,Male,Germany
15808846,Horton,21,Female,Germany
15727251,Vincent,30,Male,France
15663489,Onio,29,Female,Germany
15683677,Schiavone,39,Male,Spain
15596414,Chandler,41,Male,Spain
15730639,Fiorentino,23,Male,France
15672132,Butusov,42,Female,France
15742638,Wang,25,Female,France
15578603,Alexeieva,54,Female,Germany
15726088,Vinogradova,40,Male,France
15682533,Hughes,39,Female,France
15772995,Ts'ao,30,Male,France
15765694,Bage,59,Female,Spain
15659486,Yudina,34,Male,Germany
15568963,Naquin,34,Male,Germany
15703820,Endrizzi,42,Male,France
15569410,Tang,33,Female,Germany
15632256,Schroeder,29,Male,France
15724466,Swearingen,41,Female,Germany
15777639,McGregor,23,Female,Spain
15802501,Onyeorulu,33,Male,Germany
15778410,Clarke,52,Female,Spain
15670702,Smith,37,Male,France
15704763,Kozlova,39,Female,Germany
15645544,Nekrasov,30,Female,Germany
15757646,Olague,35,Male,France
15701121,Holt,38,Male,France
15796313,Olsen,36,Female,France
15815660,Mazzi,34,Female,France
15602844,Niu,38,Male,France
15636238,Graham,40,Male,France
15770101,Millar,43,Male,Germany
15645543,Bell,34,Female,France
15596397,Kelly,48,Female,France
15770525,T'an,28,Male,Spain
15684267,Davila,39,Male,Germany
15689980,Willis,36,Female,Spain
15633260,Dumetochukwu,37,Male,France
15756471,Giles,27,Male,Germany
15721303,O'Meara,34,Male,Spain
15802256,Yao,28,Male,France
15725664,Wallace,38,Female,France
15674851,T'ien,38,Male,France
15701946,Ndubueze,34,Male,France
15748947,Chukwuraenye,41,Female,France
15673342,K'ung,36,Male,France
15601008,Stevenson,33,Male,France
15771636,Marshall,36,Female,Spain
15642002,Hayward,35,Female,France
15693381,Tipton,38,Male,Spain
15607691,Gibson,36,Male,France
15589380,Fraser,40,Male,Germany
15603846,Fang,37,Male,Spain
15753549,Dubinina,25,Male,France
15725355,Morey,43,Female,France
15773017,Todd,37,Female,Spain
15625641,Forbes,74,Female,Germany
15776467,"De Salis",35,Female,Spain
15746451,Barry,41,Male,Spain
15777922,Afamefuna,36,Male,Spain
15606841,Ibbott,38,Male,France
15757648,Marshall,35,Female,Germany
15677173,Law,37,Male,France
15764170,Pinto,44,Male,Germany
15610446,Chinedum,51,Female,France
15612776,McKay,39,Female,Spain
15794122,Otutodilinna,59,Female,France
15774931,She,30,Male,France
15779247,Pai,24,Female,Spain
15707078,Kruglov,26,Female,France
15605263,Chin,33,Male,France
15607381,King,31,Female,Germany
15683471,Hansen,38,Male,France
15605037,Ting,49,Female,France
15576085,Stone,41,Male,France
15770435,McLean,50,Female,France
15592994,Zikoranachidimma,65,Female,France
15624068,Fu,26,Female,France
15595221,Trevisano,33,Female,Germany
15637131,Fallaci,38,Male,France
15613471,Wiley,31,Male,Germany
15583499,Chiagoziem,32,Male,France
15752816,Murray,29,Male,France
15804075,Chuang,36,Female,Germany
15800517,Huang,32,Male,Spain
15712319,Chukwukere,45,Male,Spain
15797389,Hsia,23,Male,Spain
15621432,Lee,35,Male,Spain
15779390,Theus,31,Female,Spain
15711219,Jennings,57,Female,Germany
15770498,Parker,37,Female,France
15678727,Tan,45,Male,Germany
15573893,Barry,25,Male,Germany
15740104,Tuan,22,Female,Spain
15792649,Patterson,31,Female,Spain
15605275,Ofodile,45,Male,Germany
15572467,Chandler,37,Male,France
15738219,Nash,36,Female,France
15600710,Atkinson,22,Male,France
15804394,Brenan,32,Male,Germany
15694188,Obidimkpa,46,Female,Spain
15583718,Terry,38,Male,Germany
15802478,Spring,31,Male,Spain
15619343,Mahmood,56,Male,France
15758813,Campbell,39,Male,Germany
15761374,Bellucci,54,Male,France
15569209,Amaechi,34,Female,Spain
15788539,Foxall,34,Female,France
15747222,Bentley,35,Female,Spain
15769346,Baird,36,Female,France
15699634,Howard,48,Female,France
15589076,Henry,36,Male,France
15812338,Sopuluchukwu,30,Female,Spain
15758845,Rocher,37,Female,Spain
15685844,White,35,Female,Germany
15583090,Komar,29,Female,Spain
15587581,Russo,33,Female,Germany
15633640,Loewenthal,52,Female,France
15573741,Aliyeva,38,Male,Spain
15633574,Montes,41,Female,France
15711455,Kuo,36,Female,Germany
15570601,Cheng,47,Female,France
15690925,McIntosh,29,Female,Spain
15709338,T'ao,29,Female,France
15780746,Tyndall,61,Male,France
15681956,Bailey,34,Male,France
15778190,Onyekaozulu,28,Female,Spain
15786852,Nwachukwu,38,Female,Germany
15726494,Romani,44,Male,France
15641183,Chin,25,Male,Spain
15805312,Bellucci,45,Male,France
15636572,Christmas,32,Female,France
15632575,Moore,70,Female,France
15740164,Genovesi,33,Female,France
15574947,Cartwright,36,Male,France
15597909,Johnstone,33,Male,Germany
15782574,Warner,33,Male,Spain
15734999,Stephenson,36,Male,Spain
15706593,Ellis,50,Female,Spain
15766686,Nebechi,39,Female,Germany
15590268,Chu,35,Male,Spain
15763055,Onuchukwu,31,Male,Spain
15664754,Steele,39,Male,Germany
15643630,Quaife,55,Male,Spain
15641043,Scott,35,Male,Spain
15768095,Yeh,31,Male,France
15811314,Y?,36,Female,Germany
15669922,Conti,36,Female,Spain
15707114,Holder,30,Male,France
15670602,Burgess,24,Male,Germany
15713479,Ozuluonye,35,Male,France
15663830,"De Luca",32,Male,Spain
15566958,"Li Fonti",39,Male,Spain
15680918,Freeman,34,Male,Spain
15663921,Pisani,60,Male,France
15716324,Ignatieff,23,Female,France
15796969,Lahti,33,Male,France
15574783,Perkins,37,Female,France
15773487,Conway,31,Female,Germany
15802486,Hayes,34,Male,France
15783398,Rizzo,49,Female,Spain
15649418,Krylov,29,Female,France
15604588,"Li Fonti",38,Female,Spain
15735428,Talbot,37,Female,Spain
15629078,Matthias,45,Female,Germany
15806880,Boyle,30,Female,Spain
15754999,Ch'eng,33,Female,France
15781034,Mason,67,Male,Spain
15622017,Bruno,33,Female,Spain
15705885,Smeaton,36,Male,Spain
15677382,Miller,69,Female,Spain
15566843,Gotch,20,Male,Germany
15608387,Fu,29,Female,France
15810786,O'Toole,67,Female,France
15626983,Ledford,48,Female,Spain
15773605,Iadanza,32,Female,Spain
15811261,Alaniz,42,Male,Spain
15590606,Saunders,41,Male,France
15576644,Lin,29,Female,Germany
15750264,Pinto,30,Male,Germany
15741554,Streeter,31,Male,Spain
15769051,Shaw,25,Male,Spain
15812198,Chen,48,Male,Germany
15699772,Barclay,40,Female,Germany
15744105,Kodilinyechukwu,28,Female,France
15739858,Otitodilichukwu,56,Male,France
15723720,McKenzie,31,Female,France
15638355,Woods,35,Female,France
15805637,Hsing,36,Male,France
15629575,Wheare,36,Male,France
15586243,Yobachi,44,Male,France
15757931,Fang,24,Male,France
15716023,Pearson,31,Male,France
15647782,Brown,36,Male,Germany
15716609,L?,54,Male,Germany
15623791,Padovesi,40,Female,Spain
15627262,Soto,23,Male,Germany
15652693,Greco,26,Female,France
15586993,Giordano,56,Female,Spain
15815560,Bogle,74,Male,Germany
15584930,Grimmett,30,Male,Germany
15799031,Ayers,39,Male,France
15810457,Miller,33,Female,Germany
15697879,Webb,30,Male,France
15594902,Lombardi,38,Male,France
15799710,Wei,37,Male,France
15659651,Ross,31,Female,Germany
15645956,Jideofor,44,Male,Spain
15651713,King,45,Male,France
15737265,Nwokeocha,39,Male,Germany
15687310,Humphries,39,Male,Spain
15607347,Olisaemeka,22,Male,France
15698321,Yobanna,34,Male,Germany
15657812,Ch'iu,52,Male,France
15569187,Fleming,35,Male,Spain
15681562,Trevisan,43,Female,France
15615456,Aleksandrova,37,Female,France
15589793,Onwuamaeze,53,Male,France
15781884,Knox,27,Male,Germany
15675190,Chia,21,Male,France
15600734,Townsend,51,Male,Spain
15779176,Dike,58,Female,Germany
15605286,Moyes,55,Male,France
15674922,Beavers,54,Male,France
15737506,Tretiakova,42,Male,France
15780514,Fuller,33,Male,France
15623647,Dellucci,36,Female,Spain
15668472,Ritchie,24,Female,Spain
15692416,Aikenhead,52,Female,Spain
15771139,Douglas,34,Male,Germany
15738318,Kung,40,Female,France
15772243,MacDonald,33,Female,France
15638463,Okwudilichukwu,48,Female,Germany
15598088,Ni,25,Male,Spain
15693468,Simmons,39,Female,Spain
15671930,H?,36,Female,France
15762268,Hancock,41,Female,France
15780954,Cran,26,Male,Spain
15700174,McKay,30,Female,Spain
15635728,P'an,41,Male,France
15679283,Parkhill,33,Female,France
15591386,Golubova,35,Female,France
15694192,Nwankwo,38,Female,Spain
15585901,Johnson,35,Male,Spain
15792329,Mao,37,Male,Germany
15635597,Echezonachukwu,33,Male,France
15775880,McElyea,30,Female,France
15630913,Rosas,69,Female,Spain
15756680,Phillips,28,Male,France
15587913,Palerma,40,Female,Spain
15737605,Morris,45,Female,Spain
15627876,Pavlova,47,Female,Spain
15772601,Lu,41,Female,Germany
15758606,Yamamoto,54,Male,France
15657107,Angelo,46,Female,Spain
15622454,Zaitsev,28,Male,Spain
15775803,Cawker,41,Male,Spain
15570859,Froggatt,36,Male,Germany
15748381,Gorbunov,29,Female,France
15787189,Tai,60,Male,Germany
15666055,Rowe,49,Female,France
15617648,Mikkelsen,44,Female,France
15755678,Kovalyov,62,Male,France
15624781,Mbanefo,34,Female,France
15779497,Ts'ai,43,Male,France
15567399,Enderby,43,Male,Germany
15613656,Lombardi,58,Male,France
15734311,Hamilton,27,Female,France
15657214,Hsia,74,Male,France
15799350,Mao,41,Male,France
15729970,Ugochukwu,29,Male,Germany
15725835,West,32,Female,Germany
15745543,Hughes,39,Male,France
15727384,Chukwuemeka,43,Female,Germany
15666916,Lira,43,Male,France
15732917,Li,46,Male,Germany
15612050,Castiglione,48,Female,Spain
15726267,Paterson,32,Male,France
15780124,Blair,74,Male,France
15742238,Dellucci,35,Male,Germany
15679024,Udinesi,32,Male,France
15715297,Yuan,40,Female,Germany
15633612,Yuryeva,28,Male,France
15602929,Wilson,37,Female,Spain
15696703,Dean,27,Male,Germany
15756668,Ross,30,Male,France
15565779,Kent,30,Female,Germany
15795519,Vasiliev,18,Female,Germany
15761477,Golibe,24,Male,Germany
15731890,Chukwukere,41,Male,France
15633043,Fedorova,39,Female,Spain
15752953,Chien,45,Male,France
15603088,Rossi,23,Female,Spain
15606613,Samson,59,Female,France
15635939,Fenton,39,Female,France
15666043,Mackey,33,Male,France
15746190,Payton,28,Female,Spain
15591357,Cowger,51,Male,France
15658716,Banks,37,Female,Germany
15679909,Pugliesi,41,Male,Spain
15634262,Fantin,34,Male,Germany
15799825,Bentley,44,Female,France
15756875,Freeman,34,Male,Spain
15678146,Wong,24,Female,Spain
15710743,Onwuamaeze,47,Male,France
15595831,Shen,64,Female,Germany
15626684,Huang,38,Female,France
15709846,Yeh,39,Female,France
15635459,Shih,27,Female,Germany
15642544,Henderson,34,Male,France
15566494,Fang,45,Male,France
15655238,Dellucci,31,Female,France
15733429,Chou,34,Male,Germany
15814536,Conti,37,Male,France
15771702,Roberts,35,Female,France
15723008,"Lo Duca",45,Female,France
15797160,Glover,49,Female,France
15792222,Johnstone,37,Female,France
15644765,Ashton,26,Male,Germany
15610686,Melton,63,Male,France
15730868,Marshall,41,Male,France
15705991,Kenenna,38,Male,Germany
15577078,Zakharov,38,Male,Spain
15679550,Chukwualuka,32,Male,France
15787655,Chu,47,Male,France
15668081,Capon,50,Female,Spain
15747980,Cattaneo,38,Male,Spain
15710295,Patrick,38,Female,Germany
15724443,Taylor,29,Female,Germany
15571305,Stephenson,35,Female,Germany
15569503,Yeh,44,Male,France
15581840,DeRose,33,Male,France
15772262,Vavilov,37,Male,Germany
15767794,Browne,31,Male,France
15629338,"Collingridge de Tourcey",31,Female,Spain
15790379,Rowe,28,Male,Germany
15750684,Jibunoh,42,Female,France
15697214,Korovin,36,Female,Spain
15711015,Hammonds,36,Male,France
15573309,Ward,48,Female,Spain
15805303,Olisanugo,44,Male,Germany
15741385,Gallop,45,Male,Germany
15780254,Gartrell,40,Male,France
15744843,K'ung,34,Female,Spain
15815626,Oluchi,63,Male,France
15784736,Jamieson,45,Male,France
15813412,Barlow,55,Female,France
15809143,White,32,Male,Germany
15617617,Stewart,39,Male,Spain
15779738,Buccho,24,Male,France
15668669,Benson,36,Female,France
15687477,Thompson,28,Male,Germany
15578908,Todd,32,Female,Spain
15687658,Burgin,52,Female,France
15615020,Nnaife,41,Female,Germany
15608886,Okwudiliolisa,33,Female,France
15602551,Johnson,39,Male,Spain
15672945,Parkes,37,Female,France
15757408,Lo,38,Male,Spain
15806132,Martin,55,Male,France
15813022,Kapustina,70,Male,Spain
15673578,Page,40,Female,Germany
15757916,Amaechi,38,Female,France
15689168,Munro,37,Male,Spain
15769216,Panicucci,43,Female,France
15593295,Greathouse,57,Male,France
15804814,Ts'ui,40,Male,France
15778934,Napolitani,49,Female,Spain
15802351,Beers,33,Female,Germany
15630241,Tretyakova,61,Male,France
15719561,Lin,42,Male,France
15615096,Costa,31,Female,France
15659931,Ibezimako,55,Female,Germany
15714586,Marcelo,42,Female,Spain
15634949,Hay,74,Male,Germany
15589224,Moore,41,Male,Spain
15795990,Lumholtz,48,Female,Germany
15603216,Simpson,25,Male,France
15631201,Hill,28,Female,Spain
15686255,Mouzon,35,Male,Germany
15746594,Wu,33,Male,Spain
15718893,Pirozzi,54,Female,Germany
15671609,Ibeabuchi,44,Male,France
15652540,Garnsey,31,Male,France
15774857,Synnot,27,Female,France
15791836,Wildman,29,Male,France
15651554,Anenechukwu,54,Female,Germany
15583576,Tai,30,Male,France
15732740,Plant,32,Female,Spain
15723320,Azubuike,25,Female,Germany
15603851,Galkin,32,Male,France
15777923,Johnston,45,Female,France
15735719,Babbage,40,Female,France
15703482,Walker,34,Male,Germany
15605835,Rice,37,Male,France
15664881,Norton,34,Male,France
15757568,Bogolyubov,45,Female,France
15792660,Gibbons,38,Male,France
15599722,Chia,43,Female,Spain
15726354,Smith,32,Female,France
15610355,Hunter,44,Male,France
15704284,Ekechukwu,57,Male,Germany
15621893,Bellucci,18,Male,France
15588219,Ford,38,Female,France
15688619,Scott,45,Male,Spain
15765518,Gregson,51,Female,France
15616931,Moore,41,Male,France
15758372,Wallace,18,Male,France
15782591,Cook,35,Male,France
15612109,Speth,38,Male,France
15613712,Boag,34,Male,Spain
15639322,Grave,33,Male,Spain
15594349,Streeten,49,Male,France
15574167,Fox,33,Male,France
15811842,Artemyeva,26,Male,Spain
15648794,Giordano,57,Male,Spain
15771211,Perkins,38,Male,France
15588614,Walton,57,Male,France
15630698,Hay,55,Female,France
15694200,Gardner,36,Male,France
15721426,Milne,65,Male,Germany
15725997,She,35,Female,France
15762138,Hu,42,Male,France
15750649,Uwakwe,44,Female,France
15685706,Bird,40,Female,France
15641835,Anderson,72,Male,France
15586821,Bellew,28,Male,France
15569678,Cocci,32,Male,Germany
15793842,Krichauff,34,Female,France
15667554,Cameron,35,Male,France
15794479,Becker,77,Male,Spain
15585041,Ainsworth,33,Male,France
15780650,Biryukov,40,Male,France
15780846,Redding,33,Male,France
15805260,Wood,56,Female,Germany
15621629,Scott,43,Male,Germany
15662151,Gould,40,Male,France
15747174,Hao,58,Male,Germany
15651585,Power,35,Male,Germany
15649738,White,46,Female,France
15633108,Thorpe,26,Male,France
15769254,Tuan,34,Female,Germany
15704746,Inman,35,Male,Spain
15637644,Hanson,24,Female,France
15609562,MacDonald,43,Female,Spain
15787459,Parkes,40,Male,Spain
15762902,Stanley,42,Female,France
15738605,Fischer,46,Female,Germany
15724889,Chinweuba,38,Male,Spain
15730735,Henning,38,Male,France
15689147,Ogochukwu,40,Female,France
15730397,Narelle,40,Male,Spain
15762169,Bergman,37,Male,Germany
15589320,Sagese,34,Male,Spain
15799211,Anenechi,32,Female,Spain
15798310,Palerma,35,Male,France
15609998,Okwudilichukwu,59,Female,Germany
15583548,Harrison,47,Female,Spain
15761763,Jamieson,33,Male,France
15764409,Goodman,37,Male,France
15710161,Ko,34,Female,France
15735246,Norman,58,Female,Spain
15791700,Ugochukwutubelum,47,Male,Germany
15670753,Uvarova,35,Male,Spain
15573876,Chia,48,Male,Spain
15770174,Piazza,29,Male,France
15641114,Power,37,Male,France
15682435,P'eng,35,Male,France
15751788,Johnson,28,Male,Spain
15672598,Walker,30,Male,Spain
15762803,Innes,31,Male,France
15812982,Francis,38,Male,Spain
15597901,Chidozie,34,Male,France
15731507,Mackenzie,33,Female,France
15809826,Craigie,46,Female,France
15764237,Manfrin,33,Male,Spain
15769917,Onyekachi,34,Female,Germany
15641850,Pethard,40,Male,France
15770974,Nwabugwu,37,Female,Germany
15803749,DeRose,41,Female,Germany
15684999,Ch'eng,26,Female,France
15770225,Padovesi,36,Male,France
15627484,Obielumani,47,Female,France
15610337,Stephens,35,Male,Spain
15752488,Emery,31,Female,Spain
15610056,Dufresne,34,Female,Germany
15806049,Lee,49,Female,Germany
15736069,Hsing,35,Female,Germany
15763662,Longo,43,Male,Germany
15615575,Vial,34,Male,France
15691723,Chukwudi,55,Male,Spain
15774098,Grant,38,Male,Germany
15750808,Ma,46,Male,Spain
15744368,Sun,58,Male,Spain
15610594,Moss,37,Female,France
15756125,Booth,44,Male,Spain
15623277,Ross,30,Female,France
15795954,Ndukaku,35,Male,France
15671969,Pruneda,36,Male,Spain
15791268,Neumann,38,Male,Spain
15713655,Calabrese,38,Female,France
15633930,Yobachukwu,56,Female,Spain
15712849,Tung,41,Male,Germany
15639077,Marchesi,30,Female,France
15808784,Hess,28,Male,France
15648577,Pickering,31,Female,France
15670345,Mazzi,33,Female,Germany
15633112,Madukaego,42,Male,Germany
15714397,Trentino,30,Female,Germany
15780038,Paterson,38,Male,Spain
15756305,Marchesi,66,Female,France
15578799,Anayolisa,58,Female,France
15800326,Poole,39,Female,Spain
15785485,Zhou,41,Female,Germany
15783958,Bates,37,Female,Spain
15727546,Olejuru,35,Male,France
15739576,Bustard,20,Male,Spain
15631333,Wade,25,Female,Spain
15604782,Tan,33,Female,Germany
15589643,Ngozichukwuka,41,Female,Spain
15585533,Calabrese,36,Male,France
15681506,Lane,43,Male,Spain
15630551,Forbes,33,Male,France
15698349,Davy,35,Female,Spain
15776631,Ma,36,Female,France
15762216,Barrera,41,Female,France
15623927,Alexander,55,Male,France
15681402,Ngozichukwuka,61,Female,Germany
15586264,Murray,43,Male,France
15594685,Hall,49,Female,France
15812945,Padovesi,29,Female,France
15734628,Lysaght,35,Female,France
15629323,Kelechi,37,Female,Germany
15666823,Nebechi,39,Male,France
15777553,Hanson,56,Female,France
15613097,Kao,33,Female,France
15622217,Tu,38,Female,France
15703588,Palerma,25,Male,Germany
15570835,Fallaci,57,Female,Germany
15679299,Shen,27,Female,Spain
15808044,Ts'ui,65,Female,France
15579208,Chikezie,48,Female,France
15684951,He,59,Female,France
15667620,Dreyer,43,Female,France
15582960,Short,33,Female,France
15590730,Hunt,34,Male,Spain
15763747,Ricci,36,Male,France
15778320,Teng,40,Female,Germany
15642787,Ijendu,37,Male,France
15624633,Kibby,45,Male,France
15766765,Obiuto,39,Male,Germany
15783615,Ramos,50,Male,Germany
15640161,Calabrese,44,Male,Germany
15619889,Vasin,26,Male,France
15579166,Munro,30,Female,France
15789097,Keeley,48,Male,France
15674880,Archer,50,Male,Spain
15778157,Murray,27,Male,Spain
15779064,Chidiegwu,27,Male,France
15801265,Tang,45,Female,Spain
15589204,Farrar,33,Male,France
15664543,Shaw,40,Male,France
15582714,Napolitani,47,Male,Germany
15797595,Greenhalgh,40,Female,France
15614034,Martin,61,Male,Germany
15763171,Hu,25,Female,Germany
15647266,Y?an,45,Female,Spain
15757577,Odili,61,Female,France
15736656,H?,49,Female,France
15635078,Chiemela,45,Male,Spain
15680141,Yuan,35,Female,Spain
15576945,Clements,29,Male,France
15602034,Kolesnikov,34,Female,France
15732020,Rutherford,57,Male,Germany
15611029,Hsiung,33,Female,Germany
15621210,Angelo,46,Male,Germany
15569222,Mendes,32,Male,France
15664639,McGregor,19,Male,France
15724223,Bronner,55,Female,France
15644621,Mironova,40,Female,Germany
15756056,Ku,28,Female,Spain
15700353,Evans,37,Female,France
15624388,Henderson,50,Female,Germany
15627212,Smith,36,Female,France
15648005,Russell,33,Male,Spain
15681446,Sun,37,Female,Germany
15775888,McDonald,38,Female,Germany
15749019,Wong,45,Male,Germany
15709928,Niu,41,Female,Spain
15784676,Fanucci,51,Male,France
15748116,Zetticci,29,Female,France
15612193,Hsia,29,Male,Spain
15762984,McIntosh,35,Male,Spain
15613713,Kozlova,30,Male,France
15664204,Meany,29,Male,Spain
15639415,Thompson,35,Male,France
15806332,"Le Gallienne",39,Female,Spain
15614929,Cheng,28,Male,Germany
15695492,P'eng,29,Female,France
15635972,Lloyd,36,Male,Spain
15616380,Wheeler,37,Female,Spain
15581440,Christie,48,Female,Germany
15654390,He,33,Male,France
15660688,King,35,Female,Spain
15806307,Favors,37,Male,France
15647975,Vida,26,Male,Germany
15595728,Thomas,41,Male,Germany
15735388,Wayn,25,Female,France
15788535,Tan,44,Male,Spain
15765902,Gibson,38,Male,Germany
15642345,Y?,49,Female,Germany
15641250,Calabresi,38,Male,Spain
15706163,Enyinnaya,46,Male,Germany
15746708,Ritchie,55,Male,Germany
15775203,Chia,45,Male,France
15787907,Wang,42,Female,Germany
15646764,Lorenzo,58,Female,Germany
15678284,Pai,35,Male,France
15726791,Nuttall,45,Female,Spain
15813144,Osborne,26,Female,France
15669342,Ferri,35,Male,Germany
15710366,Hamilton,42,Female,Spain
15614934,McEwan,37,Female,Germany
15588701,Lai,38,Female,France
15665438,Hs?,43,Male,France
15644896,Thompson,32,Male,Germany
15670205,Boyd,41,Female,Germany
15635776,Trevisani,43,Female,Germany
15791053,Lucciano,45,Male,Germany
15644005,Holman,33,Female,France
15796343,Bazhenov,31,Female,France
15751057,Douglas,32,Male,Germany
15623430,Hill,34,Male,France
15682600,Lo,39,Male,Germany
15769312,Forbes,48,Male,Spain
15708212,Lin,54,Female,Spain
15650258,Sinclair,35,Female,France
15604345,Kemp,22,Female,France
15578297,Ebelegbulam,43,Female,Germany
15671789,Woods,31,Male,France
15726186,Genovese,29,Male,Spain
15764618,Tseng,39,Female,Spain
15730738,Chiang,31,Male,Spain
15637650,Williams,50,Male,France
15606267,Wilson,38,Female,France
15625904,Wang,26,Male,France
15654463,Moore,34,Male,France
15774151,Iadanza,41,Female,Spain
15693259,Wallace,30,Male,France
15642468,Clark,42,Male,France
15758531,Y?,40,Female,France
15728352,Yermakov,27,Male,France
15637240,Wei,46,Male,France
15595588,Chukwunonso,39,Female,Spain
15778395,McIntyre,34,Male,Germany
15711825,Ts'ai,35,Female,Spain
15599251,Chung,32,Male,Germany
15570004,Tsou,31,Male,France
15656912,Aitken,51,Male,Spain
15657342,Dawson,28,Male,Germany
15716284,Ward,43,Male,France
15672374,Pai,52,Male,France
15732476,Ifeanyichukwu,27,Female,France
15747724,Briggs,34,Female,Spain
15633877,Morrison,42,Female,Spain
15672516,Wall,51,Male,Germany
15607827,Nebechukwu,34,Male,Germany
15751336,Yao,30,Male,Spain
15646539,Liao,31,Male,France
15756901,Ch'ang,26,Female,France
15809286,Burke,37,Male,Germany
15759021,Kay,35,Male,France
15725039,McIntyre,32,Male,Spain
15579130,Chidiegwu,43,Female,Germany
15754112,Musgrove,55,Male,Spain
15735522,Boulger,37,Male,Germany
15613326,Gow,33,Female,France
15739502,Amaechi,31,Female,Germany
15670914,Robe,38,Male,France
15604073,Bibi,25,Female,Germany
15806027,Niu,52,Female,France
15574886,Palerma,32,Male,France
15707120,Cocci,46,Male,France
15800845,Artemieva,33,Female,Spain
15603914,Arcuri,40,Male,France
15722765,Owen,57,Female,Spain
15783305,Franklin,46,Female,France
15574842,Lorenzo,25,Female,Germany
15607837,Muriel,29,Female,France
15714877,MacDevitt,29,Female,France
15782941,Chijindum,31,Male,France
15630167,Gibson,39,Female,Spain
15759038,Whitehead,41,Female,France
15661821,Johnstone,49,Female,Germany
15728006,Endrizzi,40,Male,France
15712176,Burke,31,Male,France
15689351,Johnson,41,Female,Germany
15782247,Yeh,22,Male,France
15769064,Marshall,39,Male,Germany
15718153,Kao,74,Female,Spain
15613189,Browne,52,Female,France
15661734,Taylor,42,Male,Germany
15592645,Gibbons,37,Male,Spain
15768387,Nott,41,Male,France
15792525,Lei,61,Female,Germany
15586976,Alexeeva,42,Female,France
15790659,Sheets,59,Male,Spain
15691446,Tokaryev,29,Male,Spain
15772632,Ts'ui,34,Female,France
15706587,Johnston,57,Male,France
15572461,Kung,29,Female,Germany
15654409,Unwin,34,Female,France
15568025,Hsueh,51,Male,France
15715769,Hao,26,Male,France
15667458,L?,28,Male,Germany
15567980,Frater,46,Female,Germany
15679294,Brennan,46,Female,France
15606507,Pisani,24,Male,France
15578825,Golubev,29,Female,France
15619935,Vanmeter,59,Female,Spain
15636089,Hs?,51,Female,Germany
15727490,Scott,47,Male,France
15591766,Crawford,25,Female,Spain
15641629,P'eng,38,Female,Spain
15813303,Rearick,88,Male,Spain
15756920,Genovesi,63,Male,France
15726403,Glenny,41,Male,Germany
15592765,Marks,40,Male,France
15704442,Fleming,53,Female,France
15641136,Davison,32,Male,France
15725818,Chibuzo,40,Male,Germany
15612071,Wilson,32,Female,Spain
15719809,Endrizzi,32,Male,Germany
15716518,Yuryeva,27,Female,France
15742210,Ugochukwu,38,Male,France
15630617,"Lo Duca",36,Male,Germany
15720838,Gallo,31,Female,Spain
15595537,Trout,49,Male,Germany
15623196,Morley,38,Male,France
15679249,Chou,57,Female,Germany
15693199,Shao,37,Female,France
15661219,Trentino,32,Male,France
15617136,Mazzanti,38,Female,Germany
15760294,Endrizzi,41,Female,France
15652808,Monaldo,41,Female,France
15657139,Otutodilinna,40,Female,France
15803790,Allen,37,Male,Germany
15764105,Milne,57,Female,France
15672610,Somadina,40,Male,Spain
15766896,Chieloka,37,Male,France
15587735,Chukwuebuka,39,Male,France
15659501,Chioke,38,Female,France
15745001,Kovalev,36,Female,Spain
15651140,Doherty,32,Female,France
15571148,Baranov,21,Female,Spain
15776824,Rossi,28,Male,France
15633141,Robinson,35,Female,Germany
15764174,Bidencope,26,Female,Spain
15778155,T'ien,31,Female,Germany
15715920,"De Bernales",23,Male,Spain
15671917,Wade,46,Male,France
15666548,Chung,56,Female,Germany
15625623,Stevenson,45,Female,France
15748123,Chienezie,20,Male,France
15648735,Cashin,37,Male,France
15634974,Seppelt,37,Female,France
15713378,Brownless,38,Male,France
15753370,McDonald,38,Female,Germany
15782659,Mamelu,32,Male,France
15583364,McGregor,32,Female,France
15625942,McDonald,45,Female,Spain
15720284,Crawford,37,Female,Germany
15679642,Feng,44,Male,Spain
15628007,Genovese,33,Male,France
15661974,Pirozzi,46,Male,France
15689341,Gibbs,50,Female,France
15607993,Milne,52,Female,France
15693267,Dickson,34,Female,Germany
15769522,O'Connor,51,Male,France
15755825,McGuirk,39,Male,France
15598175,Toscani,26,Female,Germany
15744327,Ruth,40,Male,France
15798666,Hughes,36,Female,France
15577064,Onyekaozulu,36,Male,Germany
15759436,Aksenov,50,Female,France
15690231,K'ung,62,Female,Spain
15751561,Meng,61,Male,Germany
15739068,Nwoye,25,Male,Germany
15758056,Calabresi,35,Male,France
15742269,Milano,24,Female,France
15726490,Kirby,52,Male,Spain
15738411,Ho,34,Male,France
15727919,Chukwuemeka,29,Female,Spain
15709396,Hale,42,Male,France
15654106,K?,26,Male,France
15621653,Rice,29,Female,France
15598086,Brown,45,Female,France
15752300,Sagese,47,Male,Germany
15658693,Aksyonova,60,Female,France
15631838,Findlay,61,Male,France
15803804,Walker,35,Female,Germany
15578809,Hao,40,Male,Germany
15752026,Hammer,58,Male,France
15723706,Abbott,33,Female,France
15752838,Lucas,38,Male,Spain
15569571,Davydova,46,Female,Germany
15769703,West,45,Female,Germany
15679770,Smith,61,Female,France
15791102,Mai,41,Male,Germany
15655192,Fiorentino,24,Female,Spain
15709487,Freeman,34,Male,Germany
15687130,Nkemjika,43,Female,France
15755178,Ramos,50,Male,France
15634772,Mario,59,Female,Spain
15617197,Chien,50,Male,France
15631240,Dubinina,36,Female,France
15784301,Wang,42,Male,France
15631310,Hsieh,53,Female,France
15756560,Moran,46,Female,Spain
15732270,Hung,71,Male,Spain
15739357,Moss,30,Male,Spain
15771540,Fedorova,38,Male,France
15567486,Li,41,Female,Spain
15714634,Nebechi,26,Male,France
15727021,Obialo,30,Female,Germany
15650670,Bateson,40,Female,Germany
15711834,Long,30,Female,Spain
15729763,Nelson,34,Male,Spain
15646566,Bell,58,Female,France
15645463,Udinese,27,Female,France
15672144,Mao,38,Female,France
15596088,Fanucci,50,Female,France
15614878,Yeh,29,Female,Germany
15635240,Onuoha,42,Male,France
15775905,Moore,47,Female,Germany
15700657,Thornton,40,Female,Germany
15611905,Warlow-Davies,31,Female,Spain
15652527,Champion,44,Male,France
15785865,Mazzanti,58,Male,France
15645942,Macleod,40,Male,Spain
15688691,Lei,51,Female,Germany
15592736,Lucchese,54,Male,Germany
15673529,Lombardo,36,Male,Spain
15724145,William,29,Male,Germany
15704629,Wright,32,Female,France
15597896,Ozoemena,30,Male,Germany
15731790,Boyle,38,Female,Germany
15634719,Chinwendu,31,Male,France
15703205,Uwaezuoke,46,Female,France
15567333,Archambault,31,Female,France
15754537,Ko,40,Male,France
15612030,Udegbulam,28,Male,France
15573242,Greene,50,Male,France
15601892,Hunter,33,Male,France
15663885,Blinova,32,Male,France
15701096,"De Garis",44,Male,France
15710450,Okwudiliolisa,22,Male,Spain
15790846,Ts'ai,38,Male,Germany
15658956,Tuan,40,Male,Germany
15755223,Tseng,53,Male,Germany
15787318,Holmwood,47,Female,Germany
15737310,Thompson,29,Male,France
15763665,Y?,28,Female,France
15668818,Chidubem,40,Female,Spain
15765812,Trevisani,48,Male,Spain
15704844,Hsiung,62,Male,Spain
15744582,Randall,24,Female,France
15616700,Leach,41,Female,Spain
15683521,Godfrey,28,Male,Germany
15583049,Wallace,34,Female,Germany
15643752,Wei,25,Male,France
15620398,Mitchell,34,Female,Spain
15715707,Light,32,Male,France
15814209,Capon,31,Male,France
15733768,Hou,32,Male,France
15755242,Rowe,46,Female,France
15729412,Holloway,38,Male,France
15746564,O'Sullivan,42,Male,France
15588446,Udinesi,34,Male,Spain
15665221,Nwebube,26,Male,France
15640846,Chibueze,58,Female,Germany
15700209,Walker,63,Male,France
15658360,Gregory,35,Male,Spain
15602735,Kuo,45,Male,Germany
15724834,Wilson,30,Female,France
15800062,Lanford,49,Male,Spain
15685300,Meng,35,Male,France
15760102,Yeh,36,Female,France
15787026,Onwuatuegwu,27,Male,Germany
15653696,Goliwe,28,Female,France
15788946,Anthony,29,Female,Spain
15600724,Scott,29,Male,Germany
15574324,Genovese,29,Female,Germany
15707144,Onyeorulu,25,Male,Germany
15775891,Myers,48,Male,Germany
15711789,Davey,42,Female,Spain
15600879,Parsons,36,Female,Germany
15681196,Chikere,35,Male,France
15716000,Hs?eh,48,Male,Spain
15766776,Sal,41,Male,France
15680278,Ts'ai,42,Female,Spain
15688637,Witt,27,Female,France
15591179,Skelton,30,Male,Spain
15677435,Kazantseva,29,Female,France
15698619,Bowhay,43,Male,France
15581036,Beyer,40,Female,Germany
15622117,Fries,31,Female,Spain
15599301,Tao,28,Female,Germany
15581548,Kaodilinakachukwu,22,Female,Spain
15586870,Ni,27,Male,France
15735263,Hsueh,27,Male,France
15765322,Connely,23,Male,France
15582944,Becker,39,Female,Spain
15687162,Clayton,51,Male,France
15644962,Connolly,21,Male,France
15612615,Graham,37,Female,France
15813439,Ch'ien,33,Male,France
15604544,Manfrin,40,Male,Germany
15761348,Kuo,38,Female,France
15785078,Fomin,26,Male,Spain
15759874,Chamberlain,44,Male,France
15643658,Barber,53,Male,Germany
15713267,Zimmer,34,Female,Spain
15737782,Brazenor,29,Male,France
15815490,Cocci,40,Male,Germany
15679410,Caldwell,62,Female,France
15756241,Yirawala,44,Female,France
15688409,Donaldson,28,Female,France
15742272,Ozerova,44,Female,France
15717898,Bruce,32,Male,Spain
15769582,Kang,29,Male,France
15635660,Rossi,30,Male,Germany
15576723,Ts'ai,37,Female,France
15591577,Moran,35,Male,France
15582325,Jennings,52,Male,France
15693947,Tokareva,19,Female,France
15760446,Pagnotto,64,Female,France
15611105,Castella,35,Male,Spain
15630920,"Du Cane",34,Male,France
15574910,Ferguson,50,Male,France
15756472,Odinakachukwu,25,Male,France
15682890,Woronoff,38,Male,Germany
15641994,Meng,43,Male,Germany
15733297,Sinclair,38,Female,France
15767793,Hsu,38,Female,France
15725698,Panicucci,35,Female,Spain
15813532,Burns,39,Female,France
15576760,Onodugoadiegbemma,36,Male,Germany
15732102,Darling,27,Female,Germany
15739046,Maggard,23,Female,Spain
15631927,Thomas,28,Female,Spain
15672115,Lettiere,60,Male,France
15618765,Ponomaryov,42,Female,Germany
15679148,Oliver,44,Male,France
15728474,Chienezie,32,Male,Germany
15636999,Mao,38,Male,France
15754261,Ho,42,Male,Spain
15629150,Lucchese,37,Female,France
15736274,Prokhorova,31,Male,France
15627697,Alekseyeva,34,Male,France
15721585,Blacklock,29,Male,Germany
15639946,Sazonova,39,Female,Germany
15792176,Henty,40,Female,Spain
15699450,Li,48,Male,France
15729954,Azuka,28,Female,France
15600103,Alexander,29,Female,Germany
15786200,Brock,31,Male,France
15797010,Shen,31,Female,France
15670172,Padovesi,30,Female,France
15627352,Bulgakov,46,Male,Germany
15622494,Mazzanti,27,Male,France
15585835,Lord,34,Female,Spain
15595071,Ramos,22,Male,France
15628203,Pai,38,Female,France
15667190,Yuan,21,Female,Spain
15780212,Mao,37,Male,France
15766869,Uspenskaya,37,Male,Germany
15775741,Powell,28,Female,France
15628170,Brown,32,Female,Germany
15701318,Poole,67,Male,Spain
15710928,McChesney,55,Female,France
15682547,Lucchese,38,Male,France
15631170,Clements,45,Male,France
15648702,Yuriev,70,Male,Germany
15783444,Endrizzi,39,Female,France
15809178,Pan,42,Female,Germany
15806688,Manfrin,56,Female,Spain
15576824,Kennedy,44,Female,Germany
15675422,Conway,32,Female,France
15681550,Lablanc,41,Female,France
15812628,Dodd,38,Female,Germany
15597951,Muir,58,Female,France
15807045,Milanesi,37,Female,Germany
15581748,Shen,57,Male,Germany
15770420,Dillon,46,Male,Germany
15608230,Hoelscher,23,Male,France
15730339,Bell,30,Male,Spain
15712584,Liao,33,Female,France
15592816,Udokamma,48,Female,Germany
15641480,Sinnett,32,Male,France
15708505,Palerma,37,Female,Germany
15791131,Chimaijem,30,Female,Germany
15618225,Porter,36,Male,Germany
15644724,Fan,31,Male,France
15662098,Palmer,41,Male,Spain
15723894,Younger,45,Male,France
15787699,Burke,34,Male,Germany
15687738,Nwagugheuzo,38,Female,France
15576126,Young,41,Female,France
15658889,Watson,22,Male,France
15667046,Tseng,38,Male,Spain
15669957,Drake,52,Male,Germany
15655794,Hanna,36,Male,France
15599829,Padovesi,35,Female,France
15753332,Loftus,48,Male,Germany
15671124,Buccho,25,Male,France
15767474,Lorenzo,57,Female,France
15720671,Ibezimako,42,Male,France
15626787,Wei,31,Female,Spain
15774491,Ross,28,Female,France
15579647,Oluchukwu,42,Male,France
15625522,Walker,31,Male,Spain
15765806,Wu,29,Male,France
15566708,Chidalu,45,Female,France
15668347,Ingram,36,Male,France
15575214,Ch'en,37,Male,France
15591123,Iredale,68,Male,Germany
15573280,Gallagher,50,Male,Germany
15589018,Padilla,28,Male,Germany
15654495,Potter,47,Female,Germany
15597265,Mao,38,Male,France
15733876,Schneider,36,Male,France
15677217,Ibragimova,30,Male,France
15747265,Huang,27,Female,Germany
15713379,Anderson,26,Male,France
15730433,Nakayama,38,Female,Germany
15693347,Gardener,32,Female,France
15715465,Aksenova,28,Male,Germany
15680736,Milne,72,Female,Germany
15610765,Onwumelu,29,Male,France
15650034,Kudryashova,28,Female,France
15782468,Hart,51,Male,Spain
15685109,Teng,39,Male,France
15776233,Kruglova,61,Female,Germany
15761141,Palerma,71,Female,Spain
15781702,Brookes,38,Male,Germany
15790235,Hsing,40,Male,Spain
15641416,Shaffer,61,Female,Germany
15775234,Laurie,24,Male,France
15659475,Chung,33,Female,France
15642202,Whitfield,37,Female,Germany
15771417,Thomas,43,Male,France
15585100,Rioux,40,Female,Germany
15700487,Osonduagwuike,46,Male,France
15726589,Matveyev,39,Male,Germany
15747503,Hayward,44,Male,Spain
15595883,Nkemdirim,39,Male,Germany
15663826,Brim,66,Female,Spain
15742820,Trevisano,45,Female,France
15624793,Soubeiran,23,Male,Germany
15597930,Wilson,52,Male,France
15665110,Helena,25,Female,France
15770719,Duncan,39,Female,France
15731327,Hale,27,Male,Germany
15576044,Macdonald,28,Male,Germany
15775662,McKay,43,Male,France
15646817,Chiekwugo,51,Male,France
15596060,Skinner,29,Male,Spain
15723299,Sorokina,53,Male,France
15636982,Weller,43,Female,Germany
15751175,Bess,44,Female,France
15618936,MacDonald,51,Female,France
15787529,Gray,38,Male,Spain
15780128,Ogbonnaya,33,Male,France
15615991,Udegbulam,42,Male,France
15757001,Mai,32,Female,France
15595388,Yeh,30,Female,France
15699550,Babbage,34,Female,Spain
15581620,Franklin,28,Male,France
15600934,Randell,52,Female,France
15738672,Paterson,40,Female,Germany
15721307,Pickering,37,Male,Germany
15619280,Uspensky,25,Male,France
15768244,Macleod,30,Female,Spain
15806837,Nnaife,37,Male,France
15643496,Randolph,34,Female,France
15813916,Kudryashova,31,Female,France
15626385,George,33,Female,Spain
15603582,Robertson,34,Female,Spain
15764351,Yuryeva,59,Female,Germany
15667938,Hurst,32,Male,France
15576360,Ch'iu,40,Male,France
15628813,King,43,Female,France
15584190,Esposito,36,Male,France
15716449,Fraser,33,Male,Spain
15759913,Trentini,43,Male,Germany
15701555,Nicholls,53,Male,Spain
15758482,Montalvo,32,Female,France
15758171,Tien,20,Male,France
15680346,Chuang,40,Male,Spain
15649124,Fang,30,Male,France
15812917,Kosisochukwu,35,Male,Spain
15768455,Young,60,Male,France
15703059,Scott,49,Female,Germany
15646196,Yeh,36,Female,Spain
15585451,Vigano,32,Female,Germany
15714057,Windradyne,40,Male,Spain
15748473,Curnow,38,Male,France
15785782,Ugonna,48,Male,Spain
15693233,"De Neeve",38,Male,Germany
15757521,Ricci,35,Male,France
15812513,Nnaife,45,Male,Germany
15674950,Ebelechukwu,39,Male,Germany
15678572,Keating,38,Male,Spain
15713608,Tuan,41,Female,France
15579262,Shearston,41,Male,France
15610426,Tien,39,Female,France
15776454,Hamilton,48,Female,France
15771483,Arnold,40,Male,France
15648489,Ting,53,Male,France
15646609,Chao,33,Male,France
15693203,Powell,75,Female,Spain
15813067,Williams,45,Female,Germany
15769829,Cheng,51,Male,Spain
15662434,Zhdanova,25,Male,France
15773503,Tsai,32,Male,Spain
15705890,Nebechukwu,45,Male,France
15711398,Fetherstonhaugh,25,Female,France
15752375,Ojiofor,33,Male,Germany
15659175,Severson,43,Female,France
15597033,Speight,37,Male,Germany
15590228,Greenwalt,21,Male,France
15631848,Grover,26,Female,France
15654211,Milani,27,Female,Spain
15707968,Akobundu,36,Male,Spain
15594084,Anderson,22,Male,France
15651093,Chien,55,Female,France
15798824,Kennedy,38,Male,Spain
15671591,Castiglione,52,Male,Spain
15707189,Marshall,36,Female,Germany
15733581,Duncan,32,Male,Germany
15641640,Uspenskaya,33,Female,Spain
15585284,Thomson,35,Female,Spain
15617866,Calabrese,67,Male,Spain
15667751,Herrera,36,Female,Spain
15669411,Muse,52,Female,Germany
15789425,Marsden,37,Female,Germany
15570943,Artemyeva,35,Female,Germany
15685829,McKay,37,Male,France
15721917,Chuang,38,Female,France
15776047,Nicholls,29,Female,France
15716024,Dennis,42,Male,Spain
15675328,Knight,37,Female,France
15604314,Webb,26,Female,Germany
15658339,Pugliesi,37,Male,Germany
15630402,Nebechukwu,31,Female,France
15689616,Ward,34,Male,Spain
15774224,Nixon,30,Female,Germany
15701291,Chidubem,44,Male,France
15719606,Rivers,50,Male,France
15644119,Sochima,31,Male,France
15646859,Heydon,47,Male,Germany
15606836,Lombardo,33,Female,France
15664150,Holland,29,Female,Germany
15624510,Tien,52,Male,France
15810944,Bryant,35,Female,France
15668575,Hao,26,Female,Spain
15603246,Genovesi,73,Male,France
15804002,Kovalev,33,Female,France
15728773,Hsieh,47,Female,France
15598044,Debellis,35,Female,France
15694829,Chibueze,32,Male,Germany
15600575,Padovano,41,Male,Spain
15727311,Yen,22,Female,France
15570769,Kibble,69,Male,France
15606274,Lori,38,Male,Germany
15746139,Enemuo,33,Male,France
15704987,Lu,52,Female,France
15628972,Nebeolisa,32,Male,Germany
15697686,Stewart,40,Female,France
15733883,Ward,28,Male,France
15617482,Milanesi,52,Female,Germany
15704583,Chikwado,56,Male,France
15621083,Douglas,57,Male,France
15649487,Sal,38,Female,Germany
15736760,Douglas,42,Female,Spain
15714658,Yates,33,Female,France
15599081,Watt,46,Female,Germany
15705113,P'an,34,Male,Spain
15631159,H?,41,Male,Germany
15792818,Perry,29,Female,Germany
15633531,Lavrov,76,Female,France
15744529,Chiekwugo,63,Male,France
15669656,Macdonald,32,Male,France
15581198,Jenkins,39,Female,Germany
15729054,Korovina,32,Male,Germany
15573452,Manning,42,Male,Germany
15776733,Wilson,37,Female,Germany
15724858,Begum,54,Female,France
15713144,Ingrassia,46,Male,Spain
15690188,Maclean,33,Male,France
15689425,Olejuru,35,Male,Spain
15671766,Enyinnaya,44,Male,France
15782806,Watson,28,Male,Spain
15764419,Langdon,27,Male,France
15591915,Frolov,39,Female,France
15772798,Chikezie,28,Female,Spain
15792008,Zetticci,26,Female,Spain
15715541,Yang,42,Female,France
15639277,Lin,41,Female,France
15798850,Goddard,32,Male,France
15776348,Rogers,20,Male,Germany
15727696,Zubareva,42,Male,France
15793813,Onochie,36,Male,France
15694395,Ts'ui,29,Female,France
15764195,Newsom,39,Male,Spain
15744919,Genovese,37,Female,Spain
15671655,Thorpe,31,Male,Germany
15654901,Horton,51,Male,France
15649136,Williamson,43,Female,France
15775562,Shoobridge,33,Female,France
15807481,Peng,46,Female,France
15642885,Gray,30,Male,France
15789109,Watson,41,Female,France
15814004,Fyodorova,29,Male,France
15673619,Bazhenov,25,Male,France
15595135,Solomon,29,Female,Germany
15583681,Layh,31,Male,Spain
15605000,John,38,Male,France
15718071,Tuan,51,Female,France
15679760,Slattery,46,Male,France
15654574,Onyekachi,36,Male,Germany
15577178,Genovese,45,Male,France
15595324,Daniels,39,Female,Germany
15756932,Caldwell,36,Female,Spain
15726358,Chiemenam,34,Male,France
15595228,Wanliss,45,Male,France
15782530,Bruce,30,Male,Spain
15592877,Wright,42,Male,Spain
15651983,Fang,56,Female,France
15746737,Eames,59,Male,Germany
15774179,Sutherland,37,Male,France
15667265,Cavenagh,39,Male,France
15655123,Dumetolisa,45,Female,Spain
15595917,Mackay,35,Female,France
15668385,Dellucci,40,Male,France
15709476,Kenyon,41,Female,Spain
15711218,Parry,39,Male,Germany
15798659,Kennedy,43,Female,Spain
15663939,Arnott,35,Male,Germany
15694946,Hanson,35,Male,France
15631912,T'ao,30,Male,France
15768816,Shen,42,Male,Germany
15682268,Steere,26,Female,Germany
15684801,Abbott,47,Male,France
15636428,Sutherland,45,Female,Spain
15809823,Thurgood,19,Male,Germany
15699284,Johnson,49,Male,France
15786993,Lung,51,Female,France
15709441,Cocci,59,Female,Spain
15710257,Matveyeva,39,Female,France
15582492,Moore,29,Female,France
15575694,Yobachukwu,45,Female,Spain
15756820,Fleming,26,Female,France
15766289,Dickinson,47,Male,France
15593014,Evseyev,33,Male,France
15584545,Aksenov,40,Female,France
15675949,Fleming,43,Female,Spain
15672091,Ulyanov,32,Female,Germany
15801658,Summers,55,Male,France
15706185,Clements,47,Male,Germany
15789863,Kazakova,39,Male,France
15720943,Pirozzi,45,Female,France
15697997,Jamieson,33,Male,France
15665416,Ferri,62,Male,France
15660200,Mai,31,Male,France
15619653,Hannaford,47,Male,France
15773447,Fomin,30,Male,Spain
15739160,Mahon,41,Female,France
15689237,Shaw,27,Female,France
15679297,Volkova,43,Male,Spain
15591433,Miles,43,Male,Germany
15642725,Madison,32,Male,France
15701962,Scott,29,Female,Spain
15811613,Voss,27,Female,France
15741049,Colebatch,29,Male,France
15724423,Wilson,38,Female,France
15574305,T'ang,36,Male,France
15678168,Gibson,27,Female,Spain
15697020,Hs?eh,39,Male,France
15610801,Pan,41,Male,Germany
15745232,Chikelu,39,Female,France
15722758,Allan,40,Male,France
15792102,Yefremova,42,Female,France
15675185,Chuang,48,Female,Germany
15801247,Fan,39,Male,Spain
15725660,Dellucci,20,Male,France
15638963,Garran,22,Female,France
15800061,Moretti,45,Female,Spain
15578006,Yao,85,Female,France
15668504,Lucchesi,36,Male,France
15687491,Nkemdilim,45,Male,Germany
15610403,Anderson,43,Male,France
15741094,Sagese,21,Male,France
15807909,Rubensohn,47,Male,France
15666141,Baldwin,26,Female,Spain
15617134,Iqbal,38,Male,France
15783029,Monaldo,34,Male,France
15622833,Mahon,29,Female,Germany
15746422,Muir,38,Female,France
15750839,Burns,29,Male,Spain
15749130,Dyer,27,Male,Germany
15779862,Lyons,31,Female,Germany
15767871,H?,48,Male,Spain
15679651,Gardiner,37,Female,Spain
15576219,Cameron,32,Male,France
15699247,Chapman,44,Female,France
15619087,Taylor,53,Male,France
15605327,Namatjira,35,Male,France
15610140,He,34,Female,France
15791174,Leibius,67,Male,Spain
15602373,White,44,Male,France
15762605,Wall,58,Male,France
15598840,Moretti,33,Male,France
15744279,Patterson,58,Female,Spain
15670619,Coppin,33,Female,France
15599533,Tsao,43,Female,France
15757837,Kao,33,Male,Germany
15697574,Stewart,40,Female,France
15578738,Tuan,32,Male,France
15762228,Barnes,35,Male,Spain
15614827,Sun,42,Male,France
15789815,Fallaci,28,Female,France
15579781,Buccho,31,Male,Germany
15587013,Tien,31,Female,France
15570932,Pirozzi,43,Male,France
15794661,Liu,32,Male,Spain
15581654,Long,32,Male,France
15644296,Scott,30,Female,France
15614420,Gerasimova,32,Female,Germany
15609653,Ifeatu,44,Female,Germany
15594577,"De Luca",35,Male,France
15584114,Ogbonnaya,43,Female,Germany
15673367,Humffray,33,Male,Germany
15685576,Degtyaryov,36,Female,Spain
15774727,Monaldo,34,Female,Germany
15694288,Cawthorne,28,Male,Spain
15603319,Graham,29,Male,France
15759066,Carpenter,44,Female,France
15814816,Kambinachi,40,Male,France
15724402,Tyler,30,Female,France
15571059,Martin,54,Female,France
15674206,Walker,22,Female,France
15715160,Khan,36,Male,France
15730448,Iroawuchi,25,Male,Germany
15662067,Summers,40,Male,France
15779581,Bottrill,43,Female,Spain
15662901,Hu,37,Male,France
15689751,Jones,31,Female,France
15667742,Vincent,41,Male,Spain
15738448,Sanford,25,Female,Germany
15680243,Brown,19,Male,France
15745083,Lei,59,Male,Germany
15708228,Toscani,30,Male,Germany
15628523,Chien,24,Female,France
15708196,Uchenna,60,Male,Spain
15735549,Lori,35,Male,Germany
15809347,Fanucci,32,Male,Germany
15660866,Chimaobim,29,Female,France
15766609,Jowers,47,Female,France
15654230,Miller,31,Male,Germany
15794566,Kirsova,28,Female,France
15800890,T'ien,45,Female,France
15697424,Ku,30,Female,Spain
15724536,Chin,28,Female,Spain
15735878,Law,47,Female,Germany
15707596,Chung,74,Female,Germany
15657163,Cockrum,42,Male,Germany
15622478,Greaves,40,Female,France
15779529,Grant,32,Male,France
15636023,O'Donnell,40,Female,France
15582066,Maclean,21,Male,France
15666675,Hsieh,39,Female,France
15732987,Hs?,43,Male,Spain
15789432,Mazzanti,33,Male,France
15663161,Chiu,51,Female,Germany
15694879,Reeves,23,Female,Spain
15593715,Castiglione,27,Male,Germany
15575002,Ferguson,29,Male,France
15622171,Nnamdi,30,Male,France
15795224,Wu,39,Male,France
15685346,Chu,26,Female,Spain
15691808,King,43,Male,France
15721007,Charlton,33,Male,Germany
15794253,Marsh,34,Female,Spain
15694453,Walker,37,Male,Germany
15813113,Chang,56,Female,Spain
15614187,Pottinger,39,Female,Germany
15619407,Buckley,39,Male,France
15646227,Folliero,27,Female,France
15660541,Olisanugo,34,Male,France
15753874,Kent,37,Male,France
15617877,Jessop,44,Male,France
15772073,Hodge,48,Male,France
15701537,Ignatiev,60,Male,France
15736228,Chambers,40,Female,France
15780572,Mansom,30,Male,Spain
15769596,Yen,24,Female,Germany
15586996,Azikiwe,76,Female,France
15722061,Allen,41,Female,Germany
15638003,Komarova,55,Male,Spain
15775590,Mackay,48,Female,Germany
15730688,Yu,28,Female,France
15753102,Curtis,44,Male,Spain
15810075,Fang,39,Female,France
15723373,Page,34,Female,Spain
15795298,Olisaemeka,35,Female,Germany
15584320,Brennan,39,Female,France
15724161,Sutton,40,Female,France
15750056,Hyde,29,Female,France
15609637,Nkemakolam,51,Male,France
15794493,Chimaijem,32,Male,Spain
15569641,Sung,41,Female,Germany
15815236,Chiganu,34,Male,Spain
15811177,Beneventi,31,Female,France
15680587,Esposito,23,Male,France
15672821,Owen,28,Male,France
15767681,Smalley,34,Male,Spain
15600379,Hsiung,34,Male,Spain
15801336,Ch'ang,37,Female,Germany
15721592,Barton,38,Female,France
15581282,Lucchese,39,Female,France
15746203,Hsia,62,Male,Germany
15583137,Pope,48,Female,France
15680752,Horrocks,49,Female,France
15688172,Tai,40,Male,Spain
15791373,Chikezie,35,Female,Germany
15589449,Frye,56,Female,France
15692819,Toscani,32,Male,Germany
15727467,Mellor,27,Female,France
15734312,Kang,43,Male,Spain
15764604,Sutherland,35,Female,France
15613014,Hs?,29,Male,Germany
15759684,Ting,27,Female,France
15609669,Chuang,39,Female,France
15685536,Chu,34,Female,France
15750447,Ozoemena,60,Female,France
15663249,Howells,37,Female,Spain
15638646,Lucchese,43,Female,France
15734161,Nnonso,43,Male,France
15631070,Gerasimova,55,Male,Germany
15761950,Woronoff,45,Female,Germany
15649668,Wilhelm,36,Female,Germany
15713912,Nebechukwu,45,Female,Spain
15586757,Anenechukwu,32,Female,France
15596522,Meredith,42,Female,France
15625395,Chinomso,28,Female,France
15760570,Stephenson,32,Male,France
15566689,Chimaoke,66,Male,Spain
15725794,Winters,49,Female,France
15673539,Napolitani,26,Female,France
15705298,L?,29,Male,Germany
15675791,Williams,36,Male,France
15747043,Giles,36,Male,Spain
15736397,Wang,23,Male,France
15678201,Robertson,46,Female,France
15720745,Murray,24,Male,Spain
15637593,Greco,20,Male,France
15598070,Marchesi,33,Female,France
15787550,Chao,69,Male,France
15603942,Hawthorn,50,Male,Germany
15733973,Bibi,42,Female,France
15596761,Hawdon,60,Male,Germany
15652400,Moss,56,Male,Spain
15717893,Briggs,36,Male,Germany
15622585,McIntyre,26,Male,France
15733964,Russo,53,Female,Spain
15753861,Ballard,27,Female,Germany
15747097,Hs?,35,Male,France
15594762,Pisani,46,Male,Spain
15667417,Tao,33,Male,France
15684861,Thomson,32,Female,France
15742204,Hsu,31,Male,Germany
15623502,Morrison,56,Female,Spain
15774872,Joslin,36,Male,France
15611191,Scott,37,Female,Germany
15674331,Bidwill,30,Male,Germany
15619465,Cameron,24,Female,Spain
15575247,Cartwright,30,Male,France
15695679,Yao,39,Male,Spain
15713463,Tate,41,Female,Germany
15785170,Neal,32,Female,Germany
15796351,Yao,35,Male,Germany
15639576,Burns,26,Male,France
15693264,Onyinyechukwuka,29,Female,France
15589715,Fulks,66,Female,France
15769902,Christie,33,Female,France
15587177,Lloyd,36,Male,France
15814553,Ball,34,Female,France
15601550,Genovesi,36,Male,Spain
15664907,Alexander,47,Male,France
15612465,Siciliano,34,Male,Spain
15810800,Ositadimma,32,Female,Spain
15665760,Kazantsev,38,Male,Spain
15588080,Giles,54,Male,France
15776844,Hao,19,Female,Spain
15717560,Martin,50,Male,France
15629739,Hartley,31,Female,Germany
15729908,Allan,36,Female,France
15716781,Dolgorukova,24,Male,France
15646936,Nnamdi,32,Female,Germany
15768151,Romano,45,Female,Germany
15579212,Chuang,57,Male,France
15721835,Owen,25,Male,Spain
15800515,Singh,35,Male,France
15591279,Nwagugheuzo,37,Male,France
15587419,Shipton,58,Male,France
15750335,Paterson,43,Male,Germany
15699619,Rivas,31,Male,France
15606472,Lung,38,Female,France
15778368,Allan,50,Male,Germany
15671387,Fetherstonhaugh,29,Female,France
15573926,Lung,38,Male,Spain
15709183,Davidson,58,Female,France
15577514,Mai,36,Female,Germany
15778830,Dellucci,31,Male,France
15768072,Mitchell,33,Female,Spain
15768293,Sun,51,Male,France
15654456,Napolitano,48,Male,Germany
15807525,Bailey,43,Male,France
15574372,Hoolan,35,Male,France
15671249,Kent,33,Female,France
15779744,Chou,30,Male,Spain
15624755,Pepper,40,Female,Germany
15611430,Abramowitz,54,Male,France
15774744,Lord,33,Male,Germany
15629885,Wilson,33,Female,France
15708791,Abazu,32,Male,Spain
15793890,Harriman,59,Female,France
15646091,Frankland,43,Female,Spain
15596984,Pinto,31,Female,France
15800215,Kwemtochukwu,25,Male,France
15577806,Chiu,54,Female,Germany
15749381,Yu,41,Female,France
15683758,Onyekachukwu,44,Male,France
15670615,Castiglione,37,Male,Spain
15715622,"To Rot",57,Female,France
15707634,Anenechukwu,32,Female,France
15806901,Henderson,39,Female,France
15775335,Ellis,48,Female,Germany
15724150,Nkemdirim,48,Male,France
15627220,Kang,43,Female,Germany
15672330,Lear,31,Female,France
15668521,Jamieson,37,Male,France
15807837,Mazzanti,30,Female,France
15592570,Marino,23,Female,Spain
15748589,Winter,30,Female,France
15635893,T'ien,28,Female,France
15757632,Hughes-Jones,41,Female,France
15691863,Cody,39,Female,France
15706071,Hunt,39,Male,Germany
15654296,Estrada,19,Female,Spain
15755018,Dickinson,26,Female,Germany
15594041,Fanucci,41,Female,Spain
15670587,Yang,25,Male,Germany
15724527,Forbes,34,Male,France
15801904,Heard,28,Male,Germany
15658195,Efremova,34,Male,France
15630113,Morphett,35,Male,Spain
15784320,Lenhardt,44,Female,France
15676513,Burns,35,Male,Germany
15574072,Ch'ien,62,Female,France
15633854,Sun,40,Female,France
15618566,Jamieson,38,Female,France
15733014,Nolan,62,Female,France
15753343,Barry,28,Female,France
15746076,Saunders,50,Male,Spain
15608226,McMorran,72,Male,Spain
15605684,Phelan,31,Female,France
15638988,Fu,54,Male,France
15628767,Hotchin,63,Female,Spain
15737977,Aksyonov,25,Female,France
15758116,Rossi,53,Male,France
15575119,Hughes,71,Male,France
15625126,Duncan,40,Female,France
15567114,McGarry,35,Male,France
15672242,Aksenov,24,Male,France
15681327,Akhtar,30,Male,France
15802585,Pisani,41,Female,France
15740630,Pisano,31,Female,Spain
15815420,McDaniels,47,Male,Spain
15711468,Tennant,32,Female,France
15799626,Donaghy,50,Male,Germany
15659325,Todd,40,Male,Spain
15651352,Tobenna,38,Female,France
15684925,Vicars,43,Female,France
15657439,Chao,18,Male,France
15574122,Tien,34,Male,France
15720508,Hsing,31,Male,France
15599078,Yang,41,Female,Germany
15702300,Walker,27,Male,France
15660735,T'ang,31,Female,Spain
15671390,Chukwukere,36,Male,Spain
15647385,Ch'iu,56,Male,Spain
15739223,Pai,24,Female,Spain
15631305,Franklin,28,Female,Spain
15809263,Y?,29,Male,Germany
15640866,Peng,29,Female,France
15775663,Otitodilichukwu,53,Male,Germany
15631800,Pagnotto,37,Male,France
15654292,Vessels,33,Male,Germany
15648320,Heller,31,Female,France
15726747,Donaldson,63,Male,France
15694510,Ifeanyichukwu,45,Male,France
15572291,Kao,40,Male,France
15603465,Dunn,45,Female,Germany
15685628,Calabresi,35,Male,Spain
15792729,Holland,34,Female,Germany
15767414,Calabresi,40,Male,France
15568044,Butusov,31,Female,France
15751333,Atkinson,36,Female,France
15623062,Vasilyeva,24,Male,Germany
15713621,Mollison,41,Male,Germany
15670668,Webb,29,Male,Germany
15750638,Obiajulu,33,Female,Germany
15747878,Aiken,60,Male,Spain
15726796,Brabyn,38,Male,France
15754952,Su,48,Female,Germany
15652192,Traeger,33,Female,France
15681924,Ekwueme,38,Male,Germany
15763544,Thompson,47,Male,France
15764431,Chinwenma,34,Female,Spain
15684010,Tuan,74,Female,Germany
15648881,Tsai,40,Male,Germany
15733303,Liu,67,Male,France
15643294,Robinson,33,Female,France
15749905,Carr,47,Female,Spain
15625175,Palerma,43,Female,Germany
15643967,Chineze,37,Female,France
15578251,Fang,37,Male,France
15772573,Simpson,55,Male,Spain
15733234,Moretti,58,Female,France
15721582,Hale,40,Female,Germany
15628219,Benson,37,Female,Germany
15571302,Estep,72,Male,Germany
15637178,Mishina,45,Female,Spain
15601184,Abramovich,26,Female,Spain
15629511,Lavrentiev,49,Male,France
15570629,Alexeyeva,72,Female,Germany
15665766,T'ang,39,Male,Germany
15693732,Kilgour,66,Female,France
15765982,Chin,41,Male,France
15582016,Fiorentini,41,Male,Spain
15798024,Lori,84,Male,Germany
15588622,Marchesi,25,Male,Germany
15724863,Sheppard,55,Female,Spain
15618213,Nnanna,32,Female,France
15780411,Norris,46,Female,France
15725429,Vincent,33,Male,Germany
15600626,Bradley,30,Male,France
15668460,Bellucci,29,Male,France
15576263,Clements,22,Female,France
15720354,Knowles,71,Male,France
15691624,Chidiebere,33,Male,France
15793196,Kelly,41,Male,France
15633352,Okwukwe,31,Female,France
15750874,Onyemere,31,Male,France
15588923,Murphy,33,Female,France
15715745,Elliott,26,Female,France
15611800,Loggia,62,Female,France
15576928,Walsh,23,Female,France
15793693,Mahomed,60,Male,France
15581252,Dolgorukova,29,Female,Spain
15797760,Bogdanov,40,Male,France
15790564,She,40,Female,Germany
15593736,Cook,46,Female,Germany
15595937,Bruno,36,Male,Germany
15815628,Moysey,37,Female,France
15782802,Beneventi,26,Male,Germany
15627412,Ferri,39,Male,France
15734609,Skinner,37,Female,France
15710689,Angel,40,Male,Spain
15565806,Toosey,38,Male,France
15815530,Chin,42,Female,France
15632272,Lung,42,Female,France
15684103,Mellor,26,Female,France
15654519,Hassall,31,Male,France
15767722,Richardson,39,Female,France
15654346,Poninski,35,Male,Germany
15660147,Dore,32,Male,Spain
15814998,Bonham,42,Male,Spain
15802207,Ibezimako,43,Male,Germany
15658668,Hunter,49,Male,Spain
15715079,Bold,41,Male,France
15570360,Wan,35,Female,France
15674678,Bradley,43,Female,Germany
15780925,Tretyakova,37,Male,France
15688193,Graham,36,Male,France
15778219,Izmailov,26,Male,France
15696514,Calabrese,37,Female,Germany
15712303,Valentin,66,Male,France
15719090,Osonduagwuike,34,Female,Germany
15735632,Williamson,41,Male,France
15619436,Pan,32,Female,France
15722404,Carpenter,30,Female,France
15662063,McIver,36,Male,France
15745605,Trevisan,47,Female,France
15636658,Rozhkova,36,Male,France
15784130,He,30,Female,Germany
15606755,Moretti,46,Female,Spain
15801699,Fishbourne,43,Male,Spain
15784097,Gibson,28,Male,Germany
15764654,Zikoranachidimma,37,Male,France
15612092,Palmer,32,Male,Germany
15610903,Chukwueloka,31,Female,Spain
15705777,Real,49,Male,Germany
15661936,Chikelu,40,Male,France
15700864,Fiorentini,21,Female,France
15722965,Yefimova,57,Male,France
15737521,Ball,40,Male,Germany
15814465,Ch'in,24,Male,France
15580988,Odell,29,Male,France
15789974,Enemuo,33,Male,France
15713370,Hunter,36,Male,Spain
15748673,Nepean,37,Female,France
15754919,Nwebube,40,Female,France
15641662,Enticknap,39,Male,Germany
15813422,Lu,35,Male,Spain
15713596,Ugochukwu,62,Female,France
15791216,Mann,43,Male,Germany
15689031,Murphy,37,Female,Spain
15763704,Docherty,43,Female,Germany
15631339,Adams,28,Male,France
15771509,Hirst,42,Female,Germany
15769586,Horan,49,Female,France
15656096,Cumbrae-Stewart,26,Female,Spain
15585280,Kinney,36,Female,France
15743582,T'ang,27,Female,France
15761692,Muir,40,Male,France
15627840,Toscano,42,Female,France
15778861,Wallace,33,Male,Spain
15770554,Fraser,31,Male,France
15806956,Iqbal,30,Male,Spain
15701908,Nina,40,Female,Spain
15736990,Chuang,28,Male,France
15743714,Ch'ien,46,Male,France
15807993,Bruno,30,Female,Germany
15644686,Kennedy,34,Female,Spain
15677377,Lawrence,37,Male,Spain
15626412,Mort,39,Male,Spain
15643679,Goliwe,28,Male,Germany
15728456,Martinez,33,Male,France
15630661,Vasilyev,25,Female,Spain
15734044,Black,31,Female,France
15705001,Napolitani,35,Female,Spain
15809817,Ch'en,43,Male,Spain
15809137,Sagese,29,Male,France
15751593,Fraser,35,Male,Germany
15626491,Hughes,45,Female,France
15765461,Giles,47,Male,Spain
15568120,Lacross,37,Female,France
15787161,Pisani,46,Male,Germany
15812324,King,27,Male,France
15588944,Maughan,63,Female,France
15694253,Palerma,41,Female,France
15759566,Tochukwu,74,Male,France
15675675,Slate,32,Female,France
15802060,Ch'ang,30,Female,Germany
15660505,Romani,46,Male,Germany
15782630,Genovese,35,Male,France
15700710,Chiebuka,37,Female,France
15742834,Liao,45,Male,France
15806511,Berry,45,Male,Spain
15608166,Fallaci,36,Male,France
15614230,T'an,34,Female,France
15729958,Wilkinson,37,Male,France
15800814,Palerma,35,Male,France
15674727,Lazarev,42,Female,France
15657779,Boylan,18,Male,Spain
15801395,Warren,33,Female,France
15757911,Trevisani,32,Female,Spain
15665340,Trevisano,37,Female,Spain
15787151,Liao,34,Female,France
15757821,Burgess,18,Male,Spain
15600688,Liston,39,Female,France
15594878,Thompson,41,Female,Spain
15569248,Milanesi,43,Female,France
15812706,Mazure,49,Male,Spain
15645045,Rudduck,38,Female,France
15766746,Darwin,35,Male,France
15700383,Uvarova,35,Female,France
15632551,Buccho,31,Male,Germany
15795129,Gallo,30,Female,France
15650545,Tomlinson,69,Male,France
15612769,Carr,28,Male,France
15710853,Ts'ui,24,Female,France
15623712,Coates,42,Female,Spain
15653251,Hickey,84,Female,France
15755077,Norton,37,Female,Germany
15808557,Mancini,42,Female,France
15614687,Tien,44,Female,Germany
15626882,Stobie,37,Male,Spain
15748034,Drakeford,29,Male,France
15632324,Pisani,59,Male,France
15761023,Murphy,43,Female,Germany
15761453,Kovalev,42,Male,France
15646726,Crawford,43,Male,France
15637169,Maclean,67,Female,Spain
15636024,Blackburn,34,Female,Spain
15801218,Bermudez,49,Male,France
15642655,Savage,33,Male,Spain
15690130,Wyatt,32,Female,France
15653753,Chiemenam,43,Male,Spain
15641359,Shao,35,Female,Spain
15776827,Langdon,37,Male,Germany
15647725,Napolitano,61,Female,France
15648455,Kung,51,Male,Germany
15580629,Blackwood,31,Male,France
15730161,Marcelo,39,Female,France
15626612,Yin,40,Male,Spain
15662865,Storey,36,Male,Spain
15629094,Fomin,36,Female,France
15651823,Nkemjika,60,Female,France
15594827,Glasgow,34,Male,France
15786392,Chen,41,Male,France
15727353,Ch'ang,64,Female,France
15733777,Evans,44,Male,France
15614302,Crotty,31,Female,Germany
15723263,Cocci,34,Female,Germany
15687270,Iroawuchi,61,Female,Spain
15803121,Chia,51,Male,France
15598700,Hysell,30,Female,Spain
15741875,Williamson,25,Female,Spain
15631709,Ginikanwa,31,Female,Spain
15672970,Chigolum,20,Male,Spain
15761670,Morley,50,Female,France
15706005,Roberts,46,Male,France
15790336,Tokareva,36,Male,Germany
15754267,Fleming,31,Male,Germany
15791988,Chinomso,68,Male,France
15683375,Compton,32,Female,France
15625151,Wan,66,Female,France
15635285,Taylor,28,Male,France
15574296,Kambinachi,23,Male,France
15711618,Chang,39,Female,Germany
15670943,See,31,Male,Germany
15634359,Dyer,41,Female,Germany
15586629,Campbell,33,Male,France
15588461,Cremonesi,35,Male,France
15773221,Harris,43,Male,Spain
15664227,Threatt,28,Male,Germany
15741745,Lane,28,Male,France
15652626,Grave,55,Male,France
15599410,Stanley,41,Male,France
15571958,McIntosh,40,Male,Spain
15785406,Watts,51,Female,France
15687884,Alekseyeva,37,Male,France
15621685,Davies,29,Male,France
15628886,Matlock,56,Male,Spain
15699325,Fedorova,62,Female,Germany
15578369,Chiedozie,37,Female,Germany
15654156,Marcelo,32,Female,Germany
15707199,Cooper,36,Male,France
15671630,McMillan,40,Female,Germany
15632079,Hardy,37,Female,Germany
15767921,Madukwe,41,Male,France
15573599,Adamson,57,Female,France
15747208,Watt,50,Male,France
15582762,Mazzanti,77,Male,Spain
15772528,Mishin,47,Female,France
15755798,Feng,33,Male,France
15788683,Kang,34,Female,Germany
15616922,Kelly,26,Female,France
15771855,Yu,37,Male,France
15601873,Bull,36,Female,France
15657868,Serra,40,Male,Germany
15711716,Ferguson,56,Female,France
15734246,She,21,Female,France
15792151,Hamilton,37,Female,Spain
15770159,Nnanna,25,Male,Germany
15747649,Summerville,36,Female,Germany
15639357,Allan,46,Male,France
15738907,Tobenna,60,Female,France
15663446,Volkova,29,Female,Germany
15750867,Nucci,46,Female,Germany
15715939,Wright,33,Male,France
15763806,Astorga,41,Male,France
15637993,Pokrovsky,36,Male,France
15720338,Mazzanti,55,Male,Spain
15627162,Blesing,27,Male,Germany
15596710,Ku,33,Female,France
15781678,Pisani,31,Male,Spain
15634968,Hsueh,37,Female,Germany
15609475,Ricci,39,Female,Spain
15573319,Azubuike,35,Female,Germany
15738291,Nevzorova,48,Female,France
15782456,Odili,46,Male,France
15794841,Kung,19,Male,Spain
15684696,Lei,26,Female,Spain
15629846,Sheehan,47,Female,Germany
15674442,Kung,23,Male,France
15571689,Kelechi,37,Female,France
15730469,Anenechi,31,Male,Spain
15809320,McElhone,52,Female,Spain
15684367,Chigbogu,27,Male,Spain
15793049,Atkins,48,Female,Germany
15603665,Colombo,39,Female,Germany
15613623,Tilley,62,Male,Spain
15569572,Sopuluchi,42,Male,France
15698791,Udinesi,45,Male,France
15626233,Onyekachi,32,Female,France
15607263,McCartney,55,Male,France
15610900,Thompson,70,Female,France
15624775,Onyeoruru,67,Male,France
15691703,Shih,47,Male,France
15745355,Golibe,41,Male,France
15724955,Lucchesi,38,Male,France
15628999,Townsend,79,Male,France
15654341,Chao,34,Male,France
15744240,Shen,46,Female,Germany
15632365,Booth,33,Male,Germany
15729689,Chan,35,Male,Germany
15759284,Yeh,37,Female,France
15602124,Badgery,30,Male,France
15661903,Hsia,43,Female,France
15664668,Zarate,42,Female,France
15736431,Congreve,27,Male,Spain
15748639,Hayslett,35,Male,Germany
15628123,Robinson,28,Female,France
15602731,Wong,31,Male,France
15794137,Nevzorova,37,Female,Germany
15748696,Page,42,Male,France
15725068,Quinn,21,Female,Spain
15807340,O'Donnell,33,Male,Germany
15586133,Pisano,44,Female,Germany
15576185,Sinclair,29,Male,France
15660809,Loving,28,Male,France
15616666,Artemova,52,Female,Germany
15706904,Robertson,43,Male,France
15606915,Genovese,24,Male,France
15749693,Ugonnatubelum,32,Female,France
15791743,Corbett,32,Male,France
15796480,Reilly,31,Female,France
15790442,Wright,33,Male,Spain
15609458,Vincent,30,Male,France
15593897,Carr,25,Male,Spain
15604576,Eiland,22,Male,Spain
15666270,Omeokachie,40,Female,France
15572626,Mackenzie,44,Male,Spain
15727197,Pinto,52,Female,France
15714006,Gardener,35,Female,France
15642137,Fang,39,Female,Spain
15665327,Cattaneo,18,Male,France
15626806,Labrador,32,Female,France
15662578,Dettmann,35,Male,Germany
15790829,Gibson,45,Female,France
15654959,Hope,67,Male,Spain
15760244,Ives,76,Female,France
15715394,Greece,35,Male,Spain
15722246,Omeokachie,60,Female,France
15609704,Mao,33,Female,France
15757628,Savage,40,Male,France
15633586,Brierly,39,Female,France
15565796,Docherty,48,Male,Germany
15717935,McDonald,21,Female,France
15577700,Rapuokwu,37,Male,France
15747345,Bergamaschi,22,Female,France
15678317,Manfrin,46,Male,France
15698335,Bergamaschi,73,Female,France
15768451,MacDonald,40,Male,Germany
15753213,Lees,34,Female,France
15769645,Senior,35,Female,France
15657565,Nwokezuike,44,Female,Spain
15620323,Ekwueme,42,Female,Spain
15679983,Garmon,34,Male,France
15812616,Enyinnaya,49,Female,France
15601796,Chizuoke,30,Male,France
15729489,Hyde,34,Female,Germany
15613216,Cameron,39,Female,Spain
15657937,Lord,22,Male,Germany
15815428,Biryukova,34,Male,France
15640409,Carpenter,46,Female,Germany
15699492,Lorenzo,27,Female,Germany
15623536,Madukwe,39,Male,Germany
15707551,Hutcheon,30,Male,France
15577999,Sleeman,62,Female,France
15788775,Milne,40,Male,Germany
15758362,Williamson,41,Female,France
15807961,Bruno,25,Male,France
15710978,Palerma,42,Male,Germany
15703541,Wang,51,Female,Germany
15626474,Onyemere,31,Female,France
15608344,Dawson,29,Female,Germany
15768367,Nebechukwu,27,Female,France
15806210,Bateman,66,Male,Spain
15697702,Lord,29,Male,Spain
15689152,Loggia,38,Male,Spain
15568573,Graham,51,Female,Germany
15689598,Dean,46,Male,France
15713374,Jarvis,67,Male,Germany
15679733,Haugh,40,Male,Germany
15759274,Micklem,32,Female,France
15607748,Bennett,37,Male,Germany
15607577,Roberts,27,Male,Spain
15813697,Onyekaozulu,44,Female,Germany
15801125,Kegley,32,Female,France
15777855,Manna,45,Male,France
15635396,Thompson,29,Female,Germany
15698031,Romano,39,Female,Germany
15678944,Brown,32,Female,Germany
15718507,Su,37,Male,Germany
15808334,Mackay,37,Female,Germany
15804709,Watt,35,Male,Germany
15645835,Milani,32,Male,France
15738166,Hsu,39,Female,France
15675360,Valenzuela,33,Male,France
15793042,Sung,39,Male,France
15630106,Lo,29,Male,Spain
15810385,Giordano,36,Female,Spain
15578211,Connolly,23,Male,France
15572792,Bellucci,35,Male,Spain
15620030,Jamieson,29,Male,France
15783541,Fomina,31,Male,France
15679284,Aksenov,45,Female,Spain
15582910,Turnbull,38,Male,France
15688337,Dixon,40,Male,France
15734970,White,38,Male,Spain
15759140,Long,64,Female,France
15643042,Han,40,Female,Germany
15773868,Belov,37,Female,Germany
15615820,MacDonald,49,Male,France
15730273,Parsons,27,Male,France
15724890,Cross,36,Male,Spain
15765952,Milanesi,29,Male,France
15685920,Lombardo,34,Male,Spain
15663263,Collins,47,Male,France
15568953,Alexeieva,27,Male,France
15643361,Cullen,34,Male,Germany
15699486,Johnson,34,Male,Spain
15747854,Rudd,35,Female,France
15691785,Findlay,61,Male,France
15709004,Mai,22,Male,Germany
15652218,Morrison,33,Male,France
15697127,Monaldo,31,Female,France
15658486,Gidney,59,Female,Spain
15694160,Sagese,37,Male,France
15685290,Wall,46,Male,Germany
15701042,Dalton,27,Female,Germany
15680449,Hsing,44,Female,Germany
15599860,Warner,26,Female,Spain
15723169,Williams,31,Female,France
15803842,Dunn,45,Female,Germany
15728224,Kerr,41,Female,Germany
15644174,Marchesi,27,Male,Germany
15707110,Endrizzi,28,Male,Germany
15765415,King,45,Female,Spain
15756751,Griffiths,54,Female,Spain
15795151,Hartzler,38,Female,France
15632859,Chukwudi,36,Male,France
15584037,Denisov,58,Male,Germany
15621409,Endrizzi,32,Male,France
15581102,Baresi,22,Female,France
15578096,Nnachetam,26,Male,France
15669887,Lambert,51,Female,France
15621834,Game,43,Female,Spain
15655341,Chinagorom,35,Female,Spain
15685314,Noble,28,Female,France
15653997,Haynes,31,Male,Spain
15629551,Cattaneo,44,Female,Germany
15651264,Yobanna,51,Male,Germany
15760825,Fraser,40,Female,France
15597394,Rhodes,34,Male,Spain
15740383,Jimenez,38,Female,Spain
15670562,Pharr,30,Male,France
15698117,Jerger,41,Male,Germany
15694805,McIntyre,35,Male,Spain
15746802,Onio,30,Female,France
15589428,Tomlinson,42,Female,France
15790267,Onuoha,40,Female,France
15665402,Panicucci,73,Male,Spain
15642093,Piccio,30,Male,France
15666181,Ramsden,33,Male,France
15602554,Vorobyova,31,Female,France
15724251,Todd,29,Female,Germany
15740147,Cremonesi,44,Female,France
15718289,Bradley,46,Male,Germany
15763148,Stanley,39,Male,France
15685245,Jowett,56,Female,Spain
15626985,Yefremova,39,Female,France
15585823,Wilson,31,Male,France
15728167,Abramovich,44,Male,France
15762928,Venables,44,Male,Spain
15751774,Monnier,76,Male,France
15654733,Hsieh,57,Male,Germany
15809777,Gadsden,55,Female,Germany
15744200,Ni,36,Female,France
15720713,Chibueze,29,Female,France
15695356,Chinwemma,46,Male,France
15653315,Kang,35,Female,Spain
15604792,Kuo,38,Male,Germany
15704819,Ositadimma,39,Female,Spain
15670859,Smith,39,Female,Germany
15602797,Okwudilichukwu,49,Female,Spain
15662533,Porter,23,Female,Spain
15778154,Kung,50,Male,Germany
15806230,Trevisano,40,Male,Germany
15662884,Naylor,58,Male,Germany
15750778,Ponomarev,60,Female,France
15717185,Udinese,28,Male,France
15677804,Aliyeva,38,Male,Spain
15568915,Bailey,38,Male,France
15736495,Jackson,34,Male,France
15737354,Yin,48,Female,France
15667889,Akobundu,37,Female,France
15577831,Byrne,41,Male,Germany
15729836,Robinson,32,Male,Spain
15775293,Stephenson,34,Male,France
15697597,Chiemenam,26,Male,France
15639669,Forbes,36,Male,France
15631392,Douglas,43,Male,Germany
15580935,Okechukwu,33,Male,Germany
15590344,Russell,32,Male,Germany
15653306,Ermakova,32,Female,Germany
15805025,Oster,45,Female,France
15658449,Chizoba,45,Male,France
15694450,Bianchi,42,Male,France
15605666,Peyser,34,Female,France
15615126,Cocci,37,Female,France
15726588,Seleznev,36,Female,Spain
15645095,Huang,28,Female,France
15808960,Alleyne,40,Male,Germany
15729435,McKenzie,40,Male,France
15656840,Zikoranachukwudimma,29,Female,France
15659149,King,39,Male,France
15585490,Nkemdilim,34,Female,France
15674929,Anderson,31,Female,France
15746341,Ejikemeifeuwa,40,Male,France
15662091,Adams,21,Male,Spain
15620123,Christie,39,Male,France
15616240,Yeh,37,Male,Spain
15624186,McGregor,25,Female,Germany
15605036,Pisano,37,Female,Spain
15805151,Ginikanwa,31,Male,Germany
15753847,Hawkins,45,Male,Spain
15653222,Otutodilichukwu,32,Female,Germany
15757541,Rickard,33,Female,France
15726945,Andreev,72,Female,France
15794276,Steele,64,Female,France
15568328,Black,22,Female,France
15604355,Shand,39,Male,France
15735788,Chiagoziem,31,Male,France
15618255,Fedorov,56,Female,Germany
15720941,Tien,34,Male,Germany
15769110,Stehle,46,Female,France
15576094,Sung,71,Male,France
15756150,Alexander,39,Female,France
15719579,McIntosh,33,Female,Germany
15748854,Sung,28,Female,Germany
15612455,Yao,45,Male,Germany
15664802,Chinweuba,42,Female,France
15735687,Chinweuba,37,Male,Spain
15664734,T'ao,25,Female,Germany
15767894,Ch'ien,21,Female,France
15666884,Su,41,Female,Germany
15750156,Yu,59,Male,Germany
15751120,Loyau,36,Female,France
15575748,Conti,36,Male,France
15714610,Alexeeva,30,Male,Spain
15720305,Power,40,Female,Spain
15678129,Hill,45,Female,Spain
15566633,Freeman,55,Male,Germany
15680436,Hsing,29,Female,France
15674343,Esposito,44,Male,France
15658890,Belonwu,46,Male,Germany
15599004,Tsao,37,Male,Spain
15726487,P'eng,63,Male,France
15698716,Baker,70,Female,France
15710527,Matthews,35,Female,France
15655590,Garcia,46,Male,Spain
15732266,Field,53,Male,Germany
15669326,Gordon,44,Male,France
15672246,Jefferies,43,Male,Germany
15620276,Palermo,36,Male,Spain
15640258,Chou,50,Female,France
15740283,Ewing,29,Male,France
15759717,Mazzi,39,Female,Spain
15620268,Thomson,43,Male,Germany
15743871,Nkemdirim,59,Male,France
15614491,Lockyer,39,Male,France
15595047,Murray,41,Male,France
15732334,Black,40,Female,France
15701206,Torreggiani,44,Male,Spain
15581280,Atkinson,29,Male,Germany
15651943,Richards,65,Female,Spain
15609545,Azubuike,29,Male,France
15658548,Ignatiev,36,Female,Germany
15626008,Miller,52,Female,Germany
15774133,Cox,35,Female,France
15763798,McMillan,23,Male,France
15758013,Napolitano,37,Male,France
15705765,Lane,46,Female,Spain
15648362,Kennedy,45,Male,Germany
15761102,T'ao,32,Female,Spain
15610165,Hsiung,26,Female,France
15723717,Heath,41,Male,Germany
15654611,Parry,25,Female,Germany
15659736,Herbert,66,Male,Germany
15603170,Kang,32,Male,France
15786167,Andreyeva,20,Male,Spain
15671915,Bowen,46,Male,France
15794792,Golubev,31,Female,France
15652789,Hancock,40,Male,Spain
15739168,Fowler,31,Female,France
15719950,Sutherland,61,Male,France
15743818,Rowley,58,Male,Spain
15717937,Gibbons,43,Male,Germany
15602841,Lockett,28,Female,Spain
15619972,Akabueze,47,Female,France
15796114,Phelps,34,Female,France
15633546,Frederick,33,Female,Spain
15758755,Beneventi,34,Female,France
15695168,Bruce,39,Male,France
15754342,Green,60,Female,Germany
15756610,Carlson,38,Female,Germany
15640917,Tang,43,Male,France
15663164,Yudin,49,Male,Germany
15616811,MacDonald,47,Male,France
15610781,Watt,29,Female,France
15600911,Mbadiwe,33,Male,France
15629603,Chuang,31,Male,France
15714981,Sabbatini,37,Male,France
15775892,Caldwell,23,Female,Spain
15782778,Ewers,35,Male,France
15786643,Tsao,32,Male,France
15595657,Hannam,40,Male,Germany
15743673,Wood,27,Male,Spain
15634310,Ko,30,Male,France
15790809,"Lo Duca",40,Male,Spain
15668695,Endrizzi,22,Female,France
15669281,Ch'iu,38,Male,Spain
15621031,Mofflin,27,Male,Spain
15720071,Fiorentini,49,Female,France
15792180,Chiekwugo,22,Male,Germany
15813894,Bogle,21,Male,Spain
15669490,Ifeanacho,37,Male,Germany
15783030,Owens,40,Female,France
15695792,Ch'ien,65,Male,France
15575676,Chung,24,Male,France
15627665,Sung,46,Male,France
15814092,Wang,44,Female,France
15695225,Sun,38,Male,Spain
15615091,Maitland,24,Male,France
15794345,Ma,38,Male,Spain
15726484,Pollard,37,Male,France
15650442,Hsieh,32,Female,Germany
15714256,Gerasimov,30,Male,France
15778752,Johnson,32,Male,France
15601659,Fiorentino,59,Female,Germany
15602811,Chioke,38,Male,Germany
15779414,Rossi,40,Male,Spain
15763097,Siciliano,80,Male,Spain
15633666,Efremov,33,Female,Spain
15718789,Brigstocke,30,Male,France
15690620,Olisaemeka,39,Male,France
15737071,Tang,60,Female,France
15665062,Lucchese,19,Male,France
15600692,West,38,Male,France
15792064,Pai,53,Male,Germany
15811486,Tang,29,Female,Germany
15626141,Fedorov,26,Female,France
15738546,Gboliwe,41,Female,Spain
15677052,Ko,59,Female,France
15656454,"Le Gallienne",37,Male,France
15645496,Seleznyova,43,Female,France
15612505,Joseph,45,Male,Spain
15708513,Bevan,39,Female,France
15685654,Allan,66,Male,Spain
15732307,Lavrentiev,33,Male,Germany
15726814,Walton,46,Male,Spain
15653776,Salier,57,Female,Germany
15597914,Evdokimov,51,Female,Germany
15631603,Ponomaryova,32,Male,France
15789753,Millar,40,Male,France
15678034,Grosse,46,Male,France
15690209,Hsiao,32,Female,Germany
15592091,Belbin,31,Male,Spain
15647453,Ifeajuna,42,Male,France
15697100,Wright,48,Female,Germany
15811290,Komarova,44,Male,Germany
15629187,Titheradge,38,Male,France
15758073,Dellucci,20,Female,France
15640769,Hobbs,63,Male,France
15606641,Beggs,56,Male,Germany
15718280,Luffman,39,Male,Germany
15764335,Caldwell,41,Female,Germany
15634218,Mancini,27,Male,Germany
15808760,Evseev,42,Female,Spain
15648461,Hs?eh,37,Male,Spain
15593555,Chinedum,38,Male,France
15569079,Hagins,48,Male,Germany
15800736,Kirwan,42,Female,Spain
15792607,Little,38,Female,France
15640034,Milligan,42,Male,France
15807563,Ch'iu,52,Female,France
15684461,McKay,31,Female,Spain
15580134,Crawford,27,Male,Spain
15679075,Onyemere,37,Male,France
15742504,Azuka,36,Male,France
15567328,Ch'en,38,Male,Spain
15698294,Royster,31,Male,Spain
15607142,Parkin,32,Male,France
15738516,Kozlova,36,Female,Spain
15806403,Hu,37,Male,France
15656707,Ma,21,Male,Spain
15653715,Coates,63,Female,France
15806184,Burns,33,Male,Spain
15585734,Gouger,41,Male,Germany
15725639,Ignatyev,63,Female,France
15618401,Douglas,41,Male,Germany
15785385,Fiorentino,51,Male,Spain
15734762,Ignatiev,56,Female,France
15767129,Munz,60,Female,France
15797204,Paling,28,Female,Spain
15769272,Clark,26,Female,France
15771966,Akobundu,39,Male,France
15691952,Fanucci,37,Male,France
15593250,Hsiao,29,Female,France
15605333,Clancy,31,Male,Spain
15800083,Macdonald,45,Male,France
15575691,Palerma,58,Female,France
15689886,Holden,39,Male,Germany
15809838,Moore,30,Male,Spain
15736154,Gallo,44,Female,France
15767391,Otutodilinna,32,Female,Germany
15704910,Rios,23,Male,Spain
15656613,McGregor,34,Female,France
15611551,Hill,48,Male,Spain
15732430,H?,54,Female,Spain
15741865,Ferrari,38,Female,France
15634143,Onyemauchechi,30,Male,Spain
15609676,Nkemakonam,35,Female,France
15761600,White,43,Male,France
15676404,Kirillov,50,Female,France
15659236,Iadanza,33,Male,Spain
15690440,Stiles,47,Male,Spain
15694601,Ankudinov,31,Female,France
15812262,Gaffney,37,Female,Germany
15762821,Udinese,33,Male,Spain
15669301,Romani,29,Female,Germany
15672640,Kambinachi,45,Female,Spain
15750458,Hawkins,39,Female,France
15627251,Tsui,34,Male,France
15764294,Ifeatu,31,Male,Germany
15659962,McIntosh,60,Male,France
15788536,Armit,40,Male,Germany
15596979,Fang,47,Female,France
15681220,Chou,37,Female,France
15635097,Okeke,39,Male,Germany
15780779,Ramsbotham,40,Female,Spain
15798470,Scannell,48,Female,Spain
15760880,Edman,29,Male,France
15616929,"De Luca",62,Male,Spain
15758775,Vasilyeva,34,Male,Spain
15663386,Tuan,26,Female,Spain
15621267,Ejimofor,32,Male,France
15720509,Hs?,34,Male,France
15693322,Shaver,37,Female,Germany
15589544,Wallis,57,Female,Spain
15772030,Coupp,33,Male,Spain
15693337,Perry,41,Male,Spain
15676571,Bezrukova,55,Male,France
15701392,Lucciano,28,Male,Spain
15741092,Ingram,34,Male,Spain
15643865,"Lo Duca",40,Female,France
15769389,Wan,39,Female,Germany
15807768,Cohn,28,Male,Germany
15801630,Yen,40,Male,France
15705034,Peng,40,Male,Spain
15763107,Little,30,Female,France
15667085,Meng,33,Male,France
15647008,Adams,54,Male,Germany
15584505,Hill,23,Female,France
15748068,Boyle,31,Female,Spain
15663964,Pagnotto,37,Male,France
15782311,Feng,28,Male,France
15588197,Endrizzi,36,Male,France
15610105,Shen,21,Female,Germany
15606133,Lay,42,Male,Spain
15599403,Wu,60,Male,France
15648225,Shephard,38,Female,Spain
15608406,Schmidt,26,Male,France
15633378,Davidson,49,Female,Spain
15664759,Lamb,32,Male,Spain
15625545,Hussey,52,Male,Spain
15772148,Ferrari,37,Female,Germany
15810829,Macfarlan,48,Male,France
15731669,Szabados,39,Male,France
15738634,Yuan,47,Male,France
15737571,Matveyev,28,Female,Spain
15667602,Cheng,33,Male,Spain
15684147,Palerma,43,Male,France
15789874,Wang,29,Female,France
15757952,Teng,44,Male,France
15698732,K'ung,51,Male,Germany
15714355,Sinclair,32,Male,Germany
15599090,McKelvey,40,Male,Germany
15762048,Yuan,33,Female,Germany
15790596,Moran,39,Male,Spain
15609623,McConnell,63,Female,France
15711901,Iheatu,45,Male,France
15779809,Giordano,44,Male,France
15729018,Alexander,33,Female,France
15698246,Gordon,24,Female,France
15712409,Tang,66,Male,Germany
15758306,T'an,32,Male,France
15621435,Davies,39,Female,France
15566295,Sanders,33,Female,France
15569098,Winifred,44,Male,France
15662532,Holmes,31,Male,Germany
15664001,Riddle,53,Female,Germany
15703437,Chinedum,34,Male,France
15708003,Aleksandrova,41,Male,Spain
15599452,Conti,43,Female,Germany
15719793,Watson,62,Male,Spain
15771580,Davison,38,Female,France
15732268,Cook,29,Male,France
15722350,Udinesi,37,Female,Germany
15611371,Siciliani,43,Male,France
15673584,Bell,74,Female,France
15636396,Jackson,35,Female,France
15706170,Onyemere,34,Male,France
15725478,McClemans,60,Male,France
15654562,Ma,45,Female,Spain
15737509,Morrison,34,Male,Spain
15690796,Chambers,37,Male,France
15716728,Basedow,42,Female,Spain
15605665,Nwora,69,Female,Germany
15748481,Howey,27,Female,France
15757777,Pai,35,Female,France
15747808,Ni,29,Male,France
15810593,Forbes,51,Male,France
15693376,Baryshnikov,43,Male,Spain
15579808,Kramer,39,Female,Germany
15598275,Sochima,32,Female,France
15737080,Marchesi,32,Female,France
15668580,Todd,33,Male,Spain
15569438,Mai,36,Male,Germany
15675842,Pinto,26,Male,Spain
15577587,Reynolds,52,Male,Germany
15625592,Sal,26,Male,France
15635141,Miller,59,Male,Germany
15642570,Scott,35,Male,Spain
15702175,Herrin,29,Female,France
15677785,Stevenson,32,Male,Spain
15786153,McKenzie,47,Male,Germany
15759499,Gardiner,32,Female,France
15659568,Atkinson,31,Female,Spain
15715597,Onyemauchechi,36,Male,France
15610147,Ross,60,Male,France
15802362,Newland,45,Male,Spain
15660524,Hu,54,Female,Germany
15747168,Sanders,47,Female,Germany
15796910,Tsui,57,Female,Spain
15707674,Marino,58,Female,France
15565706,Akobundu,35,Male,Spain
15587596,Morrison,39,Female,Spain
15751943,Mai,43,Female,Spain
15621227,Hs?eh,46,Female,Germany
15757588,Wright,30,Male,France
15640922,Demaine,52,Female,France
15567557,Chien,27,Male,France
15670103,Dickinson,38,Female,France
15720929,Kazantseva,47,Female,France
15732774,Marchesi,37,Male,France
15628558,Pan,44,Female,France
15729201,Harewood,55,Male,France
15731117,Kao,28,Male,Spain
15615207,Yeh,47,Male,Spain
15773512,Bischof,25,Female,Spain
15572145,Ashton,34,Female,France
15642710,Napolitani,26,Male,France
15574213,Wilson,53,Female,France
15718852,Uren,56,Male,France
15583840,Okechukwu,35,Male,Germany
15782418,Ku,19,Female,Germany
15813504,Onyemachukwu,25,Female,Germany
15711314,Kao,45,Female,Spain
15621064,Russell,23,Male,Germany
15627847,Woronoff,40,Male,France
15588090,Ferri,51,Female,Germany
15735270,Ruggiero,47,Male,Spain
15671804,Wilding,36,Male,Spain
15753215,Yashina,36,Female,Spain
15789941,Yevseyev,36,Female,France
15691061,Rapuokwu,37,Female,France
15808326,Maslov,34,Female,France
15566660,Cole,41,Female,France
15778947,Sullivan,36,Male,France
15632977,Hsiao,47,Male,France
15591747,Rossi,32,Male,France
15567335,Allsop,42,Female,France
15609299,Chamberlain,29,Male,France
15669945,Jackson,35,Male,France
15736271,Dumetochukwu,29,Female,France
15710390,Uspensky,39,Female,France
15756481,Garcia,39,Female,France
15736730,Soto,45,Female,France
15626040,McDonald,63,Male,Spain
15746553,Castles,50,Male,Germany
15622518,Stephenson,26,Female,France
15684908,Davidson,64,Male,Germany
15569446,Tu,34,Female,France
15777504,Colbert,30,Female,France
15677906,Owens,54,Female,Spain
15703292,Chimezie,26,Male,France
15712938,Genovese,44,Male,France
15631359,Daluchi,38,Female,France
15720847,Sheffield,35,Male,France
15787830,Bailey,33,Male,Germany
15599869,Dyson,29,Female,Spain
15592078,Davide,27,Female,Germany
15596228,Uwaezuoke,29,Male,France
15578462,Hs?,76,Female,Spain
15756894,Onwuka,29,Male,France
15796167,Flores,35,Male,Germany
15664808,Nicoll,37,Female,Spain
15664555,Hughes,40,Male,France
15607278,Romano,46,Female,Spain
15585222,Norman,41,Male,France
15750299,Davison,24,Male,Spain
15761294,Manna,56,Female,Germany
15810454,Reed,32,Male,France
15673984,Daniels,35,Female,France
15609319,Hunt,41,Female,France
15709941,Feng,46,Male,France
15580252,Waters,44,Male,France
15741275,Yuan,57,Female,France
15707132,Yudin,33,Male,France
15600708,Calabresi,34,Female,Spain
15804787,Onyemauchechukwu,75,Male,France
15690021,Martin,42,Female,Germany
15763895,Hung,32,Male,France
15623478,Maslova,32,Female,Germany
15797910,Zetticci,51,Male,Germany
15577751,Pisano,30,Male,Germany
15781777,Sutherland,33,Male,France
15740527,Lai,62,Female,Germany
15721251,Watson,41,Female,Spain
15602994,Gorbunov,53,Female,France
15750769,Padovano,35,Male,France
15740175,Raynor,42,Female,Germany
15679968,Ting,40,Male,France
15694404,Eberegbulam,42,Female,France
15657529,Chin,53,Male,Germany
15762882,Manna,31,Female,Germany
15642579,Chang,37,Female,Spain
15598884,Kent,23,Female,Spain
15770185,Buckley,32,Male,France
15800287,Micco,46,Female,Spain
15665861,Avdeev,44,Male,Spain
15662203,Bremer,42,Female,Germany
15616454,Davidson,34,Female,Germany
15702788,Gadsdon,40,Male,France
15778149,Connolly,68,Male,Spain
15680001,McDonald,38,Male,France
15711991,Chiawuotu,30,Male,France
15633834,Milne,28,Female,Germany
15765266,Fleming,32,Male,France
15791867,Hicks,44,Male,Germany
15675380,Logan,56,Male,Spain
15770576,Hammond,50,Male,Spain
15775294,Weber,31,Female,France
15727059,Lettiere,40,Female,France
15702499,Schnaars,46,Male,Spain
15611699,Tao,40,Female,France
15654000,Algarin,35,Female,France
15657881,Onyemere,38,Male,France
15719991,Korovina,52,Female,Spain
15720687,Chidubem,41,Female,France
15687079,King,69,Male,Spain
15582276,Greco,34,Male,France
15763980,Beneventi,30,Male,Germany
15720774,P'eng,44,Male,Spain
15592194,Metcalf,28,Female,France
15803685,Greco,77,Female,Germany
15759456,Lupton,34,Male,Spain
15611544,Ibeamaka,36,Male,Germany
15794257,Hsiung,34,Male,France
15681697,Rueda,31,Male,France
15579566,"Li Fonti",43,Female,Spain
15577970,Alexeeva,34,Male,France
15727489,Madueke,45,Female,Spain
15764284,Torres,27,Male,Spain
15581811,Chukwubuikem,30,Female,Germany
15622527,Holloway,55,Female,France
15753362,Evdokimov,60,Male,Spain
15666652,Anayolisa,19,Female,France
15789714,Semmens,21,Male,Spain
15771543,Tu,31,Male,Germany
15748327,Anderson,34,Male,Germany
15754649,Fang,57,Female,Spain
15810460,Fanucci,64,Female,Spain
15771742,Boyle,38,Male,Germany
15642160,Milanesi,38,Male,France
15798439,Davidson,25,Male,Spain
15605293,McKay,43,Female,France
15692631,Bogdanova,44,Female,Spain
15665376,Lavrentiev,35,Female,Germany
15772412,Corser,30,Male,Spain
15654577,Alexeeva,54,Male,Germany
15585427,Madueke,26,Female,France
15584536,Barber,46,Male,Germany
15585853,McCardle,41,Male,Spain
15645271,Radcliffe-Brown,24,Male,Germany
15579387,Ni,44,Female,Germany
15623107,Chukwumaobim,45,Male,Spain
15754072,Dennis,36,Female,Spain
15666163,Hayward,43,Male,France
15765192,Jones,26,Male,France
15804822,L?,31,Female,France
15612893,Nelson,45,Male,Spain
15593636,Cardus,39,Female,France
15693326,Whitehouse,42,Female,France
15809901,Johnstone,36,Male,France
15759751,Tsui,48,Male,France
15605425,Chia,44,Female,Germany
15801934,Su,66,Male,France
15592000,Calabresi,48,Female,Germany
15618695,Ts'ui,22,Female,Spain
15637110,McCulloch,35,Female,Spain
15727408,Koo,27,Male,Germany
15716328,Miller,40,Female,France
15669060,Woolnough,74,Male,France
15675854,Douglas,50,Male,Spain
15621116,Fang,33,Male,Germany
15781495,Munro,22,Female,France
15740470,Vinogradov,39,Male,France
15714391,Lai,35,Female,France
15730137,Udegbulam,31,Male,France
15596455,Mao,45,Female,Spain
15717290,Onyekaozulu,41,Male,Germany
15616555,Fu,41,Male,Germany
15659820,Cross,34,Female,France
15696301,Snider,37,Female,France
15771087,Harrison,71,Female,France
15808831,Dale,29,Male,France
15812241,Udinese,59,Male,Germany
15680370,DeRose,39,Male,France
15780561,Hay,39,Female,France
15800784,Bruce,42,Male,France
15715796,Romani,37,Male,France
15605375,Tseng,35,Male,France
15621520,Tang,42,Female,Germany
15665460,Isayeva,67,Female,Spain
15801152,Hill,39,Female,Spain
15756425,Barnes,30,Male,France
15674328,Moreno,40,Female,France
15742404,McGregor,38,Male,France
15757140,Genovese,51,Male,France
15570051,Gill,38,Female,Germany
15669175,Ts'ai,24,Male,Germany
15790324,Green,20,Female,France
15691119,Martin,68,Male,Germany
15743478,Johnson,39,Male,Germany
15707007,Onio,39,Female,France
15572547,Vaguine,45,Female,France
15567063,Manna,34,Female,Germany
15689633,Toomey,38,Female,Spain
15720637,Bell,46,Female,Germany
15616859,Bonwick,43,Female,Germany
15766166,Folliero,43,Male,Spain
15617655,Holt,35,Female,Spain
15623450,Brown,27,Female,Germany
15796612,Ch'ang,31,Female,France
15795963,Fiorentini,34,Male,France
15781598,Middleton,41,Male,Germany
15691871,Millar,42,Male,Germany
15740345,Osborne,42,Male,Spain
15662626,Feng,40,Female,France
15596575,Vale,39,Male,Germany
15657321,Arkwookerum,27,Male,Germany
15575955,Lujan,24,Female,France
15743893,Alexeyeva,42,Male,France
15697270,Gannon,27,Male,Spain
15644356,Prokhorova,47,Female,Spain
15677586,Romero,32,Female,Germany
15571261,Toscani,35,Female,Germany
15698758,Onwuamaegbu,31,Female,Spain
15787014,King,28,Female,Germany
15739857,Trentino,40,Female,France
15774630,Peacock,47,Female,Germany
15805523,Nnaife,28,Female,France
15749557,Chao,44,Female,France
15681180,Barese,23,Female,France
15742028,Udegbulam,35,Female,France
15686463,Fu,38,Male,France
15654379,Onwuatuegwu,59,Male,Spain
15783629,Degtyaryov,42,Female,Germany
15751193,Nnaemeka,33,Male,Spain
15724099,Udinese,26,Male,France
15568429,Mitchell,46,Female,Spain
15648967,Ch'en,64,Female,Germany
15664498,Golovanov,26,Male,France
15779522,Efimov,24,Female,France
15583850,Davidson,68,Male,Germany
15696539,Wade,21,Female,France
15760121,Maynard,32,Male,France
15628279,Murphy,38,Female,France
15766163,Zotova,38,Male,France
15566467,Hannah,32,Female,Germany
15639049,Cartagena,31,Female,France
15736413,Hall,29,Male,France
15634815,Hunt,37,Female,France
15716381,Greece,50,Female,Germany
15708162,Thomson,40,Female,Germany
15569364,Victor,36,Male,France
15791191,Mitchell,59,Male,France
15621205,Olisaemeka,34,Male,France
15704788,Krawczyk,49,Female,Spain
15775756,Alexandrova,33,Male,Germany
15641312,Paterson,36,Male,France
15782531,Chou,31,Female,Spain
15724428,Abel,40,Male,France
15743617,Chesnokova,47,Male,Germany
15585839,Niu,37,Male,France
15658158,Sullivan,23,Female,Germany
15637678,Ma,35,Male,France
15701809,Cavill,28,Female,Spain
15676937,Nicholls,32,Female,Spain
15778975,Nnonso,70,Female,Germany
15710375,Gibson,41,Male,France
15579914,Garcia,30,Male,Germany
15595160,Renwick,35,Male,Spain
15595391,Norris,31,Male,France
15630363,Nkemakonam,39,Female,France
15692443,Piccio,33,Male,Spain
15593795,Linton,53,Female,Germany
15642824,Onyekaozulu,56,Female,Spain
15683524,Tobenna,23,Female,Germany
15713532,Wang,29,Female,Germany
15719827,O'Donnell,36,Male,France
15578435,Langlands,40,Male,France
15723028,Smith,33,Male,France
15595609,Sykes,52,Male,Germany
15622443,Marshall,31,Male,France
15579112,Gibson,47,Male,France
15648479,Stephenson,45,Female,France
15659234,Y?,30,Male,France
15811970,Kang,42,Female,France
15774192,Miller,38,Female,Germany
15595136,Kryukov,37,Female,France
15630580,Y?,34,Male,Germany
15660646,Fanucci,35,Male,France
15614365,Lombardi,31,Male,Germany
15776128,Hs?,44,Female,France
15787035,Anderson,35,Female,France
15792646,Trentino,64,Female,Spain
15726832,Donnelly,61,Male,Germany
15773260,Tsou,32,Female,France
15624437,Johnson,32,Female,Spain
15717138,Watson,31,Male,Spain
15657317,Allan,32,Female,France
15626948,Butcher,42,Female,France
15758901,Henderson,47,Female,Spain
15777759,Boucaut,30,Male,France
15773322,Obiajulu,44,Female,Germany
15697318,Ifeatu,32,Male,Germany
15678916,Kelly,75,Female,France
15632118,Pirozzi,45,Male,Spain
15788118,Siciliano,33,Male,France
15788930,Silva,37,Male,Spain
15628583,Iweobiegbunam,30,Female,France
15635177,Williamson,66,Female,Spain
15587690,Madueke,28,Male,France
15627630,Chiagoziem,41,Female,France
15610930,Kwemto,35,Female,Germany
15657747,Zito,43,Female,Germany
15568006,Ukaegbunam,45,Female,France
15751748,Trevisani,51,Male,France
15722212,Edmondstone,41,Female,France
15658670,Chien,38,Female,France
15761654,Boni,30,Male,Spain
15812210,Yashina,32,Female,Germany
15787051,Georg,39,Female,Spain
15642991,Tung,29,Female,Spain
15713769,Michelides,38,Male,Spain
15605826,Korovina,46,Male,Germany
15648898,Chuang,27,Female,Spain
15705309,Yuriev,39,Male,Spain
15734202,Chidimma,52,Female,Germany
15658852,Stevens,38,Male,France
15612633,Kao,43,Male,Spain
15604818,"Edmund la Touche",34,Male,France
15593900,Belousov,38,Male,France
15624995,McCane,31,Female,Spain
15570087,Parry-Okeden,44,Female,France
15802617,Hudson,43,Male,Germany
15656029,Marsden,37,Male,France
15739194,Manfrin,38,Male,Spain
15607275,Ch'ang,39,Male,Spain
15629475,Clark,41,Male,France
15635034,Aldrich,37,Male,Germany
15756333,Khan,55,Female,France
15777436,Murray,31,Female,Spain
15676835,Anayolisa,33,Male,Spain
15574206,Shillito,37,Female,France
15613017,McMillan,32,Male,Germany
15815131,Howells,36,Female,Spain
15585455,Stewart,28,Male,France
15692929,Ikechukwu,42,Female,Germany
15758081,Repina,39,Male,Spain
15667476,Cox,36,Female,Germany
15738248,Lo,37,Female,France
15672152,Grant,37,Male,Germany
15673372,Stevenson,58,Female,France
15587611,Kauffmann,59,Male,France
15803415,Samsonova,39,Female,France
15715673,Niu,46,Female,Spain
15655648,Bock,25,Female,France
15763613,Barlow,30,Male,France
15660385,Stevenson,39,Male,France
15733261,Kung,35,Female,Spain
15796231,Nwankwo,18,Female,France
15624866,Brewer,37,Male,Germany
15623730,Ch'iu,34,Male,France
15668248,Quinn,62,Female,Germany
15694518,Kodilinyechukwu,36,Female,Spain
15638028,Ifeanyichukwu,31,Male,Germany
15795895,Yermakova,36,Male,Germany
15694376,Sullivan,64,Female,Germany
15669204,Grant,23,Male,Germany
15773779,Jacka,46,Female,Spain
15580682,Tsai,40,Female,France
15768530,Emery,27,Female,Spain
15672875,Piccio,32,Male,Germany
15617082,Sanders,33,Male,France
15760514,Sharp,43,Female,Germany
15761775,Myers,20,Male,Germany
15799964,Campbell,30,Female,Germany
15693906,Abbott,24,Female,France
15739514,Preston,32,Female,France
15756926,Atherton,29,Male,Germany
15770984,Fanucci,40,Female,Spain
15703979,Evans,39,Male,Germany
15801821,Cookson,38,Male,France
15711028,Nnachetam,52,Male,France
15791842,Johnstone,32,Female,France
15746127,Hort,47,Female,France
15663625,Johnson,37,Male,France
15604891,Zaytseva,38,Female,Spain
15589666,Sorokina,39,Female,France
15627881,Diehl,30,Male,France
15664895,Onuchukwu,25,Female,France
15676094,Osonduagwuike,34,Female,France
15761720,Mead,41,Male,France
15611961,Stewart,35,Male,France
15680167,Thomson,78,Female,France
15762543,Goliwe,32,Female,France
15658475,Lori,36,Male,France
15779743,Onwuamaeze,44,Female,France
15661532,Butusov,31,Female,France
15782360,Rogers,65,Male,Germany
15767908,Nicholson,38,Male,France
15677105,Rossi,46,Female,Germany
15641474,Hall,46,Male,France
15624451,Huddart,38,Female,France
15577985,Chinomso,34,Female,France
15571666,Shaw,30,Male,Germany
15783691,Hargreaves,35,Female,Spain
15671172,Swain,23,Male,France
15731760,Butcher,25,Male,France
15585599,Stone,34,Female,France
15784958,Allan,55,Female,France
15734524,Wang,51,Male,France
15614103,Colombo,42,Male,Germany
15794895,McKay,34,Male,Spain
15772381,Brient,38,Male,Germany
15710553,Yin,48,Male,Germany
15649292,Bellucci,49,Female,France
15792565,Duncan,46,Female,France
15718245,Pirozzi,34,Male,France
15703117,Findlay,44,Female,France
15758136,King,37,Male,France
15799932,Iweobiegbunam,24,Male,France
15633516,Tucker,42,Male,France
15622532,Izmailova,47,Female,France
15798960,Meng,33,Male,France
15698664,Liang,43,Male,Spain
15703614,Hutchinson,48,Male,Spain
15699195,Shen,24,Female,France
15710543,Okwuoma,46,Male,France
15695499,Chinwemma,45,Female,France
15622321,Golubova,32,Female,France
15715744,Schiavone,39,Male,France
15788151,Moore,32,Male,Spain
15687153,Graham,49,Male,Germany
15684958,Amadi,38,Male,Germany
15706116,McKay,30,Female,Germany
15740557,Fedorova,43,Female,France
15707291,Percy,48,Male,Germany
15583353,Floyd,45,Female,Spain
15761024,Long,33,Female,France
15630709,Castiglione,31,Female,Germany
15639590,Melendez,30,Female,France
15659399,Mazzi,50,Male,Germany
15567078,Kovaleva,27,Female,France
15696373,Gill,44,Female,France
15786617,Arcuri,34,Male,Germany
15657449,Chukwuma,25,Male,Germany
15672594,Stevenson,60,Female,France
15714240,Ponomarev,74,Male,Spain
15782144,Gilroy,34,Female,France
15665008,Sidorov,26,Female,Germany
15581733,Bates,28,Female,France
15751392,Fanucci,57,Female,Spain
15785815,Toscano,31,Male,Germany
15664214,Hearn,33,Male,France
15579996,Iroawuchi,25,Female,Germany
15675252,Martin,39,Female,Spain
15579617,Sinclair,51,Female,France
15593976,Swanson,31,Female,Germany
15716041,Chinomso,39,Male,Spain
15654489,Fomin,38,Female,France
15736302,McKay,48,Male,France
15805909,Bergamaschi,28,Male,Spain
15572762,Matveyeva,50,Female,Germany
15724632,Madukaego,41,Female,France
15670416,Ferri,43,Female,France
15749528,Achebe,58,Male,Spain
15578783,Mai,35,Male,Germany
15580719,Davis,23,Female,France
15656293,Davey,35,Male,France
15691875,Tsou,39,Female,Germany
15596870,Marino,54,Male,Germany
15780770,Kerr,31,Male,France
15751491,Hsiao,50,Male,Germany
15706200,Graham,41,Male,Germany
15808674,Ejikemeifeuwa,45,Female,Germany
15641411,Volkova,23,Female,France
15764661,Wang,33,Male,France
15689492,Benjamin,41,Male,Germany
15602405,Ryrie,38,Female,Germany
15610271,Andreev,42,Female,Spain
15791780,Ts'ao,48,Female,Germany
15589147,Frolov,61,Male,Spain
15756975,Montemayor,35,Female,Spain
15729582,Fu,48,Male,Germany
15742971,Whitehead,44,Female,France
15568046,Izuchukwu,24,Male,France
15694890,Lai,38,Male,France
15736963,Herring,43,Male,France
15646490,Duffy,42,Male,Spain
15607314,Chiefo,53,Male,Spain
15576745,Fyodorov,48,Male,France
15669606,Chu,33,Male,France
15737832,Robertson,45,Male,Spain
15681990,Palmerston,24,Male,Germany
15758050,Madukwe,37,Male,Spain
15787848,Chinedum,30,Male,Spain
15713594,French,32,Female,France
15588186,Polyakov,45,Male,Spain
15786739,Clements,37,Male,France
15699467,Connor,41,Female,Spain
15680706,Balashov,48,Male,Germany
15645717,Avdeeva,62,Male,France
15748597,Chester,56,Male,Spain
15773709,Hung,35,Male,Spain
15629787,Tu,27,Male,France
15661007,Thompson,33,Male,France
15686812,Jones,44,Female,Spain
15754113,Li,35,Female,France
15749489,Denisova,22,Female,Germany
15574352,Clogstoun,43,Male,France
15701281,Tan,27,Male,France
15811985,Power,44,Male,Spain
15713505,Harriman,31,Male,France
15685653,Benson,40,Female,Germany
15758831,Thornton,39,Male,France
15618774,White,54,Male,France
15764448,Mackenzie,35,Male,Germany
15611024,Kalinina,23,Female,France
15738220,Bennet,38,Male,Spain
15805764,Hallahan,18,Male,France
15580487,Martin,38,Male,Germany
15675787,Rivera,26,Male,France
15583580,Chiawuotu,35,Female,Germany
15780654,Sergeyev,33,Female,Germany
15695034,Christie,44,Female,France
15805671,Louis,32,Male,France
15790658,Iqbal,42,Male,Spain
15578648,Marino,49,Male,Germany
15734987,Robertson,43,Female,France
15721740,Pai,50,Male,Germany
15641822,Barese,19,Female,France
15765650,Chigolum,40,Male,Germany
15788556,Trouette,42,Female,France
15576550,Ugochukwu,38,Female,Spain
15622230,Cribb,35,Female,France
15653937,McIntyre,53,Female,Germany
15743538,Pickering,31,Female,France
15591740,Fletcher,54,Female,France
15650086,Uchenna,43,Male,France
15718773,Pisano,32,Female,France
15615140,Corson,36,Male,France
15644361,Hooper,40,Female,France
15774536,He,32,Female,France
15618661,Chidubem,30,Male,France
15605020,Schofield,45,Male,France
15762134,Liang,59,Male,Germany
15685279,Somadina,57,Female,Spain
15582849,McIntosh,51,Female,France
15655410,Hinton,49,Male,Germany
15649129,Sal,32,Male,France
15702380,"De Luca",64,Male,Spain
15759067,Bromby,37,Female,Germany
15683027,Chang,29,Male,Germany
15597487,Hunter,35,Female,France
15763256,Sheppard,64,Female,Germany
15620111,Fan,54,Male,France
15623053,Muir,40,Male,Spain
15595592,Lai,59,Female,France
15740072,Padovesi,37,Female,France
15778005,Kemp,39,Female,France
15583278,Greece,36,Female,Spain
15601263,Young,48,Female,Spain
15709222,Chukwueloka,34,Male,Spain
15713949,Woods,40,Male,France
15717706,Forbes,32,Female,France
15756071,Kang,34,Male,France
15696564,Nweke,38,Male,France
15657637,Ts'ui,36,Female,Spain
15755863,Milano,49,Female,Spain
15719858,Chao,38,Female,Spain
15688876,Wan,39,Male,Spain
15698528,Napolitani,31,Female,Spain
15770345,Kovaleva,31,Female,Spain
15761506,Russell,19,Male,Spain
15716619,Chiebuka,36,Female,Germany
15788367,Ellis,44,Male,Spain
15709451,Gordon,35,Female,Germany
15640421,Conway,35,Female,France
15580068,Buccho,35,Male,Spain
15677123,Aksyonova,37,Male,Spain
15619801,Batty,33,Female,France
15582246,Rowe,45,Female,Spain
15711843,Pisani,40,Male,Germany
15680046,Onochie,36,Male,Spain
15804131,Farmer,53,Female,Spain
15722611,Cameron,53,Female,France
15729224,Jennings,37,Female,France
15811588,Eluemuno,53,Female,Spain
15702138,Swift,22,Female,France
15749799,Pisani,34,Female,France
15752885,Nnonso,42,Male,France
15674932,Cameron,44,Female,Spain
15743828,Stevens,41,Male,France
15642022,Zito,34,Male,Spain
15746461,Taylor,35,Male,Spain
15809991,Ferrari,19,Male,Spain
15787322,Yeh,41,Female,France
15575498,Gould,39,Female,France
15691387,Agafonova,29,Male,France
15765457,Fowler,35,Male,Spain
15666173,Chidumaga,32,Female,Germany
15627377,Sabbatini,41,Male,France
15656683,Johnson,52,Male,France
15679810,Chapman,39,Male,France
15606310,Birk,71,Male,France
15756871,Capon,39,Male,Spain
15610002,Chidubem,41,Male,Spain
15567802,Childs,34,Female,Spain
15745452,Sun,41,Male,Germany
15617252,Lung,33,Female,France
15753248,Tao,28,Male,France
15610755,Napolitano,33,Female,France
15662238,Davis,37,Male,France
15799186,Sagese,38,Male,France
15686941,Hutchinson,26,Female,Spain
15601172,Nelson,31,Male,France
15723858,Schiavone,39,Male,Spain
15615896,Chienezie,39,Male,Spain
15737647,Obioma,77,Female,Germany
15582841,Butusov,29,Male,France
15760090,Pisano,28,Male,France
15588587,Stetson,36,Female,France
15683157,Waring,26,Male,France
15694209,Fanucci,32,Female,France
15655875,Thao,33,Female,France
15805704,Murphy,32,Female,France
15744789,McConnell,32,Female,Spain
15799357,Armfield,35,Male,France
15726153,Fanucci,31,Male,France
15713346,Panina,24,Male,France
15665053,Nixon,52,Male,Spain
15592379,Walker,42,Female,Spain
15692599,Chiemela,34,Male,France
15620758,Martel,30,Male,Spain
15637428,Briggs,35,Male,France
15808389,Iheatu,79,Female,France
15807003,Jennings,32,Male,France
15702912,Ch'en,35,Female,Spain
15590623,Kovalyov,34,Male,Spain
15728078,Yeh,26,Male,France
15708256,Chien,28,Male,France
15582335,Brown,40,Female,France
15649150,Buddicom,53,Female,France
15691647,McGregor,35,Female,France
15668270,Thompson,44,Female,Germany
15624820,Ross,56,Male,Spain
15736254,Ch'ang,29,Male,France
15720814,Warren,36,Female,Germany
15642997,Uspenskaya,36,Female,France
15693200,King,36,Female,France
15624596,Trentini,23,Female,France
15807167,Konovalova,42,Male,France
15660301,Dellucci,70,Male,Germany
15593094,Goddard,27,Male,France
15618239,Neumann,48,Female,France
15574137,Ch'in,35,Male,Spain
15614740,Walters,41,Female,France
15574071,Muravyova,23,Male,Germany
15671148,Barry,33,Male,Germany
15721921,Woolnough,44,Male,France
15717995,Keen,27,Male,France
15632050,Liebe,41,Female,France
15647111,White,22,Female,Spain
15759991,Hunter,36,Male,Spain
15790204,Myers,22,Female,Spain
15686780,Rogova,55,Female,Spain
15640491,Raff,33,Female,France
15783225,Cocci,54,Male,France
15734438,Kanayochukwu,29,Female,France
15688760,Obialo,37,Female,Germany
15768124,Liu,34,Female,France
15661330,Gilbert,37,Male,France
15781272,Coles,50,Male,France
15573888,Ponomaryov,43,Female,Germany
15575858,Bergamaschi,40,Male,France
15645937,Guerin,32,Male,Spain
15702337,Sinclair,37,Male,France
15764537,Dominguez,43,Male,France
15619616,Costa,33,Female,France
15585133,Wei,27,Female,Spain
15573971,Mills,44,Male,France
15579433,Pugh,29,Male,Spain
15777045,Price,44,Female,Spain
15611580,Wood,33,Male,Spain
15614778,Robertson,31,Male,France
15771750,Sawtell,36,Female,Germany
15593280,Yuryeva,43,Male,Germany
15569274,Pisano,49,Male,Germany
15654408,Kharitonova,41,Male,Spain
15657468,Simmons,53,Female,Germany
15614213,Muramats,37,Male,France
15589869,Tang,49,Male,France
15693205,Peng,41,Female,Germany
15797113,Bevan,34,Female,Spain
15676958,Zito,34,Male,Germany
15739592,Sokolov,51,Female,Germany
15656263,Teng,29,Male,Spain
15636872,Amadi,32,Female,France
15589435,Davide,31,Male,France
15640464,Parkes,41,Male,France
15723851,Mazzanti,40,Male,Spain
15722122,Findlay,40,Female,France
15696852,Hsu,32,Female,France
15634936,Chukwukadibia,41,Male,France
15575935,Baxter,59,Male,France
15634491,Kung,30,Male,France
15628530,Booth,42,Male,France
15678720,Evans,44,Female,France
15627999,Kung,30,Male,Spain
15571244,Tung,33,Female,Spain
15739931,Yuan,34,Male,France
15806256,Jackson,48,Male,France
15787258,Ross,29,Female,Spain
15706463,Yang,36,Female,France
15691004,Yu,37,Male,Spain
15792228,Onwumelu,60,Male,France
15733447,Gay,51,Female,France
15679062,Morrison,47,Female,Germany
15594409,Belov,45,Male,France
15613816,Mao,39,Female,Spain
15681991,Walsh,32,Male,France
15796074,Bruno,36,Female,France
15625941,Gray,50,Female,Spain
15615016,Maurer,33,Male,France
15748414,Chiang,33,Female,Spain
15751203,Cattaneo,26,Male,France
15662658,Grieve,34,Male,Germany
15574868,Lowell,36,Male,Germany
15790282,Trentino,58,Male,Germany
15762927,Sung,36,Female,Germany
15803456,Yen,40,Female,France
15771857,Philipp,39,Male,Spain
15700601,Dynon,34,Male,France
15569670,Alexeyeva,30,Male,Germany
15772341,Hs?eh,81,Male,Germany
15661548,Ferri,29,Female,France
15787597,Hsu,31,Female,Germany
15806913,Bishop,54,Female,France
15804862,Toscani,43,Male,Germany
15792986,T'ao,24,Male,Germany
15625632,Philip,36,Male,France
15727703,"Li Fonti",34,Male,Germany
15606273,Rene,37,Male,France
15799652,Daigle,38,Female,France
15715047,Joshua,43,Male,Spain
15784687,Simmons,36,Male,France
15615322,Jamieson,43,Male,Spain
15722072,Hou,53,Male,France
15646784,Cochran,31,Female,France
15644692,Bibb,47,Female,France
15670354,Jen,62,Female,France
15716357,Corran,39,Female,Spain
15786717,He,36,Male,France
15771383,Loggia,45,Female,Germany
15649793,Lovely,20,Male,France
15731543,Becker,58,Male,Spain
15684516,Plascencia,34,Male,Spain
15677249,Somadina,42,Male,Spain
15581525,Walker,33,Male,Germany
15628420,Alekseeva,33,Male,Spain
15600478,Watson,39,Male,France
15594502,Zotov,37,Male,France
15784361,Williamson,46,Female,Spain
15767626,Carpenter,42,Male,France
15632521,Cattaneo,45,Male,Germany
15665088,Gordon,42,Female,France
15652084,Boni,40,Male,France
15574761,Lynch,41,Female,France
15729515,McCarthy,36,Male,France
15682070,Davies,64,Male,France
15743817,Hargreaves,40,Male,Germany
15572158,Blackburn,41,Male,Spain
15584477,K?,35,Female,Spain
15614893,Meng,38,Male,Spain
15665963,Cattaneo,30,Male,Spain
15612524,Hunt,41,Male,Germany
15596962,Owens,24,Female,France
15744942,Steele,55,Female,Spain
15573278,Kennedy,39,Male,France
15717056,Pan,25,Female,Germany
15795881,Alexander,35,Male,Spain
15758939,Bray,35,Male,Germany
15792250,Nnabuife,45,Female,Germany
15740406,Padovesi,38,Male,Germany
15768137,Bray,23,Female,Spain
15569120,Lucas,30,Male,France
15723721,Tinline,30,Male,France
15777122,Esomchi,31,Female,France
15742681,Liao,26,Male,Germany
15582090,Iroawuchi,36,Female,Spain
15711254,Retana,35,Female,France
15775067,Fang,47,Male,France
15602851,Ozioma,40,Male,France
15802857,Robson,33,Female,Spain
15701175,Bruno,33,Female,France
15783019,Price,62,Female,France
15728912,Swanson,44,Female,France
15585580,Chang,52,Female,Germany
15583480,Morgan,36,Female,France
15620341,Nwebube,44,Male,Germany
15613886,Trevisan,43,Male,Spain
15792916,Ositadimma,40,Female,Spain
15710408,Cunningham,38,Female,Spain
15598695,Fields,68,Female,Germany
15649354,Johnston,35,Male,Spain
15737556,Vasilyev,43,Male,France
15671610,Hooper,36,Male,France
15625092,Colombo,57,Female,Germany
15741032,Tsao,48,Male,France
15750014,Chikere,37,Female,Germany
15784761,Ballard,46,Female,Spain
15768359,Akhtar,36,Male,France
15805769,O'Loughlin,33,Male,Spain
15719508,Davis,49,Male,Germany
15609011,Barry,47,Male,Spain
15703106,K'ung,40,Male,France
15626795,Gorman,40,Female,France
15773731,John,35,Female,Spain
15756196,Tsou,50,Male,France
15687903,Okonkwo,29,Female,France
15777599,Esposito,34,Male,Germany
15754577,Boni,51,Female,France
15584113,Pratt,53,Female,Germany
15669589,Page,68,Female,Germany
15632793,Wilkinson,29,Female,France
15711130,Tseng,45,Male,France
15615254,Clark,40,Male,France
15720583,Finch,44,Female,Germany
15780432,Shen,37,Male,France
15673223,Hou,44,Male,France
15807989,Wall,37,Male,Germany
15761168,Manna,38,Female,France
15651272,Reyes,38,Male,France
15812832,Jideofor,33,Male,Germany
15680517,Sal,34,Female,Germany
15750569,Iweobiegbunam,46,Female,Germany
15690743,Shao,61,Female,France
15627741,Heath,29,Female,Germany
15712121,Chidimma,34,Male,Spain
15805429,Murray,59,Male,Germany
15814923,Sullivan,38,Male,Spain
15589230,Wu,63,Female,France
15775490,Downie,38,Female,France
15749727,Chukwufumnanya,50,Male,Spain
15619238,Allan,29,Male,Spain
15593468,Findlay,33,Female,France
15718454,Ch'eng,44,Female,Spain
15789498,Miller,30,Male,France
15744691,Tsai,29,Female,France
15708289,Graham,25,Male,Spain
15790412,Norton,26,Male,Spain
15741416,Yegorov,42,Male,France
15598894,Holt,38,Male,Spain
15663294,Kao,32,Male,France
15572728,Ross,36,Male,Spain
15706729,Hsiao,38,Male,France
15674433,Allan,28,Female,Germany
15641170,Liang,36,Male,Spain
15806284,Briggs,31,Male,Spain
15690958,Cantrell,23,Male,Germany
15606386,Wang,46,Female,Germany
15682322,Aksenov,37,Male,France
15579915,Glennon,29,Male,France
15681928,Yancy,35,Female,France
15734005,Mazzi,42,Female,France
15650432,Liu,41,Male,Germany
15592578,Nucci,41,Female,Spain
15671243,Y?,47,Female,France
15775709,Nucci,27,Female,France
15702631,Tang,26,Female,France
15602282,Kao,45,Female,Germany
15717879,Chen,79,Female,Spain
15740878,Yao,29,Female,Spain
15794468,Tsou,42,Female,France
15773277,Barnes,35,Male,France
15572657,H?,29,Male,France
15800295,Cruz,34,Male,Germany
15672397,Smith,38,Male,France
15684921,Onuchukwu,25,Male,Spain
15720676,Bukowski,37,Female,France
15731829,Simmons,34,Male,France
15732672,Stewart,35,Male,Spain
15692406,Gow,37,Male,France
15764405,Williams,29,Male,France
15757537,Francis,31,Female,France
15793307,Calabresi,41,Female,Spain
15660679,Chimaobim,38,Female,Spain
15666856,Chikwendu,49,Male,France
15687372,Padovesi,49,Male,Germany
15667289,Henderson,50,Male,Spain
15624641,Kharlamova,43,Male,Spain
15734610,Onio,42,Male,France
15631882,Yeh,45,Male,Germany
15642709,Feng,30,Female,France
15811026,Norman,43,Male,Germany
15596303,White,39,Female,France
15787255,Manfrin,55,Female,Germany
15617166,Ritchie,37,Male,France
15742442,Udegbulam,46,Female,Spain
15758692,Kao,29,Female,France
15568238,Diaz,20,Male,Spain
15730353,Olisaemeka,29,Male,Germany
15731555,Ross-Watt,45,Female,Germany
15582404,Miller,26,Female,Spain
15721462,Shubin,58,Female,Spain
15632899,Nwankwo,20,Male,Spain
15808526,Cartwright,58,Female,Germany
15694349,Ngozichukwuka,44,Male,Spain
15718465,Sadler,51,Male,Germany
15682995,Azuka,32,Female,France
15584776,Shen,37,Female,Spain
15777772,Whittaker,55,Male,Spain
15576156,Abazu,28,Female,Spain
15646756,Murphy,33,Female,France
15742886,Ford,26,Male,France
15586135,Gratwick,28,Female,Spain
15616152,Pai,47,Female,France
15721460,Lorenzo,60,Male,France
15727317,Brady,49,Female,Germany
15649536,Wong,38,Male,Germany
15754929,Douglas,31,Male,France
15572051,Kennedy,40,Male,France
15668142,Chang,37,Male,France
15701176,Brown,26,Male,France
15708422,Hsiung,35,Female,Spain
15655632,MacDonald,27,Male,France
15744606,Davidson,29,Male,Spain
15612140,Milano,46,Female,Spain
15656086,Bovee,54,Male,Spain
15655298,Lewis,54,Female,Spain
15644796,Dyer,38,Female,Spain
15726250,Hsia,38,Female,France
15764432,Hicks,42,Female,Germany
15631721,Millar,38,Male,Germany
15707479,Fan,40,Male,France
15579826,Young,66,Female,France
15668104,Kerr,37,Male,Spain
15641604,Frolova,55,Female,France
15587240,Vasilyev,40,Male,France
15680767,Sabbatini,64,Female,Germany
15601594,Ifeanacho,51,Female,France
15589969,Capon,34,Male,France
15703728,Chieloka,47,Male,Spain
15617790,Hanson,29,Female,France
15662500,Ts'ao,32,Male,Spain
15778526,Bradshaw,48,Female,Spain
15670584,Nkemakolam,31,Male,Spain
15748069,Clunie,25,Female,France
15680597,Cover,38,Male,Germany
15628992,Esposito,32,Male,Germany
15719624,Hodgson,38,Female,France
15812767,Harvey,70,Male,Spain
15689201,Dobie,49,Female,France
15614716,Okwudilichukwu,37,Female,France
15683618,Dyer,35,Female,France
15799631,Chase,36,Male,Spain
15692259,Baresi,29,Female,France
15590966,Lo,42,Female,Germany
15656426,Tyler,42,Female,France
15675256,Ts'ui,33,Male,Spain
15751185,Aparicio,50,Female,Spain
15789582,Macleod,55,Male,France
15651103,Sal,69,Female,Spain
15672299,Yeh,44,Male,France
15772250,Udegbunam,46,Male,Spain
15763922,Alexandrov,31,Male,France
15633870,Ozioma,36,Female,France
15624323,Atkins,36,Male,France
15688612,Campos,33,Male,France
15694644,Wood,43,Female,Spain
15587174,Kerr,29,Male,France
15579559,Chienezie,30,Male,Spain
15775430,Tsou,31,Male,Germany
15623695,McKinnon,31,Female,France
15760849,Nwachukwu,39,Male,France
15813095,Nwebube,37,Male,France
15705281,Burt,38,Male,Spain
15812594,Ross,34,Male,France
15626322,Lees,29,Female,Spain
15723105,Feetham,28,Female,France
15588449,Chuang,27,Female,Spain
15794849,Aitken,22,Male,Germany
15620000,Chambers,34,Male,Germany
15799720,Coburn,43,Male,Spain
15711287,Ahmed,35,Female,Spain
15613102,Ogochukwu,31,Female,France
15621440,Soto,38,Male,France
15677146,Obiajulu,28,Female,France
15801169,Yegorova,39,Female,Germany
15722425,Lucchese,32,Male,France
15682421,Talbot,30,Female,France
15691910,Lu,30,Male,Spain
15721779,Arnold,41,Male,Spain
15579548,Nicholson,36,Male,Spain
15681075,Chukwualuka,58,Female,France
15607884,Wallace,39,Female,France
15767757,Pisano,29,Female,Spain
15791550,Kelly,27,Male,France
15658589,Brady,38,Male,Spain
15670822,Palmer,22,Female,France
15629744,Tan,71,Female,France
15660768,L?,40,Male,France
15726310,Mordvinova,27,Female,Spain
15641298,Corones,42,Male,Germany
15625675,Clements,36,Male,France
15713354,Morrice,22,Female,Germany
15633866,Hsiung,30,Male,Germany
15704231,Barrett,33,Female,France
15735400,Kanayochukwu,28,Male,France
15632826,Tardent,38,Male,France
15751022,Bowhay,37,Female,Germany
15664737,Lei,38,Female,Spain
15681126,Baker,38,Female,Spain
15738954,Pisano,35,Male,France
15662263,Castillo,22,Male,Germany
15621611,Gibson,55,Male,Germany
15783752,Lindsay,29,Male,Germany
15709474,Macnamara,57,Female,Germany
15701280,Romano,24,Male,France
15671104,Aksakova,43,Male,Spain
15796434,Farnsworth,28,Male,France
15781505,Giordano,20,Male,France
15625819,Arnold,38,Female,France
15753174,Thompson,37,Male,Germany
15654067,Koch,29,Female,Spain
15724719,Jones,22,Female,France
15624695,Otitodilinna,72,Female,Spain
15718216,Fleetwood-Smith,43,Male,Spain
15586300,Chinonyelum,66,Male,France
15783349,Montague,39,Male,Spain
15725767,Milani,23,Male,France
15791925,Palermo,29,Male,France
15793585,Anderson,35,Male,France
15576641,Crawford,40,Male,Germany
15749519,Lin,38,Male,France
15684960,Yewen,46,Female,France
15591286,Simmons,49,Female,Germany
15668323,Mbadiwe,41,Female,France
15608528,Munro,68,Female,France
15645184,Graham,29,Male,France
15702566,Lombardo,26,Male,Spain
15660840,Kalinin,30,Male,France
15750811,Woodward,44,Male,Germany
15733842,Pirozzi,24,Female,France
15581526,Iweobiegbulam,41,Male,France
15662751,Piazza,40,Female,Germany
15684319,Baranova,37,Female,Germany
15702190,Fan,43,Male,Spain
15588517,Sun,38,Male,France
15801863,Marino,32,Female,France
15584271,Donaldson,59,Male,France
15700366,Burton,39,Male,France
15804038,Quinn,44,Male,France
15720820,Sabbatini,24,Female,Germany
15743759,Brooks,39,Male,France
15749947,Black,44,Female,France
15670496,Schwartz,27,Female,Spain
15746664,Ts'ui,20,Male,Spain
15745533,Sargent,63,Female,France
15761497,Udinesi,48,Female,Spain
15628600,Lee,31,Female,Germany
15627002,Taylor,38,Male,France
15614635,Kepley,52,Male,France
15731281,Ozuluonye,35,Female,Germany
15814022,Lassetter,26,Female,France
15659194,Mishina,30,Male,France
15745030,Trevisano,41,Male,Germany
15691817,Iloerika,44,Female,Spain
15707488,Tan,27,Female,France
15784700,Chikelu,31,Male,France
15710397,Lin,26,Male,France
15687648,Nicholson,28,Male,France
15732281,Ugoji,34,Male,Germany
15607230,Michel,33,Male,Germany
15567630,Bruce,40,Male,Germany
15587507,Feng,47,Male,France
15733904,McDonald,32,Male,France
15709511,Watt,43,Male,France
15579616,Goodwin,42,Female,France
15694852,Arcuri,29,Male,France
15589924,Rapuluolisa,40,Female,Spain
15799300,Kao,31,Male,Germany
15731330,Tsui,40,Female,Spain
15694129,Summers,28,Female,Germany
15620372,Cross,31,Male,Spain
15744622,Osorio,32,Male,France
15799815,Bobrov,23,Female,Germany
15759250,Barnett,51,Male,Germany
15732643,Pike,53,Female,Spain
15690540,Gearheart,41,Female,Spain
15803078,Bruno,38,Female,Spain
15652180,Egobudike,30,Male,France
15741195,Okechukwu,19,Male,Spain
15743490,Zikoranachidimma,56,Female,Germany
15575510,Milanesi,32,Female,France
15732610,Ahern,28,Female,France
15602909,Dickson,41,Female,Spain
15734058,Anayochukwu,32,Male,Germany
15801788,McDonald,29,Female,Germany
15702462,Fiorentini,44,Female,Spain
15683416,Russo,51,Male,Germany
15794187,Young,36,Male,France
15792989,Bianchi,71,Female,France
15613734,Fallaci,33,Female,France
15606177,Crawford,39,Male,France
15636700,Marsh,39,Male,France
15645766,Kosisochukwu,25,Male,Spain
15671345,Piccio,42,Female,Spain
15652469,Nevels,27,Male,France
15749638,Kaodilinakachukwu,51,Female,France
15728706,Amaechi,49,Female,France
15735439,P'an,31,Female,Spain
15778696,Ikemefuna,36,Female,Spain
15624744,Tai,42,Male,Germany
15584338,Winn,40,Female,France
15726178,Hardy,48,Female,Spain
15794939,Chiu,72,Female,France
15788068,Lopez,45,Male,Germany
15572956,Steen,36,Male,France
15780386,Ferri,40,Male,Spain
15791114,Yegorova,37,Male,France
15708046,Knowles,31,Male,Spain
15719779,May,25,Male,Germany
15591550,Bianchi,36,Male,Spain
15639368,Pipes,25,Male,France
15699830,Doherty,40,Female,France
15569264,Yobanna,32,Male,France
15595158,Hsu,31,Male,Germany
15599126,Russell,43,Female,France
15650575,Payne,59,Female,Spain
15641490,Windsor,25,Female,Germany
15680234,Bray,27,Male,Germany
15592230,Seleznyov,41,Male,France
15626212,Wark,29,Male,France
15700627,Y?,46,Female,Germany
15782641,Brown,29,Female,Spain
15784445,Huang,33,Male,Spain
15813681,Zito,24,Male,Germany
15596649,Bailey,39,Female,France
15700460,Allnutt,55,Female,France
15724076,Christie,57,Female,Spain
15784000,Pope,34,Female,Germany
15733966,Johnstone,55,Female,Germany
15612667,Bird,42,Male,Spain
15654025,Jones,51,Female,France
15589431,Pedder,47,Male,Germany
15578238,Calabrese,47,Male,France
15566269,Chialuka,25,Male,France
15639217,McKenzie,34,Male,France
15688644,Holloway,31,Male,France
15662426,Tang,32,Male,Spain
15720511,Byrne,41,Male,Germany
15567246,Selwyn,32,Male,Germany
15647965,Genovese,57,Female,France
15679048,Koger,41,Male,Germany
15675749,Baranov,23,Female,France
15782181,Greco,35,Male,Spain
15795738,Owens,31,Male,France
15773751,Y?,29,Female,France
15655436,Kendall,47,Male,Germany
15691396,Ko,31,Male,Germany
15796958,Tang,39,Male,France
15801832,Lombardo,42,Male,Germany
15661349,Perkins,35,Male,France
15719265,Feng,46,Male,France
15779985,Lo,37,Female,Germany
15663410,Piccio,51,Male,Spain
15704144,Mazzanti,33,Male,Germany
15774104,Chukwualuka,39,Male,Spain
15812230,Elliot,42,Female,Germany
15742848,Gratton,41,Male,France
15745326,Carandini,62,Female,France
15674541,Robinson,52,Male,Spain
15728564,Lo,41,Male,France
15580701,Ma,33,Male,France
15688973,Vinogradova,39,Female,Spain
15709412,H?,30,Male,Spain
15607753,Alexandrova,23,Female,Spain
15705352,Yang,38,Male,Spain
15602500,Maslova,38,Male,Spain
15672437,Buccho,72,Male,France
15720968,Young,27,Male,Germany
15730796,Barker,21,Female,France
15768219,Sung,36,Male,Spain
15663883,Hansen,32,Male,Germany
15589296,Brown,40,Female,France
15586425,"Lo Duca",28,Male,France
15679813,Ellis,28,Male,Spain
15681410,Korff,36,Female,Germany
15668283,Gardiner,48,Male,France
15624072,Kiernan,22,Male,Spain
15669664,Thompson,54,Male,Germany
15682728,Mathews,32,Female,France
15573851,Macrossan,38,Female,France
15733661,Illingworth,27,Female,Spain
15710012,Bowen,44,Male,Spain
15763327,Craig,32,Male,France
15668853,Menhennitt,44,Female,Spain
15639303,Moore,48,Male,Germany
15691011,Shoebridge,42,Male,France
15638513,Palermo,40,Female,France
15648933,Reilly,44,Male,Germany
15628904,Bowen,35,Male,Spain
15644788,Fyodorov,30,Female,France
15598161,Clements,47,Male,France
15745624,McKenzie,37,Male,France
15733169,Craig,22,Male,Spain
15801417,Iloerika,37,Male,France
15592707,Dolgorukova,64,Female,Germany
15593954,Eva,47,Female,France
15714431,Yeh,37,Male,France
15638257,P'an,54,Female,Spain
15690939,Howe,28,Male,Spain
15723613,Jenkins,28,Female,France
15813640,Shih,40,Female,France
15707322,Nnamdi,48,Female,France
15588918,Mitchell,42,Female,France
15600357,Findlay,40,Female,France
15747014,Pisani,28,Female,France
15809830,Belisario,50,Male,France
15662245,Pomeroy,32,Male,France
15651075,Ibrahimova,35,Male,Germany
15594456,K?,56,Female,Spain
15583462,Graham,28,Male,France
15757661,Trevisano,39,Female,France
15729117,Trevisano,31,Female,France
15749671,K?,35,Male,France
15566253,Manning,44,Male,Germany
15595153,Tucker,44,Female,Germany
15698572,Schaffer,36,Female,Spain
15674149,Esomchi,36,Male,Germany
15623082,Ch'ang,35,Female,France
15797905,Walker,48,Female,France
15746028,Chu,24,Female,France
15582951,Crawford,25,Female,France
15616471,Milne,51,Male,Spain
15641575,Anenechukwu,37,Male,France
15638803,Donaldson,32,Female,Spain
15808283,Kelly,33,Female,France
15811200,Ts'ao,34,Female,France
15733476,Gonzalez,30,Male,Germany
15633274,Tai,34,Male,France
15582168,Muravyova,61,Female,Germany
15807269,Milanesi,43,Male,Germany
15602979,Lin,29,Male,France
15660417,Lambert,43,Female,Germany
15590199,Temple,28,Male,Spain
15641794,Ridley,33,Male,France
15779174,Young,36,Female,France
15785547,Slye,28,Male,France
15795124,Pan,50,Male,Germany
15718912,Hsueh,44,Female,Germany
15592028,Roberts,46,Female,France
15580227,Moss,33,Male,France
15657830,Andrews,43,Male,France
15798256,Takasuka,45,Female,France
15643819,Dawson,25,Female,France
15754301,Bruche,39,Male,France
15726855,Oliver,45,Female,Germany
15755225,Ryan,34,Male,Germany
15725221,Sabbatini,62,Male,Germany
15789055,Watt,35,Male,Spain
15617507,Wilson,36,Female,Spain
15668894,Abramova,41,Male,Germany
15589563,Purdy,31,Male,Spain
15693162,Higgins,29,Female,France
15750099,Marshall,36,Female,France
15795540,Reye,36,Female,France
15794941,Chibueze,41,Female,Germany
15611848,Kwemtochukwu,32,Male,Germany
15581237,Biryukova,33,Male,Spain
15738150,Chidozie,45,Male,France
15678571,Barber,21,Male,France
15736124,Thompson,25,Male,France
15623202,Maslov,39,Female,Germany
15804201,Jones,42,Male,Germany
15596863,Chidumaga,38,Female,Germany
15696277,Hs?,34,Female,France
15748608,Trentini,42,Male,Germany
15723864,Lucas,47,Male,Spain
15802390,Willoughby,34,Female,France
15774336,Jamieson,44,Male,Germany
15648766,Robertson,35,Male,Spain
15659094,Ojiofor,34,Female,Germany
15606397,Cameron,44,Female,Germany
15642619,Mayne,46,Male,Spain
15666032,Mancini,28,Male,Spain
15595842,Paramor,45,Male,Germany
15753837,Young,38,Male,Spain
15783882,Daly,41,Female,Spain
15799790,Carter,35,Male,France
15628155,Dike,35,Female,France
15703778,Hughes,33,Male,France
15722322,Green,78,Female,Spain
15639278,Chinomso,36,Female,Germany
15568487,Gorshkov,35,Male,France
15682084,Chinomso,31,Male,France
15642821,Ijendu,48,Female,Spain
15601387,Yen,35,Male,France
15642515,Arcuri,42,Female,France
15710421,Baresi,36,Female,Spain
15726774,Field,35,Male,France
15649078,Christian,27,Female,Germany
15641877,Ross,47,Male,France
15796496,Trevisani,31,Female,France
15815690,Akabueze,40,Female,Spain
15631739,Dunn,24,Male,Spain
15625584,Martin,32,Male,France
15802466,Donaldson,53,Female,France
15697028,McClinton,34,Male,Spain
15575759,Bentley,40,Female,Spain
15567442,Ibezimako,75,Female,France
15746805,Thomson,33,Male,France
15636330,Ch'in,48,Female,Germany
15714970,Holbrook,32,Male,Germany
15653784,Solomina,37,Male,France
15693543,McDonald,33,Female,France
15773283,Dennis,65,Male,France
15742534,Faulk,28,Female,Germany
15569878,Dale,37,Male,France
15729454,Gorbunov,33,Male,France
15578375,Farrell,39,Male,France
15785559,"De Luca",43,Male,France
15649414,Walker,61,Female,France
15701605,Forster,37,Male,France
15686696,Brown,37,Female,France
15625586,Monaldo,35,Male,France
15654975,Wu,53,Female,France
15782993,Pan,51,Male,France
15774382,Longo,49,Male,Germany
15689602,Findlay,38,Male,France
15756155,Fu,32,Male,France
15812647,Yin,34,Male,France
15736043,Hamilton,34,Male,France
15696744,Miller,31,Female,France
15602572,Hsing,33,Male,France
15674765,Mitchell,44,Male,Spain
15678725,Chamberlin,29,Female,France
15694444,Buttenshaw,32,Female,Germany
15795878,Anayochukwu,45,Male,Spain
15735346,Wallace,41,Female,Germany
15687094,Calabresi,28,Female,Germany
15790067,Sun,39,Male,Spain
15605742,Tuan,43,Male,France
15566740,Nazarova,51,Male,Spain
15664897,Bryant,35,Female,France
15585777,Pai,38,Male,France
15650864,Power,42,Male,France
15806709,Hao,33,Male,Germany
15633818,McMillan,32,Male,France
15713845,Merrett,38,Male,France
15639662,Phillips,38,Male,France
15567013,"De Luca",33,Male,Spain
15777784,Tu,44,Female,France
15800251,Elder,26,Female,Germany
15651315,Dilke,41,Male,France
15651450,Panicucci,31,Male,Germany
15784218,Mason,38,Male,Spain
15572398,Townsend,39,Female,Spain
15707962,Gunson,40,Male,France
15705663,Milano,39,Female,Germany
15645355,Macleod,34,Male,Germany
15729557,Olisaemeka,36,Male,Germany
15631436,Gleeson,35,Male,France
15583073,Martin,56,Female,Spain
15614361,Liao,42,Male,Spain
15724684,Sung,46,Male,Spain
15700083,Lai,39,Male,Spain
15636541,Cartwright,35,Male,Germany
15796015,Wu,42,Male,Germany
15787222,Ch'in,28,Male,Germany
15594270,Biryukov,38,Male,France
15701524,Ting,36,Male,France
15645847,P'eng,35,Male,Germany
15708867,Niu,38,Female,Spain
15613140,Mellor,34,Male,France
15628893,Power,29,Male,France
15764073,Arcuri,36,Female,Spain
15782879,Lang,40,Male,France
15635964,Eve,65,Male,Germany
15726087,Ch'in,62,Female,France
15726313,Napolitani,50,Female,Spain
15578073,Barker,22,Male,Spain
15786249,Whitfield,30,Male,Spain
15812850,Stradford,67,Male,Spain
15596972,Brownlow,38,Male,France
15620579,Dunn,31,Female,Spain
15768270,DeRose,31,Female,Spain
15656597,Wang,38,Male,Germany
15699446,Hobbs,25,Female,Germany
15615004,Anderson,37,Female,France
15704771,Ugochukwu,35,Female,France
15588372,Kirsova,37,Female,Germany
15681439,Tsou,25,Male,Germany
15607509,Ozerova,38,Male,France
15670343,Li,19,Male,Spain
15597968,Fyans,50,Male,Spain
15658432,Freeman,40,Male,France
15616431,Chiu,33,Male,France
15796957,Iadanza,35,Male,Spain
15815552,Ferguson,42,Female,France
15631871,Kelly,57,Female,Germany
15635870,She,50,Female,Germany
15596713,Christie,37,Male,France
15684211,Creel,44,Female,Spain
15760521,Thompson,50,Female,France
15608408,Lazareva,39,Male,Spain
15804721,Boni,49,Male,France
15730272,Evseev,58,Male,France
15741988,Marino,52,Female,Germany
15771728,Mackenzie,41,Male,Germany
15605113,Sutherland,27,Female,France
15661945,Nicolay,40,Female,Spain
15783816,Lori,28,Female,France
15721207,Piazza,42,Male,Germany
15764072,Somerville,31,Female,France
15689412,Christie,32,Female,France
15798385,Grave,46,Female,Spain
15775339,Lori,29,Female,France
15585256,Iloerika,26,Male,Spain
15797329,Muir,43,Male,France
15780220,Pauley,38,Male,France
15648951,Kao,41,Male,Spain
15752409,Grant,31,Male,France
15807524,Chukwuma,44,Female,France
15766649,Vincent,38,Male,France
15696812,Lazareva,42,Male,Spain
15581295,Ch'ien,45,Female,Spain
15663234,Bishop,60,Female,France
15741417,Chibuzo,35,Female,Spain
15695174,Chang,29,Male,France
15665168,Calabrese,44,Female,Germany
15601503,Tokaryev,28,Male,Spain
15706131,Logan,37,Female,Spain
15782758,Ozerova,40,Male,France
15591091,Goering,44,Male,France
15715877,Lo,28,Male,France
15756918,Simmons,38,Female,France
15746662,Maduabuchim,27,Female,Spain
15626679,Linger,33,Male,France
15793343,Yeh,29,Female,France
15576774,Stevenson,38,Female,France
15801316,Ifeatu,61,Male,France
15800514,Kenechukwu,24,Female,Germany
15662232,Learmonth,42,Male,Germany
15737778,Dickson,41,Female,Spain
15782096,Volkova,36,Female,Spain
15783522,Mitchell,37,Female,Spain
15785373,Wong,42,Female,Spain
15756272,James,35,Female,Germany
15615245,Shao,19,Male,France
15600174,Walton,35,Male,France
15752956,Stanley,29,Male,Spain
15644882,Watson,36,Female,Germany
15766272,Folliero,61,Female,Germany
15800620,Fitzgerald,29,Female,France
15569764,Garner,41,Female,Germany
15747458,Folliero,43,Female,Spain
15573171,Liao,63,Male,Spain
15736769,Lucchesi,27,Female,France
15763381,Chan,30,Male,France
15814430,Ma,41,Male,Spain
15638607,Nwabugwu,52,Female,France
15737133,P'eng,68,Male,Spain
15613945,Andrews,26,Female,France
15659937,Otutodilinna,40,Female,France
15765287,Grant,38,Female,France
15661723,Abramovich,71,Male,Spain
15766064,Komarova,33,Male,France
15649616,Otutodilichukwu,60,Male,Spain
15719017,Donaldson,34,Female,France
15720919,Duggan,42,Male,France
15706706,Chinwendu,33,Male,Germany
15709653,Hamilton,32,Male,France
15805104,Smith,73,Female,France
15622442,Mazzi,29,Male,France
15572801,Krischock,34,Male,Spain
15767598,Kent,28,Male,Spain
15757897,Binder,26,Female,France
15568104,Zubarev,26,Female,France
15763414,Degtyarev,32,Male,Germany
15732265,Obialo,33,Male,France
15621974,Davydova,33,Female,Germany
15803947,Teng,30,Female,Germany
15720706,Hsing,39,Female,Spain
15759290,Coleman,29,Male,Spain
15651664,Wilder,61,Female,France
15795132,Molineux,25,Female,France
15811565,Cocci,47,Female,Spain
15713774,Chikwendu,46,Female,Spain
15691840,Fraser,37,Female,Germany
15682021,Lai,23,Male,Germany
15612931,Korovin,50,Female,Spain
15676707,Sidorov,39,Female,Spain
15601383,Ibrahimova,44,Male,Spain
15662662,Duigan,30,Female,France
15752694,Taylor,32,Female,France
15590683,Donaldson,31,Female,France
15773591,Jobson,46,Male,France
15723620,Lu,41,Male,France
15671779,Nebechi,39,Male,France
15672966,Cross,64,Female,Spain
15624667,Wallace,35,Male,France
15812888,Perreault,41,Male,France
15724154,Manna,49,Female,Germany
15749540,Hsiung,36,Male,France
15621063,Gibbons,42,Female,France
15661626,Algeranoff,45,Female,Germany
15698703,Doherty,40,Male,Germany
15801431,Rowe,48,Female,Spain
15649451,Yates,25,Male,France
15626156,Galloway,60,Female,France
15606158,Genovese,39,Female,France
15589496,Arrington,34,Male,France
15730345,Miah,35,Female,France
15572038,Chijindum,35,Male,Germany
15643439,Ferguson,47,Male,France
15604158,Smith,39,Female,France
15657396,Marshall,31,Male,France
15709478,P'an,37,Male,Germany
15628824,Burton,37,Female,France
15814519,Kamdibe,37,Female,France
15636520,Milani,27,Male,France
15794414,Forbes,46,Male,Spain
15643671,Chiekwugo,49,Male,Germany
15700650,Cousens,34,Male,France
15680224,Ross,26,Female,France
15784286,Wood,40,Male,Spain
15693996,Hawks,33,Female,France
15764343,T'ien,46,Female,Spain
15704168,Ting,38,Male,Germany
15680197,Thynne,41,Male,France
15633729,Wang,43,Male,France
15577683,Maclean,29,Female,France
15800746,Watson,45,Male,France
15788686,Gibson,40,Male,Spain
15742798,French,22,Female,France
15596647,Henderson,54,Male,France
15756070,Greenwood,44,Female,Spain
15775116,Anderson,31,Male,France
15575428,Mistry,35,Female,Germany
15654074,Tuan,38,Male,France
15695872,Fiorentini,30,Female,France
15568885,Scott,34,Female,Germany
15725036,Jideofor,42,Male,France
15632665,Yevseyev,61,Male,France
15571476,Kelly,38,Male,Spain
15776850,Smith,43,Female,Spain
15623649,Ogle,32,Male,Spain
15751131,Moss,41,Female,Spain
15688128,Loggia,34,Male,Spain
15678412,Nwankwo,45,Female,France
15770291,Allan,29,Female,France
15583392,Woronoff,37,Male,Germany
15690731,Wolfe,40,Male,France
15697948,Henderson,36,Female,Spain
15608328,Sutherland,41,Female,Spain
15766378,Marsden,45,Female,Germany
15600813,Hyde,50,Male,France
15706217,Kao,28,Male,Germany
15601417,T'ang,32,Male,France
15610972,Crawford,44,Female,Germany
15674620,Dilibe,37,Female,Germany
15785350,Austin,23,Male,Spain
15749119,Santiago,31,Female,France
15756535,Chibugo,39,Male,Germany
15700965,Toscano,32,Female,France
15791851,Afanasyeva,34,Female,France
15717156,Sokolov,30,Male,France
15740846,Wei,40,Male,France
15573284,Olisanugo,45,Female,France
15729083,Gorman,36,Male,France
15611612,Priestley,29,Female,France
15694381,Lloyd,51,Male,France
15651737,Salmond,44,Male,Spain
15663168,MacDonald,35,Male,France
15643426,Robertson,36,Female,Spain
15618245,Chukwumaobim,31,Male,Germany
15717527,Ifeanacho,49,Female,France
15793478,"Li Fonti",39,Female,Germany
15642248,Ko,66,Male,Spain
15640377,Goloubev,36,Female,France
15723950,Kruglov,40,Male,Spain
15590327,Liao,42,Female,Germany
15706199,White,36,Male,Germany
15671514,Sinclair,33,Female,Spain
15727041,Fiorentini,71,Male,France
15738063,Shen,29,Male,France
15711733,Rapuokwu,48,Male,France
15652320,Woronoff,40,Male,France
15634180,Holden,26,Male,Germany
15694566,Roberts,42,Female,France
15726103,Tsou,55,Female,Germany
15646351,Somerville,27,Male,Spain
15730044,Greco,42,Female,Germany
15795186,Leonard,38,Male,France
15784890,McKenzie,32,Female,Spain
15694125,McElhone,57,Male,France
15565891,Dipietro,39,Male,France
15674254,Kerr,45,Female,Spain
15775206,Hunter,37,Male,France
15797627,Niehaus,54,Male,Spain
15649853,Craig,45,Female,France
15610379,Barclay-Harvey,30,Male,France
15659800,Teng,50,Female,Spain
15716236,Milani,35,Male,France
15672053,Mistry,38,Male,Spain
15663933,Jamieson,35,Female,Germany
15814236,Kay,38,Female,Spain
15583597,Ikedinachukwu,47,Male,Spain
15607395,Holt,33,Female,France
15694556,Nkemakolam,60,Male,France
15744109,Hartung,32,Male,France
15800688,Ch'en,42,Female,Spain
15810878,Baker,38,Female,Spain
15587835,Osinachi,41,Male,France
15763515,Shih,30,Male,France
15725882,Feng,40,Female,Germany
15788022,Sternberg,41,Female,Germany
15663917,Adams,43,Male,France
15656865,Gray,69,Male,Germany
15667971,Shepherd,34,Female,Germany
15800366,Walton,29,Male,France
15717231,Yang,37,Male,Germany
15643188,Barnett,47,Female,Germany
15671351,Romani,35,Male,Spain
15573628,Greene,51,Female,Germany
15698953,Hart,36,Male,Spain
15753888,Johnston,62,Female,Spain
15737961,Miller,29,Female,Germany
15801701,Robson,35,Male,Spain
15684419,Wallace,37,Female,Spain
15794266,Cross,32,Male,France
15810711,Marcum,37,Male,Germany
15771270,North,27,Female,France
15607786,Mao,26,Male,France
15624519,Calabrese,49,Female,Germany
15799910,Martin,32,Male,France
15602479,Fleming,37,Male,Spain
15617419,Roberts,29,Female,Germany
15657603,Finch,35,Female,France
15570379,Whitelegge,51,Male,Spain
15772996,Rooke,40,Male,Germany
15729574,Lu,71,Male,Spain
15737267,Marcelo,49,Female,France
15799128,Matthews,38,Female,Spain
15813327,Romani,21,Male,France
15711921,Scott,29,Male,France
15654300,Mao,33,Male,Germany
15569945,Horsley,29,Male,Spain
15569666,Goddard,45,Female,France
15681887,Eskridge,33,Male,Germany
15608873,Smith,51,Male,France
15762091,Simpson,22,Female,Germany
15722053,Oguejiofor,33,Male,Spain
15782100,Holloway,22,Male,Spain
15765300,L?,40,Male,Germany
15743570,Feng,34,Female,France
15608541,Claiborne,46,Male,France
15750671,Egobudike,31,Male,Spain
15813659,Folliero,56,Female,France
15757867,Bray,30,Female,France
15652914,Ibrahimov,38,Male,Spain
15723818,Carpenter,37,Female,France
15713819,Walsh,48,Male,France
15656484,Woods,40,Male,France
15778515,Wu,40,Male,France
15803840,Forbes,32,Female,France
15735339,Lynch,39,Male,France
15600392,Amaechi,53,Female,France
15625740,Enriquez,62,Male,Germany
15663817,Y?an,46,Male,France
15734461,Brooks,31,Male,Germany
15780142,Wang,43,Male,France
15709920,Burke,33,Female,France
15684248,Meng,21,Male,Spain
15643158,Chiganu,40,Female,France
15693902,Hunt,19,Male,France
15578307,Lucchese,33,Female,France
15585379,Humphries,39,Male,France
15758510,Frolova,26,Male,France
15692918,Hsing,36,Male,Germany
15705301,Parkes,41,Male,France
15718231,Gregory,28,Male,France
15567991,Obiuto,31,Male,Spain
15772650,Longo,55,Male,France
15574795,Lombardo,38,Female,France
15706036,Lombardo,38,Male,Germany
15723856,Gonzalez,29,Female,France
15812920,Nwabugwu,40,Male,Germany
15691287,Ford,33,Female,Germany
15804797,Gilleland,54,Female,France
15708650,Fullwood,31,Female,France
15712777,Kao,38,Male,France
15786469,Montalvo,34,Female,France
15669219,Wilson,35,Male,Germany
15641004,Doyne,48,Female,Spain
15648067,Onwuamaeze,39,Male,France
15704014,K'ung,37,Male,Germany
15645136,O'Donnell,30,Male,Spain
15709604,McMillan,23,Male,France
15713637,Chinedum,34,Male,France
15793901,Capon,27,Female,France
15569759,Rawling,27,Female,France
15712930,Duncan,42,Male,France
15586504,Trevisani,40,Male,France
15677317,Ankudinova,29,Female,France
15664270,Balsillie,45,Male,Germany
15731519,Kerr,30,Female,France
15745623,Worsnop,32,Male,France
15813862,Yevseyev,66,Male,Spain
15641934,Manna,46,Female,Spain
15713043,Siciliani,33,Female,France
15700749,Powell,39,Female,France
15697567,Bazarova,33,Male,France
15715414,White,38,Female,France
15639530,Buda,42,Male,Spain
15726058,Cattaneo,27,Male,Germany
15725665,Lo,47,Male,France
15698872,Brown,39,Female,Spain
15812184,Rose,31,Female,France
15742609,Lombardo,28,Male,Germany
15815043,McMillan,49,Male,Spain
15640648,Howe,36,Male,France
15627203,Hsu,54,Male,Spain
15786196,Han,44,Female,France
15612095,Calabrese,48,Female,France
15674368,Riley,39,Female,France
15783477,Biryukov,39,Female,Germany
15757559,Broadhurst,53,Female,France
15591036,Genovesi,43,Female,Germany
15761241,Hsieh,36,Female,Germany
15695078,Kemp,32,Male,France
15645744,Chukwudi,30,Female,France
15566988,Iqbal,46,Female,Germany
15749300,Teng,47,Female,France
15594340,Tao,41,Male,France
15607065,Chinedum,34,Male,France
15778089,Stevenson,37,Male,Spain
15773723,Duncan,22,Female,Spain
15697035,Garrett,31,Female,Spain
15679668,Yao,38,Male,Spain
15709861,He,30,Male,Germany
15791958,Mazzi,41,Female,France
15791030,Edwards,33,Female,France
15695339,Lucchesi,53,Male,Germany
15658813,Siciliani,55,Female,France
15715709,Shih,43,Male,Germany
15722533,Logue,40,Female,France
15683118,Rechner,32,Male,France
15672798,O'Brien,45,Female,France
15680112,Stewart,35,Female,Germany
15714575,Batt,44,Female,Germany
15806808,Hope,57,Female,Germany
15590637,Ahmed,41,Male,France
15657535,Pearson,29,Male,Spain
15696141,Kruglov,31,Female,Spain
15811947,Gordon,33,Male,France
15649024,Trujillo,39,Female,France
15594928,Pagnotto,38,Female,Germany
15765532,Horton,76,Male,Germany
15741719,DeRose,40,Female,France
15665629,Chiang,33,Female,Spain
15728917,Gill,48,Male,France
15762993,Trevisano,32,Male,Spain
15571193,Morrison,42,Male,Germany
15653521,Onuora,40,Female,Germany
15802220,Ikenna,35,Male,Spain
15644132,Mancini,30,Female,France
15600832,Moss,43,Female,France
15797919,Ting,37,Male,Spain
15603743,Tai,28,Male,France
15579714,Pan,29,Female,France
15634295,Wilson,35,Male,France
15786680,Bianchi,37,Male,Spain
15623499,Holman,49,Male,Germany
15691823,Obidimkpa,37,Male,France
15809279,Wallace,45,Male,France
15758039,Ash,44,Male,France
15807163,Ku,38,Female,France
15631639,Uspensky,40,Female,France
15713770,Shih,41,Male,Spain
15698167,Kumm,24,Female,France
15781710,Carey,31,Female,Spain
15801296,Farber,37,Female,Germany
15704378,Calabrese,37,Male,Germany
15767891,Findlay,28,Female,Germany
15640667,Yu,41,Female,France
15702145,Edments,33,Male,Spain
15679738,Brown,35,Female,Spain
15636634,Lindon,25,Female,Germany
15809227,Chukwudi,35,Male,France
15601811,Caldwell,53,Female,France
15625494,"Li Fonti",32,Female,France
15723737,Pitcher,27,Male,France
15682955,Capon,32,Female,France
15758856,Kable,45,Male,France
15746065,"Lo Duca",35,Male,Germany
15783865,Kulikova,59,Male,France
15745455,Navarrete,62,Male,Germany
15583033,Huguley,20,Female,France
15644212,Han,28,Male,Spain
15735688,Horsley,31,Female,France
15658577,Massie,37,Female,France
15606887,Singh,30,Female,France
15783026,H?,41,Female,France
15579892,Doyle,19,Male,Spain
15802088,Grant,22,Female,Spain
15589323,Law,24,Female,France
15636395,King,31,Female,France
15712772,Onwubiko,28,Male,France
15700937,Romano,24,Female,Spain
15766659,Okwudilichukwu,33,Male,Spain
15814033,Milano,38,Male,Spain
15783007,Parker,45,Female,Germany
15654183,Aitken,26,Female,France
15609899,Obiora,37,Male,Spain
15747323,Vasilyeva,48,Male,Spain
15582591,Chiabuotu,59,Male,Spain
15738835,Slater,38,Male,Germany
15782404,Hughes,34,Female,France
15697480,Menkens,30,Male,France
15697045,Pisani,35,Female,Spain
15781234,Y?an,35,Female,France
15579891,Milani,52,Male,France
15805690,Chin,35,Female,Spain
15612139,Fu,33,Female,France
15568834,Howells,27,Male,Spain
15709917,Ni,46,Female,France
15718843,Maslova,41,Male,Spain
15799494,Forster,44,Male,Germany
15673439,Sun,50,Female,Spain
15669011,Bocharova,44,Female,France
15581388,Y?an,33,Male,Spain
15743153,Singh,40,Female,Germany
15579787,Nkemakonam,39,Male,France
15759966,Chiemenam,36,Female,Spain
15601045,Angelo,37,Male,Spain
15764021,Frolov,34,Male,France
15687218,West,27,Female,France
15626452,Beatham,32,Male,Spain
15700964,Pollard,27,Female,Germany
15768887,Hsing,26,Male,Spain
15735358,Dowse,46,Male,Spain
15749472,Lucciano,45,Male,France
15685872,Godfrey,29,Female,France
15760851,Gratton,31,Male,France
15734588,Manning,46,Male,France
15784594,Mazzi,37,Female,Germany
15606435,Wall,69,Male,Germany
15790247,Sims,40,Male,Spain
15676433,Allan,36,Female,France
15625905,Griffen,41,Male,Spain
15626414,Russell,44,Male,France
15623220,Brown,45,Female,Spain
15752857,Palerma,52,Male,Germany
15677908,Gilbert,42,Male,Spain
15773013,Uvarov,47,Female,France
15623972,Wisdom,23,Female,Germany
15738627,Hussain,25,Male,France
15643392,Woods,31,Male,France
15684868,Cameron,56,Male,Germany
15627854,Mai,44,Male,Spain
15669253,Gibson,39,Male,Spain
15758023,Grigoryeva,47,Male,Germany
15574558,Gunter,32,Male,Spain
15635256,Arcuri,31,Male,France
15680399,Tung,23,Male,France
15674720,Smith,37,Female,Germany
15580249,Lori,45,Male,France
15675431,Chidimma,34,Female,France
15698285,Ting,41,Female,France
15810775,Tsao,52,Male,Spain
15678173,Collee,35,Male,Spain
15665222,Lettiere,52,Male,Spain
15803908,Fu,45,Male,France
15586039,Bergamaschi,36,Female,Germany
15802570,Dyer,45,Female,France
15781451,Buccho,42,Male,France
15721019,Jones,24,Female,France
15738588,Nebechi,37,Female,Germany
15730657,Ibekwe,41,Female,France
15739292,Gorshkov,31,Male,Germany
15725945,Nweke,42,Female,Spain
15813159,Hairston,52,Male,France
15636820,Loggia,40,Male,Germany
15603880,Morgan,38,Male,Germany
15619494,Abdulov,31,Female,Germany
15596992,Norris,45,Male,Germany
15735025,Clark,37,Male,Spain
15730759,Chukwudi,27,Female,France
15752912,Perkin,30,Female,France
15711316,Ch'ang,27,Male,France
15738785,Kang,26,Male,France
15777896,Chukwudi,33,Female,Germany
15628963,Frolova,43,Male,Germany
15742126,Chiu,38,Male,Germany
15575623,Simpson,31,Female,France
15741652,McLean,37,Male,Spain
15738884,Hu,41,Male,Germany
15615050,Savage,47,Male,Germany
15803005,Wallace,57,Female,Germany
15743498,Winter,52,Male,Germany
15720463,Ho,30,Male,France
15588695,Su,32,Male,Spain
15665802,"Li Fonti",36,Female,Spain
15571144,Ives,28,Male,France
15750731,Trevisani,50,Male,Germany
15605134,Bond,34,Female,France
15626044,Lettiere,28,Male,Germany
15737910,Houghton,35,Male,Germany
15761076,Lei,41,Male,France
15710105,Stirling,26,Female,Germany
15577402,Grant,31,Male,France
15803337,Baresi,23,Male,France
15654372,Pearce,34,Male,Germany
15585867,Rutledge,36,Male,Spain
15662488,Udegbunam,44,Female,France
15604813,Zaytseva,40,Male,France
15611644,Onyemauchechukwu,73,Male,France
15674928,Mullah,37,Male,Spain
15656100,Candler,49,Female,France
15764293,Konovalova,33,Male,France
15636423,Lei,40,Male,France
15607629,Hollis,48,Male,France
15577313,Lionel,44,Male,France
15714493,Francis,33,Female,Spain
15643359,Carter,32,Male,Spain
15687913,Mai,34,Female,Germany
15790935,Johnson,29,Female,France
15708693,Sherman,33,Female,France
15672016,Sabbatini,35,Male,France
15727605,Shih,43,Male,Germany
15651144,Yao,35,Female,Germany
15749401,Ko,60,Male,France
15691874,Kazakova,34,Female,France
15620735,Chiganu,33,Female,Germany
15769781,Nucci,25,Female,Spain
15624611,Marsden,37,Male,Spain
15773071,Serena,33,Female,Spain
15720371,McLean,51,Female,France
15717984,Longo,47,Male,France
15806407,Wilson,37,Female,France
15785042,Hsiung,31,Female,France
15809302,Wright,24,Male,France
15677550,Folliero,38,Female,France
15654096,Johnston,24,Female,Germany
15617320,Palermo,46,Female,Spain
15653065,Nwabugwu,22,Female,Spain
15649112,Endrizzi,33,Female,Spain
15690526,Tuan,31,Male,Germany
15806945,Udobata,30,Female,France
15670066,Ibezimako,34,Male,Spain
15625761,Maclean,41,Male,Germany
15761525,Shaw,31,Female,Spain
15735080,Cummins,64,Female,France
15619537,Lavrentiev,31,Male,France
15598162,Saunders,39,Female,Germany
15694300,Fiorentino,26,Male,France
15637235,Knight,33,Male,Spain
15612444,Manfrin,29,Male,France
15626457,Zetticci,31,Male,France
15627995,Angelo,26,Female,Germany
15706128,Zhdanov,21,Female,France
15666430,Peck,38,Male,France
15627385,Uwaezuoke,34,Male,France
15581323,White,28,Female,Germany
15608109,Greco,58,Male,Germany
15801942,Chu,41,Female,Spain
15567431,Kodilinyechukwu,64,Male,France
15810167,Scott,75,Male,Spain
15644501,Enyinnaya,26,Female,France
15785290,Hao,29,Male,France
15611157,McElhone,32,Female,France
15673837,Ko,61,Male,Spain
15656822,Day,43,Male,Germany
15580560,Harris,73,Female,France
15760641,Gerald,26,Male,Germany
15587584,Nebeuwa,31,Male,Spain
15604146,Kaodilinakachukwu,38,Female,Germany
15813974,Maruff,37,Male,Germany
15746986,Howe,40,Female,Germany
15759741,Knepper,34,Female,Germany
15734892,Fennell,37,Male,Spain
15797194,T'ao,39,Male,France
15723786,Morris,37,Female,France
15642726,Holmes,53,Male,France
15664339,Yu,48,Male,Spain
15754526,Walker,36,Male,Germany
15703037,Edwards,37,Male,France
15751412,Harvey,36,Male,France
15609558,McDonald,47,Female,Germany
15572408,Chambers,39,Male,Germany
15613923,Reed,43,Female,Spain
15747000,Shih,27,Male,France
15731781,Onyemachukwu,43,Male,France
15727198,Teng,28,Female,Germany
15794273,Hand,56,Female,France
15804950,Onyemauchechukwu,41,Female,France
15576304,Bailey,29,Male,France
15645200,Chiang,54,Female,Germany
15779627,Maclean,31,Male,Germany
15750755,Yobachi,33,Female,Spain
15569654,Munro,31,Female,Germany
15753079,Chidi,41,Male,France
15684995,Chamberlain,49,Male,Spain
15790763,Trujillo,49,Female,Spain
15766458,Tang,33,Male,France
15616221,Wilson,29,Female,France
15776124,Mann,51,Male,Spain
15665811,Parry,33,Male,France
15729804,Manfrin,34,Male,France
15714062,Millar,40,Female,France
15592197,Simmons,30,Male,Spain
15793116,Beneventi,40,Female,Germany
15638231,Chung,62,Female,Spain
15697678,Maxwell,36,Male,Germany
15800412,Dale,35,Male,Germany
15597610,Stevens,41,Male,Spain
15726634,Wei,47,Male,France
15670866,Chiu,31,Male,France
15667462,Duncan,43,Male,Spain
15662574,Brady,37,Male,Spain
15716926,Macleod,33,Male,France
15603554,Berkeley,45,Female,France
15716800,Kaur,31,Male,France
15679429,Bell,32,Male,France
15616122,Nwokike,39,Male,France
15742172,Williamson,32,Male,Germany
15792305,Mountgarrett,46,Male,Germany
15636016,Wreford,34,Female,France
15733138,Paterson,42,Male,Germany
15669741,Hou,36,Male,France
15616954,Smith,71,Male,France
15729238,Peng,48,Male,Germany
15718242,Wollstonecraft,47,Female,Germany
15682914,Bolton,34,Male,France
15654274,Corrie,37,Male,France
15691457,Boyle,36,Male,Spain
15719649,Lambie,38,Male,France
15778897,Cartwright,28,Female,France
15589437,Lu,26,Male,France
15682369,Pisano,47,Male,France
15626507,Chukwubuikem,27,Male,France
15571995,Harper,33,Female,Germany
15673333,Wilson,52,Male,Germany
15748752,Ch'in,33,Male,Germany
15725302,Streeton,20,Female,Spain
15722083,Ch'ang,39,Male,Spain
15771442,Pennington,40,Male,France
15803633,T'ien,46,Female,France
15672185,Liu,47,Male,France
15806486,Cunningham,48,Female,France
15570895,Ch'in,42,Male,France
15614520,Smith,37,Female,France
15687492,Anderson,32,Male,Germany
15675337,Forbes,34,Female,Germany
15721047,Ansell,37,Male,Germany
15589017,Chiu,55,Male,Germany
15611186,Yevdokimova,37,Male,France
15617301,Chamberlin,36,Male,Germany
15726046,Johnston,27,Female,France
15585748,McDonald,28,Female,Germany
15672826,Chen,32,Female,France
15595162,Cattaneo,35,Female,Spain
15650026,Barclay-Harvey,44,Male,France
15745826,Dawson,37,Male,France
15708610,Costa,44,Male,Germany
15624471,Chikwado,37,Male,France
15590097,Ch'eng,33,Female,Spain
15689328,Harrison,48,Male,Germany
15582154,Crawford,45,Female,France
15734626,Gibson,36,Female,Spain
15702806,Martin,24,Male,Spain
15620756,Stokes,49,Male,France
15611331,Niu,46,Female,France
15576935,Ampt,43,Male,Spain
15661275,Wynn,52,Male,Germany
15814940,Lawrence,33,Female,Spain
15768471,Wagner,54,Female,Germany
15697391,Argyle,34,Female,Spain
15793346,Ofodile,72,Female,France
15608338,Chiemenam,55,Female,Spain
15578546,Akobundu,26,Male,Germany
15656921,Locke,31,Male,France
15761340,Bullen,22,Male,France
15591135,Forster,37,Male,France
15623219,Smith,33,Male,France
15655229,Craig,35,Female,Germany
15805884,Archer,41,Female,France
15668289,McWilliams,32,Male,Spain
15568562,Moss,40,Male,France
15773276,Townsend,63,Male,Spain
15622801,Brown,27,Female,France
15779886,Munson,24,Male,Spain
15713673,T'ien,33,Female,France
15783083,Shubin,27,Male,France
15742824,Isayeva,42,Male,Germany
15621550,Hung,50,Female,Spain
15799480,Webb,34,Male,France
15625247,Scott,34,Female,France
15755241,Rahman,52,Female,France
15575679,Lori,24,Male,France
15668235,Cooke,41,Female,France
15683183,Volkova,45,Female,Germany
15684592,Lamb,42,Male,Spain
15591169,Hawes,49,Female,Germany
15653455,Smith,38,Female,France
15732563,Swanton,33,Female,Germany
15656471,Mitchell,33,Male,France
15598510,Colombo,27,Male,Germany
15766427,Shaw,52,Male,Germany
15785342,Shipp,25,Male,France
15641595,Jonathan,43,Male,Spain
15798429,Hernandez,29,Male,France
15648136,Green,28,Female,Germany
15812482,Young,27,Male,France
15790810,Han,41,Female,France
15687421,Highland,67,Male,Spain
15765643,Hamilton,37,Male,France
15654878,Yobanna,29,Male,France
15686835,Crawford,57,Female,Germany
15768340,Beavers,19,Female,Germany
15673599,Williamson,32,Male,Spain
15689096,Beneventi,47,Male,France
15684294,Chidumaga,50,Male,France
15615828,Mitchell,34,Male,France
15746012,Chibugo,28,Female,Spain
15615797,Hyde,59,Male,Germany
15788494,Alekseeva,31,Male,France
15793856,Abdulov,36,Female,Spain
15629545,Buckley,41,Female,Spain
15661198,Howard,34,Male,Germany
15715117,Peel,39,Female,France
15701074,Herz,35,Male,Germany
15793046,Holden,35,Female,France
15623744,McLean,34,Male,France
15611329,Findlay,35,Female,Spain
15740428,Wyatt,35,Female,France
15781534,Rapuluolisa,35,Female,Germany
15618243,Buckland,43,Female,Spain
15784161,Hargreaves,39,Male,Germany
15700325,Onyeoruru,24,Female,France
15659064,Salas,37,Male,Spain
15658364,Laney,40,Female,Germany
15704340,Fu,37,Female,France
15793455,Tien,55,Female,Spain
15579777,Sazonova,41,Male,France
15632345,Tuan,35,Female,France
15814468,Wei,50,Male,Germany
15754820,Bergamaschi,35,Male,Germany
15707505,Taylor,31,Male,Spain
15699507,Messersmith,25,Female,France
15799600,Coles,48,Male,Germany
15794472,Brookes,27,Female,France
15646632,Reid,38,Male,France
15676353,Etheridge,35,Male,France
15566312,Jolly,42,Female,Spain
15570414,Chizoba,41,Male,Spain
15776743,Eberegbulam,43,Male,France
15674637,Pagnotto,68,Female,France
15730418,Lucchesi,32,Female,France
15739972,Hughes,45,Female,Germany
15661591,Panicucci,39,Male,Germany
15675585,Burns,25,Female,Germany
15814750,Ricci,34,Male,Spain
15593454,Lambert,40,Female,Spain
15663421,Esposito,28,Male,Spain
15576196,Benson,48,Female,Spain
15677324,Botts,73,Male,Germany
15568742,Parkes,41,Female,France
15693764,Mai,52,Male,Spain
15714260,Castiglione,38,Female,France
15798200,Manna,35,Male,France
15656627,Lin,34,Male,France
15791111,Fink,47,Female,France
15638269,Baresi,67,Male,France
15807473,Morehead,38,Male,France
15708534,Afamefuna,64,Female,Spain
15640686,Greco,46,Male,France
15588904,Balashova,33,Male,France
15768763,Bogdanov,37,Male,France
15770543,Lowe,37,Male,France
15642162,Ponce,35,Male,Germany
15714046,Trevisano,33,Male,Spain
15575060,Gardner,24,Male,France
15812040,Lorenzo,36,Male,France
15812073,Palmer,31,Female,France
15706810,Zuyeva,32,Female,Germany
15584090,Jen,40,Female,Spain
15810807,Alekseeva,43,Female,France
15582033,Manfrin,44,Male,Germany
15687607,Chiemenam,30,Female,France
15588406,Chiemenam,37,Female,Spain
15784099,Clark,38,Female,France
15701352,Fanucci,28,Female,Spain
15789371,Cattaneo,41,Female,Germany
15602845,Udinesi,41,Male,Germany
15707918,Bentley,36,Female,Germany
15602812,Holmes,44,Female,Germany
15675888,Austin,33,Female,Spain
15591822,Mackenzie,26,Male,Spain
15738501,Booth,48,Male,Germany
15585907,Collier,30,Female,Spain
15579040,Hs?,46,Female,France
15804211,Oluchukwu,36,Male,France
15736126,Sung,55,Male,Germany
15745399,Marino,49,Female,Spain
15760749,Vinogradov,41,Male,Spain
15637118,Burns,33,Male,France
15657829,Fanucci,30,Male,Germany
15738497,Chukwujamuike,44,Male,Spain
15690695,Flynn,33,Female,France
15762351,Chao,63,Female,Spain
15791172,Yeh,21,Female,Germany
15598982,Klein,53,Female,Germany
15734765,Mahmood,20,Female,France
15642912,Tu,21,Female,France
15769516,Shcherbakov,42,Female,France
15789379,Zetticci,26,Male,France
15695103,Carr,37,Male,Spain
15801924,Browne,27,Female,Spain
15767804,Feng,44,Male,France
15718039,Ferguson,47,Female,Germany
15579994,Shaw,23,Male,France
15595037,Palermo,47,Male,France
15600720,Moore,41,Male,Spain
15782608,Huang,43,Male,France
15566894,Gray,39,Male,France
15749123,Sokolova,45,Male,Spain
15668943,Henderson,37,Male,France
15577423,Mosley,39,Female,Germany
15623102,Nnaemeka,38,Male,Spain
15728012,Everett,40,Female,Spain
15683363,Goddard,39,Male,Spain
15699335,Kuo,33,Female,Germany
15574369,Bianchi,53,Male,Spain
15703167,Rouse,45,Female,France
15754874,Nwoye,26,Male,France
15723216,Greco,33,Male,Germany
15725094,Fang,37,Female,France
15647974,Chiemenam,44,Female,France
15583371,Artemiev,37,Male,Spain
15772559,Burrows,47,Female,France
15711251,Chizuoke,45,Male,France
15719212,T'ien,33,Male,France
15764927,Rogova,92,Male,France
15731412,Trevisano,37,Female,Germany
15719170,Sagese,30,Female,France
15596011,Artyomova,34,Male,Spain
15614834,Long,31,Female,Spain
15600510,Hsueh,37,Female,Spain
15625706,White,45,Male,Germany
15781409,Lazarev,28,Female,France
15722583,Benjamin,29,Female,Spain
15677243,Wan,43,Male,Spain
15815070,Romano,44,Female,Germany
15705899,Craig,35,Male,Spain
15701522,Yermolayeva,29,Female,France
15755978,Tseng,31,Male,France
15722090,Tseng,51,Male,Spain
15783526,"Le Hunte",36,Male,France
15632125,Blake,45,Male,Germany
15688395,Lane,29,Male,France
15666975,Sparks,36,Female,France
15682211,Tu,57,Male,France
15637411,Tochukwu,30,Male,France
15591512,Whittaker,33,Female,Germany
15606855,Wang,26,Male,Spain
15763683,Northern,32,Male,Germany
15641782,Humphries,31,Female,France
15677184,Cremonesi,35,Female,France
15775042,Ku,23,Female,France
15616630,Tobenna,41,Female,Germany
15800233,Okwuadigbo,40,Female,France
15588419,Johnston,34,Female,Germany
15595557,Li,22,Male,France
15626143,Talbot,37,Male,France
15566030,Tu,41,Male,Germany
15701412,T'ien,40,Male,France
15702464,Ross,34,Female,France
15573348,Maclean,35,Male,France
15704160,Wan,49,Male,Spain
15693704,Tsou,24,Female,France
15664752,Jack,39,Male,Germany
15628292,Lucchesi,32,Male,France
15621195,Ch'eng,41,Male,Germany
15668629,Saunders,44,Male,Spain
15635197,Glover,26,Male,Germany
15592761,Tung,40,Male,France
15574283,Padovano,31,Male,France
15598097,Johnstone,44,Male,France
15711352,Endrizzi,31,Female,France
15620751,Secombe,34,Male,France
15656717,Elewechi,30,Female,France
15643121,Chu,35,Female,Germany
15723671,Lucciano,35,Male,France
15752846,Pinto,28,Male,France
15640852,McGregor,39,Female,Germany
15789313,Ugorji,44,Female,Germany
15793688,Bancks,50,Male,France
15770405,Warlow-Davies,27,Female,France
15702561,Dale,32,Male,France
15625964,Buckley,43,Female,France
15761364,Nkemjika,30,Male,France
15590286,Fairley,40,Female,France
15587978,Boothby,37,Female,Germany
15773242,Chukwuhaenye,32,Male,France
15761053,Lock,48,Male,Germany
15702095,Clarke,56,Female,Spain
15764253,Ramsey,32,Male,France
15700801,Eipper,42,Male,Germany
15730590,Ko,40,Female,Germany
15643916,Munro,46,Male,Spain
15720636,McGregor,50,Female,France
15795429,Henderson,24,Male,France
15609254,Fernandez,41,Female,Spain
15625141,Porter,26,Male,Spain
15810898,Pan,65,Female,France
15775797,Esposito,32,Female,Spain
15795246,Kaeppel,51,Female,Germany
15795275,Lamb,49,Female,Spain
15571869,Lei,50,Female,Germany
15694143,Conti,41,Female,France
15748231,Hargreaves,35,Male,Germany
15632185,Yermolayev,42,Female,France
15806249,Kerr,31,Female,Spain
15743293,Waters,35,Female,Germany
15598157,Onyeorulu,34,Male,France
15700946,Kolesnikova,34,Female,France
15722692,Kazakova,38,Male,France
15696506,MacDonald,27,Male,Spain
15728823,Sharwood,37,Female,Spain
15808851,Bufkin,75,Female,Germany
15675231,Nwankwo,45,Female,France
15732299,Boniwell,67,Male,France
15706269,Willis,47,Female,France
15590078,Burns,27,Male,Spain
15776985,Kung,36,Female,France
15756743,Howells,37,Female,France
15782364,Bevan,39,Female,Spain
15604093,Neitenstein,34,Male,France
15749328,Johnson,45,Female,France
15656322,Sandover,33,Male,Germany
15685564,Nnamutaezinwa,35,Male,Spain
15785831,Sinclair,35,Male,France
15796218,Wei,29,Male,Germany
15716218,Higgins,45,Female,France
15572735,Chang,27,Male,Spain
15633840,Henderson,20,Male,France
15608760,Cox,30,Female,France
15627848,Tsui,38,Male,France
15792029,Lee,32,Male,France
15617331,Sergeyeva,39,Female,Germany
15651740,Napolitani,30,Female,Spain
15636407,Beatham,34,Female,Germany
15607526,Lu,50,Male,Germany
15632576,Yashina,31,Male,France
15581505,Bales,35,Male,France
15612207,Hill,51,Female,Germany
15707242,Ibeamaka,40,Male,Spain
15721937,Romilly,38,Male,France
15773852,Hayes,38,Male,Germany
15719778,Chiu,32,Female,France
15650538,Sun,48,Female,Germany
15797475,Brennan,44,Male,France
15780359,Storey,25,Male,Germany
15737104,Lawson,47,Female,Germany
15789936,T'ao,33,Female,France
15709523,Yao,30,Female,Germany
15593425,Bracewell,54,Female,Spain
15776725,Kerr,54,Male,Germany
15604706,Blake,38,Male,Germany
15790958,Sanders,38,Male,Spain
15747534,Torkelson,46,Male,France
15574237,Hsueh,21,Female,France
15690332,Wang,35,Male,Germany
15661290,Hightower,38,Female,Germany
15651883,Genovesi,55,Female,Germany
15808905,Levan,37,Male,France
15715532,Lai,38,Male,Germany
15786078,Loginov,28,Female,France
15652401,Lafleur,36,Female,France
15673074,Obidimkpa,30,Female,Germany
15598744,Ch'ang,71,Female,Germany
15785975,Mason,60,Female,Spain
15613180,Miranda,21,Male,Germany
15584229,Simon,23,Female,Germany
15773804,Golubeva,39,Male,France
15699515,Manfrin,33,Male,Germany
15705313,Stange,33,Female,France
15693817,Ferrari,28,Male,Spain
15673790,Taylor,45,Male,Germany
15674868,Wei,30,Female,Spain
15692110,Ch'eng,33,Female,France
15645904,Parsons,33,Female,France
15581332,Pan,30,Female,Germany
15808544,Cameron,40,Female,France
15734948,Igwebuike,24,Male,Spain
15654531,Tuan,22,Male,France
15637774,Fraser,32,Male,France
15677141,Turnbull,29,Male,Spain
15739578,Chiazagomekpere,49,Male,France
15697360,Yudina,36,Female,France
15655213,Udinese,51,Female,Germany
15580872,Chinweike,38,Female,Germany
15683213,Bergamaschi,35,Female,France
15801188,Milliner,47,Female,France
15645029,Knowles,33,Female,Spain
15633181,Swinton,31,Male,France
15598259,Gregory,41,Female,Germany
15576000,Chibueze,40,Male,France
15766047,Sukhorukova,41,Female,France
15596339,French,54,Male,France
15715199,Estrada,27,Male,Spain
15615938,Fleming,64,Female,France
15679991,Kennedy,28,Female,France
15626135,Combes,34,Male,France
15792934,Carruthers,26,Male,France
15744046,Andrejew,33,Male,Spain
15700826,Ko,54,Female,Germany
15756301,Daniels,29,Female,Germany
15586517,Toscano,32,Male,France
15751297,Wilson,36,Male,France
15710365,Thomson,50,Male,France
15679307,Kazantseva,43,Female,France
15610753,Cremonesi,28,Male,France
15811036,Ferri,46,Male,France
15610912,Ferri,41,Female,Spain
15619932,Lombardi,66,Male,France
15746199,Eluemuno,41,Female,France
15584967,Chiganu,57,Male,Spain
15734365,Hsueh,39,Male,France
15726960,O'Brien,36,Female,France
15665177,Booth,44,Male,France
15779915,O'Loghlin,31,Male,Spain
15729110,Lavrov,42,Female,Spain
15575399,Somadina,42,Female,France
15678374,Colombo,59,Female,France
15792679,Troupe,24,Male,France
15668767,Kenenna,36,Male,France
15761886,Franklin,36,Male,France
15583076,Deleon,41,Male,Germany
15815615,Kung,36,Male,France
15591942,Zito,33,Female,Spain
15724924,Giordano,37,Female,France
15762123,Davide,34,Female,Spain
15567893,Lei,33,Male,Germany
15648989,Moss,37,Male,France
15662021,Lucciano,42,Female,Spain
15691627,Tai,37,Female,France
15731751,Osinachi,26,Female,France
15635277,Coates,47,Male,Spain
15655252,Larionova,41,Male,Germany
15803941,Seleznev,46,Male,France
15714380,Butcher,38,Male,France
15666559,Gould,23,Male,Germany
15799998,Cunningham,30,Female,France
15703763,Sanderson,44,Male,France
15795640,Mai,35,Female,Germany
15780056,Reid,33,Male,Spain
15777873,Downer,31,Female,France
15584749,Humphries,39,Male,Germany
15765258,Bochsa,29,Female,France
15623346,Czajkowski,36,Male,France
15614054,Pankhurst,36,Male,France
15766185,She,31,Male,Germany
15667632,Birdseye,42,Female,France
15599024,Hope,32,Male,Spain
15798709,Gill,32,Male,Spain
15741921,Moon,26,Female,Spain
15793671,Watt,34,Male,France
15797900,Chinomso,56,Male,France
15667932,Bellucci,43,Female,Spain
15795933,Barese,49,Female,France
15660403,Fleming,35,Female,Spain
15736299,Bell,36,Female,France
15759034,"Li Fonti",36,Male,France
15724663,Christmas,36,Female,Spain
15594556,Chuter,52,Male,Spain
15737169,Johnson,26,Male,Spain
15632472,Scott,32,Female,Spain
15722813,Byrne,30,Male,Spain
15588450,Chukwudi,60,Female,France
15736717,Ma,31,Male,France
15680683,Simmons,29,Male,Spain
15710316,Fang,48,Female,Spain
15746333,Blake,57,Female,France
15606861,Tien,34,Male,France
15641285,Yusupova,50,Male,Spain
15662908,Davidson,38,Male,Germany
15814267,Zhdanova,22,Male,France
15614923,Nielson,41,Male,Spain
15579223,Niu,30,Male,Germany
15651389,Kay,24,Male,Spain
15677087,Green,39,Female,France
15665784,She,27,Male,France
15576706,Ajuluchukwu,37,Male,Germany
15615473,Sabbatini,33,Female,France
15587299,Board,48,Female,France
15655389,Leckie,41,Male,France
15784491,Ho,31,Female,France
15809999,Gordon,41,Female,France
15681115,Iroawuchi,39,Male,Spain
15629390,Liao,37,Male,France
15792668,Hamilton,37,Male,Germany
15583863,Chimaobim,49,Male,Germany
15681878,Fan,45,Male,Germany
15782875,Cayley,33,Male,France
15732235,Kuykendall,64,Male,France
15735909,McDonald,39,Female,Germany
15653448,Duncan,34,Male,France
15587647,Browne,66,Female,Germany
15701037,Barton,39,Male,France
15727499,Boyle,36,Female,Germany
15724838,Moretti,43,Female,France
15666711,Ukaegbulam,46,Female,France
15588933,Nwankwo,36,Female,France
15763111,Niu,67,Female,Spain
15805676,Hsu,29,Male,Spain
15586674,Shaw,58,Female,Spain
15744553,Ho,34,Male,France
15776629,Christie,39,Female,France
15647207,Onwuemelie,26,Male,France
15715638,Ch'ang,77,Male,Germany
15750602,Clendinnen,29,Male,France
15766810,Onyemauchechi,51,Female,Germany
15756625,Crawford,41,Female,France
15639552,Mellor,40,Female,Germany
15633213,Rizzo,50,Male,Spain
15610416,Christie,36,Female,France
15715208,Watkins,33,Female,Germany
15619608,Ojiofor,50,Female,Germany
15628697,Tung,46,Male,Spain
15643826,McKay,32,Male,France
15718588,Meng,37,Female,France
15709741,Hussain,28,Male,France
15723318,Mactier,55,Female,France
15717328,Hsueh,37,Female,France
15771299,Nnachetam,57,Female,France
15706223,Barnes,38,Male,Spain
15612358,Christie,35,Male,Germany
15769191,Lipton,55,Male,France
15618816,Yu,40,Female,Germany
15730810,Storey,44,Male,Spain
15783463,Read,26,Female,France
15616213,Levy,51,Female,Germany
15611287,Chiu,30,Female,France
15786454,Moore,55,Male,Spain
15768682,Amies,39,Male,Spain
15766172,Tsao,34,Male,France
15637646,Rowley,31,Male,France
15653404,Aliyev,24,Female,Spain
15690546,Riley,42,Female,France
15735636,Toscano,53,Female,France
15605424,Oluchukwu,38,Male,Spain
15568449,Fu,38,Male,Spain
15688085,Warner,28,Female,Spain
15683483,Fleming,38,Male,Spain
15659567,Ch'iu,39,Female,France
15766667,Langler,36,Male,Spain
15624975,Angelo,28,Male,Spain
15660878,T'ien,92,Male,France
15586557,Milani,41,Male,France
15746183,Pye,27,Female,France
15631457,Asher,37,Male,France
15754053,Chung,67,Female,France
15645839,Yudin,37,Male,France
15689955,Arcuri,40,Female,France
15593510,Capon,33,Female,Germany
15654964,Piccio,48,Male,Spain
15594039,Lung,42,Male,Spain
15625929,Trevisan,44,Female,France
15815295,John,38,Female,France
15621818,Anayolisa,29,Male,Germany
15652700,Ritchie,39,Male,France
15636860,Ch'eng,43,Male,France
15569432,Macleod,48,Female,France
15751455,Boyle,48,Female,France
15800583,Chukwuemeka,43,Female,Spain
15770214,Bryant,27,Female,France
15613463,Hackett,50,Female,Germany
15587066,Kovaleva,38,Male,France
15693752,Reed,37,Male,France
15714874,Major,42,Female,France
15657809,Lo,55,Male,France
15651955,Hanson,31,Male,France
15570912,Ogbonnaya,32,Female,Germany
15640266,Windsor,41,Male,Spain
15652069,Calabrese,30,Male,France
15596074,Keating,37,Male,France
15800268,Costa,37,Male,Germany
15809847,Tan,46,Male,France
15599074,Ma,40,Female,Spain
15599591,Martin,39,Female,Germany
15776096,Halpern,34,Male,Spain
15611669,Nyhan,50,Male,Germany
15694098,Jackson,54,Female,France
15713347,Reynolds,48,Male,Spain
15713094,Tai,25,Female,France
15811978,Trevisani,46,Male,Germany
15799925,Uwakwe,60,Male,France
15692575,Kerr,38,Male,France
15743149,Findlay,35,Female,France
15776947,Ugorji,43,Male,Spain
15700656,Balashova,32,Male,France
15594515,Cheng,44,Female,France
15787884,Martin,30,Female,France
15577988,Skinner,35,Female,France
15795586,McDonald,35,Male,France
15677739,Dellucci,36,Male,France
15720134,Reynolds,30,Male,Germany
15688868,Birdsall,26,Female,France
15642996,Tsai,42,Female,Germany
15771222,Oguejiofor,42,Female,France
15605059,Mackie,63,Male,Germany
15568088,Jamieson,44,Male,Germany
15665943,Mai,25,Male,France
15795571,Patterson,36,Male,Spain
15662243,Taylor,50,Male,France
15593128,Vinogradoff,56,Female,France
15589739,North,41,Male,France
15787602,Carter,39,Male,Spain
15685019,Graham,29,Male,France
15704209,Noble,39,Female,France
15605264,Walker,47,Male,Germany
15708265,Chibugo,24,Female,Spain
15740264,Yobachi,38,Male,France
15615477,Ignatyeva,44,Female,Spain
15727361,Chiemela,51,Female,France
15760216,Pokrovskaya,49,Female,France
15806134,Storey,34,Male,Germany
15601351,Moroney,43,Male,France
15669262,Maslov,43,Male,France
15696989,Chukwueloka,52,Female,Germany
15688498,Chu,21,Female,Germany
15686964,Spence,34,Female,France
15625035,Mills,50,Male,France
15618391,Doyle,33,Male,France
15591344,Donnelly,42,Male,Spain
15605455,Tai,40,Male,France
15680804,Abbott,29,Male,France
15768282,Perez,36,Male,Germany
15685826,Hsiung,30,Male,France
15793491,Cherkasova,26,Male,Germany
15797787,Denisov,36,Male,France
15611171,Fowler,33,Male,France
15601627,Siciliano,33,Male,France
15734085,Crocker,24,Male,Germany
15809309,Longo,40,Female,Spain
15809462,Polyakova,30,Male,France
15634628,Brown,33,Female,France
15775678,Uspensky,44,Female,France
15579526,O'Meara,42,Male,France
15779103,Cantamessa,39,Female,Germany
15738715,Alexander,37,Female,France
15593943,Chinagorom,43,Female,France
15754574,Tomlinson,36,Male,Spain
15737814,Lo,41,Male,France
15670889,Nwachukwu,34,Male,France
15629299,Yang,52,Female,Germany
15771569,Bage,46,Male,Germany
15811927,Marcelo,38,Female,France
15785654,Ofodile,45,Male,Germany
15665524,Savage,41,Male,Spain
15736287,Piccio,33,Male,France
15765732,Simmons,24,Female,Spain
15797381,DeRose,48,Female,Germany
15598536,Onuchukwu,26,Female,Germany
15664506,Goodwin,32,Male,Spain
15575619,Teakle,32,Female,Spain
15587394,Thomson,39,Male,France
15654457,Cross,30,Female,Spain
15762793,Jones,36,Female,Germany
15658067,Walker,48,Female,Germany
15642816,"De Salis",27,Female,France
15693088,Oliver,37,Female,France
15793883,"Lo Duca",28,Male,France
15665283,Brookes,57,Female,France
15680421,Challis,42,Female,France
15695148,Ibeabuchi,37,Female,Spain
15636592,Iroawuchi,35,Male,France
15772618,Tyler,25,Male,France
15724453,Fan,23,Male,France
15565878,Bates,29,Male,Spain
15609160,Marsden,32,Male,France
15678460,Dodgshun,30,Male,France
15662571,Maclean,35,Male,France
15606849,Blackall,27,Female,France
15670738,Mazzanti,45,Male,Germany
15662641,Amadi,19,Male,France
15727539,Schoenheimer,31,Female,France
15651020,Fiorentino,25,Female,France
15673877,Murray,39,Male,France
15760865,Fan,48,Female,Germany
15705009,Cartwright,56,Female,France
15657540,Cremonesi,50,Male,France
15707441,White,26,Male,Spain
15694765,Sabbatini,49,Male,Germany
15649086,Patterson,42,Male,France
15650488,Bromley,48,Female,France
15760924,Doherty,41,Male,Spain
15700263,Ifeatu,66,Male,France
15806922,Bergamaschi,41,Female,Spain
15637522,Shubina,31,Female,France
15636548,Lung,44,Male,Spain
15566891,Kinder,41,Female,Germany
15627185,Terry,29,Male,Germany
15754012,Shepherdson,35,Female,France
15627514,Short,46,Female,Spain
15661433,Zetticci,34,Male,France
15610653,Belov,38,Female,Spain
15667002,Knight,43,Male,Spain
15709199,Burson,40,Female,Spain
15710087,Nicholls,54,Female,Germany
15679884,Hs?eh,48,Male,France
15784180,Ku,36,Female,France
15808849,T'ien,40,Male,France
15751549,H?,31,Male,Germany
15588235,Vasilieva,24,Female,France
15640418,Omeokachie,41,Female,Germany
15721116,Napolitano,24,Male,Spain
15599084,Hopwood,33,Male,France
15773394,Bergamaschi,38,Male,France
15625713,Lindeman,39,Female,Spain
15766417,McKinley,60,Female,France
15622578,Sergeyev,34,Male,France
15799924,Sanchez,43,Male,Spain
15618363,Muomelu,29,Male,Germany
15637138,Murray,34,Male,France
15781665,Ibekwe,37,Female,France
15804853,McVey,48,Female,France
15651627,White,39,Male,Germany
15680685,Patterson,30,Male,France
15808930,Mai,37,Female,France
15570970,Han,42,Female,France
15679961,Davidson,46,Male,Spain
15705458,Parkin,39,Male,Spain
15750396,McKissick,33,Male,France
15679928,Horsfall,31,Female,France
15711181,Clapp,50,Female,France
15698324,Azikiwe,33,Female,France
15807433,Zubarev,43,Female,France
15636590,Pisano,46,Male,France
15628950,Coates,25,Male,Germany
15617206,Trentino,42,Male,Germany
15603741,MacDonnell,40,Male,Spain
15742607,Ermakov,36,Male,Germany
15747821,K?,31,Female,Germany
15612043,Hammonds,36,Male,France
15809558,Peppin,31,Male,Spain
15803750,Ball,33,Female,Spain
15704681,Yeh,37,Male,Germany
15667392,L?,38,Female,Spain
15738889,Shih,42,Male,France
15598838,Greco,37,Female,France
15579109,Napolitano,35,Male,Germany
15799042,Zaytseva,38,Male,France
15697042,Genovesi,35,Male,Spain
15696605,Angelo,49,Male,France
15802274,Waters,44,Female,France
15596808,Maclean,33,Male,Spain
15705403,Seleznyova,46,Female,Spain
15732903,Fontenot,39,Male,France
15581968,Reid,33,Female,France
15683892,Fraser,26,Female,Germany
15595447,Tuan,39,Male,Spain
15569249,Howarth,55,Female,France
15656188,Davis,30,Female,Spain
15689661,Gorbunov,22,Male,France
15644934,Gentry,26,Male,France
15721793,Chiu,50,Female,Germany
15687413,Sunderland,38,Female,Spain
15761286,Fan,66,Female,Germany
15658240,Parry,44,Female,France
15706232,Niu,52,Male,France
15583394,Zuyev,39,Male,Germany
15715643,Ijendu,44,Male,France
15644856,Bird,38,Male,Spain
15785488,Palmer,39,Female,Spain
15711571,Y?,42,Male,Spain
15778604,Nicholson,47,Female,France
15751180,Adams,40,Female,France
15748360,Cocci,34,Female,Germany
15770039,Kuo,39,Male,Germany
15685096,Trevisani,50,Female,France
15669501,Kuo,35,Male,France
15622631,H?,44,Male,France
15586699,Thomson,32,Male,France
15702377,Knorr,48,Male,Spain
15577170,Manfrin,60,Male,France
15769451,Hayes,44,Female,France
15811877,Shao,36,Female,France
15648725,Sinclair,41,Male,France
15752801,Bradshaw,29,Male,Germany
15808175,Castiglione,39,Female,France
15681342,Hurst,35,Female,France
15589210,Adamson,24,Female,France
15696826,James,32,Female,France
15614962,Pavlova,50,Female,Spain
15689061,Davey,68,Male,France
15640074,Barrett,47,Female,Spain
15776156,Dolgorukova,27,Male,France
15739548,Johnson,28,Male,France
15662854,Manna,48,Male,Germany
15687688,Hou,32,Female,Germany
15715750,Okeke,44,Female,Germany
15571121,Kodilinyechukwu,50,Female,France
15726466,Esposito,43,Male,France
15660390,Boyle,33,Female,France
15663942,Hsiung,38,Female,France
15638610,Kennedy,65,Female,Germany
15644446,Norton,28,Female,France
15585892,Zakharov,35,Female,France
15609356,Chimaraoke,25,Female,France
15803378,Small,44,Male,Spain
15599440,McGregor,34,Female,France
15692408,Brown,35,Female,Spain
15683168,Frederickson,30,Female,France
15790254,Wood,50,Male,Spain
15767729,Smith,25,Male,Spain
15768600,Harris,50,Male,Germany
15699839,Hall,36,Male,France
15786237,Pickworth,28,Male,France
15694530,Porter,28,Male,France
15796813,Storey,54,Male,France
15605791,Li,29,Male,Germany
15714087,McGill,45,Female,Germany
15711446,Sinclair,51,Female,Spain
15588123,Horton,27,Female,France
15748552,Sal,37,Male,Germany
15618410,Murray,26,Male,Germany
15672432,Giles,53,Female,France
15610042,Brown,33,Male,France
15580914,Okechukwu,48,Male,Spain
15583680,White,41,Male,Spain
15813718,Kirillova,45,Male,Spain
15767264,Lawson,53,Male,Germany
15686461,Sarratt,56,Female,France
15678882,Hay,37,Male,Germany
15789611,Lin,46,Male,Germany
15668679,Ozerova,31,Male,France
15631685,Lambert,60,Male,Germany
15655658,Bulgakov,48,Female,France
15753591,He,38,Male,France
15617348,Uchechukwu,44,Male,France
15704581,Robertson,34,Male,Germany
15738487,Leworthy,26,Male,France
15648069,Onyemachukwu,36,Female,France
15737627,Rivero,20,Female,Germany
15731586,Lai,31,Female,Spain
15757467,Feng,57,Male,Spain
15597709,Hornung,39,Female,France
15720529,Schiavone,29,Male,France
15596797,Barnet,43,Male,Spain
15681755,Dennys,32,Female,France
15815271,Ritchie,43,Male,Germany
15682860,Lo,38,Male,Spain
15621546,Yuriev,33,Female,France
15705918,Howarth,31,Male,France
15684512,Gibson,72,Female,Germany
15671769,Zikoranachidimma,71,Female,France
15642934,Mason,35,Female,Germany
15594305,Rizzo,32,Female,France
15789201,Thomson,35,Female,Germany
15706762,Ignatyev,41,Female,France
15766183,Ferguson,76,Male,Germany
15777994,Woods,39,Female,France
15568162,Sung,53,Male,Spain
15680643,Lo,42,Female,Spain
15761854,Burn,24,Female,France
15730793,Russell,54,Female,Germany
15692137,Jen,46,Female,France
15608595,"Lo Duca",39,Female,France
15709459,Oluchi,63,Female,Spain
15775750,Yao,37,Male,France
15585855,Gould,40,Male,France
15752139,Salter,36,Male,Germany
15768295,Warner,34,Female,France
15766906,Salier,25,Female,France
15725776,Lazar,24,Male,Germany
15682576,Onyenachiya,67,Male,France
15704081,Findlay,30,Male,Germany
15719940,Gibbons,51,Female,Germany
15672894,McCawley,36,Female,France
15667451,Taylor,36,Male,France
15636767,Yang,32,Female,Spain
15571415,Okwudiliolisa,56,Male,Germany
15575605,Napolitano,38,Male,France
15649160,Vavilov,38,Female,France
15615832,Teague,35,Female,Spain
15600975,Chiemenam,54,Female,France
15690772,Hughes,48,Female,Spain
15565714,Cattaneo,47,Male,France
15763108,Davis,53,Male,Germany
15723884,Nekrasova,40,Male,Spain
15644453,Loggia,41,Female,Germany
15655464,Combes,67,Female,France
15783883,Onwuka,38,Female,Germany
15787693,Kharlamov,38,Male,Spain
15664793,Scott,50,Female,Spain
15642391,Lettiere,51,Male,Germany
15756538,Osonduagwuike,37,Female,France
15668830,Wan,24,Male,Spain
15796569,Donaldson,44,Female,Spain
15677112,Chukwufumnanya,39,Male,France
15815040,Ma,42,Female,Germany
15590434,Alexander,41,Male,Spain
15597536,Nkemjika,45,Male,Spain
15723989,Carroll,40,Male,France
15767358,Obioma,45,Female,Germany
15594812,Campbell,37,Female,Spain
15688210,Sims,39,Female,France
15681509,McKay,28,Female,Spain
15572390,Huang,39,Female,Spain
15801441,Campbell,35,Female,Germany
15783859,Boni,24,Female,France
15575243,Gorbunova,39,Female,France
15773421,Genovese,42,Female,France
15788776,Landor,49,Male,Germany
15765257,Meng,31,Male,Spain
15661412,Wardell,32,Male,France
15636478,Williams,31,Male,France
15603683,Ofodile,23,Female,Spain
15651868,Clark,34,Male,France
15815443,Lo,46,Female,Spain
15682686,Chukwuemeka,38,Female,France
15697460,Lai,34,Male,Germany
15748432,Arcuri,32,Female,France
15698271,Graham,26,Female,France
15808662,Krylov,44,Male,France
15690372,Henry,38,Male,Spain
15781875,Jamieson,33,Male,Spain
15801473,Moore,33,Male,Germany
15704509,Tan,35,Male,France
15694666,Thornton,48,Male,Spain
15731166,Macleod,30,Female,France
15728523,Rizzo,41,Male,France
15788442,Chukwukadibia,57,Female,Spain
15689781,Ts'ai,49,Female,France
15764226,Lu,28,Female,Germany
15809837,Kent,66,Female,Germany
15805212,Black,67,Female,France
15716082,Chukwubuikem,39,Male,Spain
15643056,McMillan,38,Female,Germany
15654859,Ngozichukwuka,63,Female,Spain
15761158,Y?an,54,Female,France
15577515,Sung,55,Female,Germany
15723827,Macartney,30,Male,France
15646594,Ali,41,Male,France
15712877,Morley,36,Male,Spain
15598802,Martin,30,Male,Spain
15699340,Okorie,37,Male,France
15691150,Ku,32,Female,France
15608688,Andreyeva,34,Male,France
15737998,Cheng,46,Male,France
15735837,Hsia,36,Male,Spain
15659100,Lane,33,Male,France
15609070,Findlay,45,Male,Germany
15650313,Okonkwo,65,Male,Germany
15627699,Pirogova,32,Male,France
15591010,McDonald,55,Male,Germany
15798895,Okonkwo,59,Female,France
15745375,Nnanna,23,Male,Germany
15775235,Ku,36,Female,France
15780088,Porter,34,Male,Spain
15649379,Somayina,46,Female,France
15713983,Mao,34,Male,Germany
15709252,Fuller,28,Female,Germany
15699238,Craig,40,Female,Spain
15732884,Trevisano,29,Male,France
15587297,Ruiz,33,Male,France
15684722,Fraser,34,Male,France
15621244,Gallo,36,Male,France
15744273,Waterhouse,30,Male,Germany
15682540,Cremonesi,33,Female,France
15636521,Feng,30,Female,Spain
15785339,H?,50,Female,France
15638983,Jara,38,Female,France
15654625,Wilson,39,Male,Germany
15697310,O'Callaghan,28,Female,Germany
15678210,Robson,38,Male,France
15575438,Pease,42,Male,France
15632789,Maclean,30,Male,France
15621423,Lavrentyev,42,Female,France
15573520,Rhodes,49,Male,Germany
15740458,Murphy,36,Male,Spain
15762799,Alexander,23,Male,Germany
15686885,Nekrasov,44,Male,Germany
15565996,Arnold,44,Male,France
15662152,Trevisan,38,Female,France
15711742,Mason,34,Female,France
15701885,Tucker,40,Female,France
15774262,Hobson,52,Male,Germany
15567839,Gordon,42,Male,France
15644400,Anderson,44,Male,France
15797246,Terry,34,Female,Germany
15778290,Lappin,70,Male,France
15708714,Santiago,33,Female,France
15586183,Wallace,35,Female,France
15761733,King,42,Female,France
15773934,Fang,33,Male,France
15705343,May,32,Female,Spain
15593959,Travis,28,Male,France
15664615,Nnachetam,30,Female,Germany
15671014,Zhdanova,72,Female,Spain
15657778,Jefferson,33,Male,France
15585192,Cremonesi,39,Male,Spain
15592914,Fang,29,Female,France
15770995,Sinclair,47,Female,Germany
15570990,Begley,30,Female,Spain
15596165,Degtyarev,25,Male,Germany
15788131,Atkins,47,Male,France
15800773,Ikenna,28,Female,Spain
15690153,Sun,37,Female,France
15638989,Lettiere,25,Female,France
15623210,Smith,55,Female,Germany
15652658,Finch,36,Male,France
15684440,Monaldo,32,Male,Germany
15730287,Ugonna,41,Male,France
15720353,Chiang,41,Male,France
15767231,Sun,36,Male,France
15761554,Blackburn,54,Male,France
15706637,Chang,40,Male,Spain
15690492,Palermo,41,Male,France
15694237,McEwan,39,Male,Spain
15729771,Davide,31,Male,Germany
15609823,Chieloka,34,Female,Spain
15793366,Humphreys,35,Male,Germany
15614813,Cocci,46,Female,Germany
15566495,Hanson,24,Female,Spain
15707602,Macleod,47,Female,France
15635244,Ritchie,29,Female,France
15805627,Nebechukwu,37,Male,France
15607986,Nnamutaezinwa,40,Male,France
15799785,Ikemefuna,30,Female,Germany
15699963,Scott,38,Male,France
15624595,Chiang,35,Female,Spain
15629750,Artyomova,35,Male,France
15651460,Hsieh,34,Male,Spain
15753550,Levien,43,Female,France
15594133,Erskine,62,Male,Spain
15772329,Fiorentino,45,Male,Germany
15591552,Okonkwo,32,Female,France
15750921,Monds,37,Male,France
15701687,Campbell,44,Male,Spain
15728906,Ibekwe,77,Male,France
15670029,Marcelo,33,Female,France
15763579,Castro,36,Female,Germany
15728010,Capon,37,Male,France
15663194,Voronova,40,Female,Germany
15736510,Loggia,57,Female,Spain
15745804,Law,25,Male,France
15631451,Grant,28,Female,Spain
15746995,Greco,31,Male,Germany
15730673,Dietz,40,Male,Germany
15734649,Martel,55,Female,Spain
15701081,Jarvis,36,Male,France
15632503,Meng,32,Female,France
15585928,Hay,31,Female,Germany
15648681,Voronoff,47,Female,France
15747757,Trevascus,58,Female,Germany
15718921,Ho,32,Male,Spain
15571081,Hansen,41,Female,France
15734578,Craig,53,Female,France
15579583,Hall,40,Female,Spain
15622729,Sun,46,Female,France
15662189,Durant,33,Male,Spain
15692718,Jackson,38,Female,France
15762716,Chigozie,60,Female,Spain
15724851,Farmer,31,Male,Germany
15587266,Douglas,27,Female,Germany
15675926,Ardis,34,Male,Germany
15706268,Smith,51,Male,Germany
15581871,Butler,42,Male,Germany
15666166,Pettry,74,Female,France
15671582,John,38,Male,Spain
15680901,Potter,34,Female,France
15642336,Shaw,42,Female,France
15653147,Boyle,35,Male,France
15571284,Elmore,32,Male,Germany
15591360,Udinesi,33,Female,France
15810485,Sun,37,Male,Germany
15611973,Tuan,55,Male,France
15735572,Lawrence,59,Male,France
15567860,Burrows,44,Female,Spain
15795690,Shao,31,Male,France
15706464,White,35,Male,Spain
15725028,Chialuka,29,Male,France
15751167,Toscano,43,Female,France
15633944,McKay,32,Male,Spain
15672637,Voronkov,30,Female,France
15680895,Sal,35,Female,Spain
15793825,Ikechukwu,39,Male,France
15611318,Kruglova,33,Male,Spain
15768474,Clements,34,Male,Spain
15716276,Kennedy,34,Female,France
15623668,Johnson,31,Male,Germany
15696361,Chung,31,Male,Germany
15607988,Garland,37,Female,Germany
15637891,Docherty,43,Female,Germany
15789865,Nnaife,28,Male,France
15627190,Lettiere,51,Male,France
15788224,Sanderson,45,Male,Germany
15702149,Fomin,33,Female,Germany
15708236,Wright,72,Female,France
15568469,Buckley,43,Male,France
15764444,Pan,58,Male,Germany
15794204,Manna,28,Male,France
15807546,Chinwendu,38,Female,France
15782159,Ndubuagha,28,Male,France
15618703,White,53,Female,Spain
15793317,Hale,22,Female,Spain
15740487,Ross,41,Female,France
15722479,Ikenna,37,Male,France
15688264,Nkemdilim,43,Female,France
15583067,McMillan,36,Female,France
15686670,Duke,36,Female,France
15593345,Bradbury,33,Female,Germany
15811690,Bayley,54,Male,Germany
15734008,Bartlett,59,Male,Germany
15771856,Cremin,32,Female,Spain
15762045,Gilchrist,37,Female,Germany
15778142,Shih,31,Female,Germany
15689268,Fitzpatrick,36,Male,France
15721507,Pagan,32,Female,France
15750476,Hendrick,24,Male,Spain
15810723,Sanderson,39,Female,France
15787229,Samsonova,34,Female,Spain
15570508,Azubuike,49,Male,France
15617065,Pan,42,Male,Spain
15689786,Massie,56,Male,Germany
15648876,Sandover,34,Female,France
15802106,Craig,34,Male,France
15773869,Onwudiwe,59,Male,Spain
15711635,Chu,42,Female,Germany
15795527,Zetticci,43,Male,Spain
15759133,Vaguine,18,Male,France
15679394,Owen,41,Female,France
15801072,Hurst,28,Female,France
15646082,Harding,34,Female,France
15796111,Smith,54,Female,Germany
15670646,Moore,42,Female,Spain
15578722,Bradley,39,Male,France
15815095,Burfitt,54,Male,Spain
15730360,Mackenzie,30,Male,France
15763194,Milanesi,34,Male,France
15720725,Shubin,28,Male,France
15567834,Nieves,49,Male,France
15720644,Martin,27,Male,France
15811742,Jen,42,Male,Spain
15813363,Woods,25,Male,Spain
15717629,Docherty,42,Male,Germany
15713160,Lin,25,Male,Spain
15568878,Cheng,34,Male,Spain
15809800,Korovina,38,Female,France
15736420,Macdonald,21,Male,France
15757933,Hardy,30,Female,Germany
15623072,Shaw,35,Female,Spain
15683993,Knight,37,Female,France
15570947,Bruny,29,Female,Spain
15797767,Ikedinachukwu,49,Female,France
15731989,Moran,36,Male,France
15591035,Macleod,54,Male,Spain
15586479,Yin,36,Female,France
15605872,Felix,73,Male,France
15666012,Rippey,40,Male,France
15641733,Mishina,34,Female,France
15593178,Graham,36,Female,Spain
15649183,Johnston,35,Female,Spain
15736399,Korovin,42,Male,Spain
15751137,Lei,36,Female,Germany
15757188,Chimaijem,26,Female,Spain
15726167,Scott,37,Male,France
15624850,Grant,30,Male,France
15717700,McIntyre,34,Male,Spain
15716347,Griffin,37,Male,Germany
15696287,Converse,38,Female,Germany
15638871,Ch'ang,77,Male,France
15765093,Coates,23,Male,France
15592999,Reid,40,Female,France
15641715,Ts'ui,34,Male,France
15607746,Belstead,36,Female,France
15625311,Dickinson,41,Female,Germany
15573077,Nwora,25,Female,Germany
15735106,Bishop,28,Male,Spain
15672912,Loggia,39,Female,Spain
15589881,Rowe,41,Female,France
15660144,Balashov,38,Male,France
15664083,Ulyanova,37,Female,Germany
15690898,Bogolyubova,44,Male,France
15808023,Remington,29,Female,France
15676909,Mishin,34,Female,Spain
15764922,Tu,20,Male,Spain
15766734,Castiglione,31,Male,France
15795079,Nnaife,67,Male,Spain
15757434,Yang,28,Male,France
15673747,Ayers,22,Female,France
15808386,Cocci,45,Female,Germany
15603565,Mackenzie,56,Female,Spain
15744044,Fiorentini,47,Male,Germany
15577771,Akabueze,40,Female,Germany
15769548,Hyde,37,Female,France
15802071,Levi,35,Male,Germany
15677395,Nwabugwu,39,Female,France
15632010,Chia,33,Male,Spain
15779492,Trevisano,56,Male,Spain
15694677,Bennetts,39,Male,France
15704315,Teng,34,Male,France
15742009,Hsueh,58,Male,Spain
15766663,Mahmood,22,Male,France
15742297,Sinclair,35,Male,France
15688059,Chin,42,Female,Germany
15752344,She,34,Male,Spain
15698749,He,23,Female,Germany
15631693,Hill,36,Male,France
15604536,Vachon,31,Female,Germany
15802869,Ball,45,Female,Germany
15635598,Hsieh,29,Male,France
15592326,Baker,36,Male,France
15736533,Monaldo,37,Female,Germany
15647191,Lucchesi,36,Male,France
15622507,Hamilton,40,Female,Germany
15765487,Kuo,38,Female,Germany
15646521,Fan,36,Female,Spain
15746258,Wright,29,Male,France
15692430,Milano,36,Male,Germany
15625501,Wall,38,Male,Germany
15640521,Chidumaga,33,Male,Germany
15790630,Olisaemeka,48,Female,France
15664720,Kovalyova,33,Male,Spain
15750055,Onio,32,Male,Spain
15644878,Hill,43,Female,Spain
15754578,Okeke,35,Female,France
15705379,Upjohn,38,Male,France
15761047,H?,31,Male,Germany
15671293,Marcus,37,Female,Germany
15687527,Yobachukwu,35,Male,Spain
15647898,Russell,50,Female,Spain
15671534,Hovell,57,Female,Germany
15591248,Chukwumaobim,29,Female,France
15676156,Boyle,32,Female,France
15812918,Scott,27,Female,France
15604130,Johnstone,47,Female,Spain
15700549,Alvares,54,Male,France
15715519,McDavid,36,Male,Spain
15707042,Dellucci,24,Female,France
15605276,Brothers,29,Female,France
15630592,Sanders,45,Female,France
15636626,Morrison,35,Male,France
15740411,Molle,30,Male,Germany
15593834,Genovese,36,Male,Spain
15804235,Zetticci,37,Female,France
15679801,Hsueh,39,Female,Spain
15673907,Alexander,20,Male,France
15636562,Muravyova,44,Male,Spain
15702571,Wright,35,Female,Germany
15627365,Calabresi,46,Male,France
15748499,Johnson,33,Male,Germany
15598614,Lucchesi,20,Male,Spain
15668889,Galgano,43,Female,Germany
15800049,Grigoryeva,43,Female,Spain
15583724,Raymond,29,Female,Spain
15622083,Paterson,30,Male,Germany
15645571,Genovese,32,Male,Spain
15598266,Martin,40,Male,France
15667934,Moretti,36,Male,France
15569682,Leckie,37,Male,Germany
15772941,Lane,30,Male,Germany
15586174,Brodney,30,Female,Germany
15803682,Angelo,37,Female,Germany
15627328,Millar,26,Female,Spain
15717065,Balashov,35,Female,France
15602456,Afanasyev,47,Female,Germany
15721569,Chialuka,55,Female,Germany
15573798,Yermolayev,36,Female,France
15638272,Tien,32,Male,Spain
15799859,Lucchesi,50,Male,France
15599152,Lai,31,Male,France
15737909,Bates,44,Male,France
15646190,Saunders,56,Female,France
15711249,Chukwuemeka,22,Male,Spain
15671987,Meagher,35,Male,Spain
15812766,Golubeva,40,Male,Spain
15778589,Collier,34,Male,France
15750104,Chan,43,Male,Germany
15784526,Chen,44,Male,France
15646563,Wright,35,Female,France
15744423,Cocci,32,Male,France
15593694,Williams,49,Male,France
15785367,McGuffog,56,Female,France
15687765,Chukwujamuike,42,Female,Germany
15789014,Scott,26,Female,France
15703177,Bell,35,Female,France
15660263,Olisaemeka,40,Male,France
15776545,Napolitani,28,Male,France
15683276,Sargood,37,Female,Spain
15599272,Harrington,36,Female,France
15589541,Sutherland,27,Female,France
15608804,Allan,49,Male,Germany
15645820,Folliero,27,Male,France
15659031,Mordvinova,36,Female,France
15790113,Schofield,71,Female,Germany
15652289,Williams,47,Male,France
15605341,Baird,58,Female,France
15697844,Whitehouse,32,Female,Spain
15652048,Thompson,44,Male,Germany
15587038,Ogochukwu,32,Female,Spain
15660528,Niu,27,Male,Spain
15700300,Okoli,44,Female,Germany
15642001,Lorenzen,44,Male,Germany
15580366,Okechukwu,54,Male,Germany
15657228,Anderson,37,Male,Germany
15729377,Ku,36,Male,France
15686913,Kung,38,Male,France
15631267,Lu,50,Male,France
15632275,Trevisano,29,Male,France
15715907,Onwubiko,64,Male,France
15764841,Vidler,35,Female,France
15748649,Shen,40,Male,France
15771409,McGregor,58,Male,France
15779207,Nnamdi,30,Male,Germany
15814116,Castiglione,42,Female,France
15665087,Bergamaschi,26,Female,Germany
15611189,Allingham,43,Male,Spain
15729718,Stelzer,41,Male,France
15733602,Rubin,72,Female,Spain
15620103,Ho,40,Female,France
15770406,Watson,35,Male,Germany
15800554,Perry,81,Female,France
15611409,Sun,35,Male,Spain
15646535,Harrell,46,Male,France
15575430,Robson,33,Female,France
15711299,Wilson,52,Female,Germany
15642063,Kelechi,40,Male,France
15706602,Bates,33,Female,Spain
15592773,Eberegbulam,51,Female,Germany
15786539,Olisaemeka,32,Male,France
15737542,Davey,36,Female,Germany
15590234,"De Luca",42,Female,France
15773776,Ho,38,Female,France
15728082,Vasiliev,28,Male,Spain
15609987,Smith,42,Male,France
15735330,Sung,37,Male,France
15649430,White,28,Male,France
15768777,Wang,34,Female,Spain
15777893,Davide,43,Male,France
15791326,Nnamdi,34,Male,France
15615176,Welsh,26,Male,France
15735221,Sousa,42,Female,France
15617991,Andrews,29,Male,France
15658504,Chiawuotu,62,Female,Germany
15785705,Thomson,44,Female,Germany
15801817,Carpenter,38,Female,France
15752578,Yefimova,37,Female,France
15781574,Ma,76,Male,Spain
15792107,Black,35,Female,Spain
15569917,Obijiaku,30,Male,Spain
15721504,King,41,Male,Spain
15757306,Miller,49,Male,Spain
15647295,Chin,34,Male,France
15642098,Cox,36,Female,Spain
15696120,Wallace,30,Female,Spain
15675176,Price,51,Male,France
15700046,Yuan,41,Male,France
15782089,Mullen,33,Male,France
15706394,Howell,53,Male,France
15759387,McIntosh,38,Male,Germany
15623369,Clifton,52,Male,France
15732943,Okwuoma,36,Male,Spain
15750545,Chidiebere,44,Male,France
15809909,Fan,54,Female,Spain
15642448,Onyemauchechukwu,28,Male,Spain
15791944,Harker,32,Male,France
15768342,Bolton,52,Male,France
15567919,Lazarev,37,Male,Germany
15674750,Alexeyeva,37,Female,Spain
15778345,Stevens,33,Female,France
15687634,Glover,49,Male,Germany
15666096,Ibekwe,27,Male,Spain
15581700,Paterson,43,Male,Germany
15656417,Marsh,39,Female,France
15649101,Reeves,40,Male,France
15781975,Rees,34,Male,France
15700511,Hanson,42,Male,Germany
15770255,Onwughara,33,Female,Germany
15643574,Odinakachukwu,26,Male,France
15595010,Huang,39,Female,Spain
15580579,Trevisani,40,Female,France
15748532,Dale,42,Male,Spain
15773789,Pavlova,38,Female,Spain
15600027,Meng,33,Male,Spain
15620832,Dean,35,Female,France
15568819,Chiganu,42,Female,Germany
15748691,Lung,30,Female,Spain
15583552,Donaldson,44,Male,Germany
15588019,"Li Fonti",28,Male,France
15713250,Izmailova,33,Male,France
15569595,Walker,50,Female,France
15794868,Nnonso,40,Male,Germany
15576680,Stevenson,29,Male,France
15613699,Schnaars,60,Female,France
15609758,Geoghegan,45,Female,France
15762392,Ilyina,30,Male,Spain
15693382,Muir,31,Male,France
15791769,Gardener,29,Female,France
15712483,Chidi,28,Female,Spain
15636454,Fu,60,Female,France
15710138,Sun,39,Male,Spain
15571571,Ting,31,Female,Germany
15638751,Ashton,41,Female,Spain
15598574,Uwakwe,31,Female,Spain
15796787,Vassiliev,46,Male,France
15615670,Kazakova,36,Male,France
15705506,Perry,38,Male,Spain
15599535,Howell,28,Male,Spain
15768449,Ricci,37,Female,France
15725002,Smith,37,Male,France
15611682,Rossi,37,Male,Spain
15749964,Jones,27,Female,France
15678779,Quezada,33,Male,France
15752601,McCulloch,40,Female,France
15758477,Tobeolisa,32,Female,France
15629133,Black,27,Female,France
15604963,Fraser,39,Male,France
15796413,Green,46,Male,France
15812470,Allan,61,Male,France
15587443,Akudinobi,69,Female,France
15689692,Walker,19,Male,Germany
15779586,Olisaemeka,46,Female,Germany
15667588,Arcuri,40,Female,Spain
15624423,Liu,28,Male,France
15591107,Flemming,68,Female,Germany
15748986,Bischof,42,Male,Germany
15793896,John,40,Male,Spain
15620570,Sinnett,43,Male,France
15727811,Ts'ui,47,Female,Germany
15707681,Pokrovsky,38,Male,Germany
15702030,Azarov,29,Female,France
15673238,McCarthy,59,Female,Germany
15604196,Simpson,32,Male,France
15769356,Stevenson,23,Female,Germany
15665590,Moore,46,Male,France
15572361,Chill,34,Female,Germany
15667460,Moore,31,Male,France
15654760,Su,40,Male,France
15632669,Rees,32,Female,Spain
15613673,Lung,28,Male,France
15698522,Thomas,39,Male,Germany
15741633,Fuller,32,Male,Spain
15674583,Trevisani,25,Male,France
15665374,Dumolo,31,Female,Spain
15588854,Wu,31,Female,France
15810716,Kerr,42,Male,Germany
15776921,Geoghegan,45,Male,Germany
15569394,Bailey,24,Male,France
15788215,Hsia,30,Female,Spain
15641007,Holden,38,Female,France
15594651,Milani,38,Male,France
15575146,Jamieson,51,Male,Germany
15608916,Ndubueze,40,Male,France
15666297,Abramova,53,Female,Spain
15598586,Wetherspoon,31,Male,France
15665014,Middleton,36,Male,Spain
15701738,Arcuri,44,Male,Germany
15650591,Calabrese,50,Male,Germany
15652667,Hampton,39,Male,France
15679622,Clayton,35,Male,France
15730150,Otutodilichukwu,37,Male,Spain
15813192,Chukwuemeka,25,Male,France
15606554,Douglas,29,Male,France
15611794,Galloway,61,Male,Germany
15672357,Sochima,38,Male,Spain
15711759,Wilkins,29,Female,France
15615296,Rice,39,Male,France
15699294,Pope,30,Male,France
15788634,Romani,37,Female,Spain
15660871,Ch'ang,28,Male,France
15618258,Chizuoke,37,Male,Spain
15722535,Ireland,33,Female,France
15711977,Finch,36,Male,France
15690169,Meng,31,Male,France
15790689,Hibbins,32,Male,Spain
15665181,Chung,25,Male,Spain
15633608,Black,33,Male,France
15805261,Balashov,29,Male,Spain
15740356,Palmer,26,Male,Germany
15808223,Lea,41,Male,Spain
15769980,Singleton,40,Female,Germany
15675450,Burt,48,Male,France
15776494,Siciliano,61,Male,France
15592412,Sun,45,Male,Germany
15777452,Sauve,46,Female,France
15692258,Thompson,31,Male,Spain
15791045,Boni,38,Female,France
15807889,Wood,74,Male,Germany
15602043,Buccho,46,Female,Germany
15807335,Spencer,64,Female,Spain
15629985,Eidson,47,Female,Germany
15679453,Hung,39,Female,Germany
15637315,Melvin,41,Female,Spain
15691513,Dawkins,60,Male,France
15622289,Rizzo,36,Female,Spain
15715184,Capon,31,Female,Spain
15702801,Ts'ao,29,Female,France
15719931,Johnstone,31,Male,France
15806081,Fleming,48,Female,Germany
15796336,Chang,34,Female,Spain
15647306,Gibbs,29,Female,France
15742369,Rita,31,Male,Spain
15655859,Munro,35,Male,Spain
15675650,Duncan,39,Female,France
15574119,Okwuadigbo,64,Female,Spain
15754168,McIntosh,40,Female,France
15763029,Ch'iu,46,Male,Germany
15765048,Watt,30,Male,France
15786215,Udinese,56,Male,France
15707559,Clark,30,Female,France
15582129,Hsia,62,Male,France
15687540,Obiuto,32,Male,France
15787196,T'ien,46,Male,Spain
15670898,McKenzie,60,Female,France
15775433,Tang,71,Male,Germany
15700693,Tu,68,Male,France
15677955,Tsui,33,Male,Germany
15570086,Lynch,18,Male,Germany
15794875,Hung,35,Male,Spain
15673591,Oluchukwu,44,Male,France
15631756,Tuan,35,Female,France
15757617,Lewis,55,Male,France
15612729,Chidiebere,63,Female,France
15637857,Woolacott,31,Female,France
15681007,Yen,35,Female,France
15593622,Service,43,Male,France
15629273,Lin,42,Male,Germany
15765846,Chuang,31,Female,Spain
15596013,Akhtar,58,Female,Germany
15722473,Faulkner,41,Male,France
15774936,Liang,41,Male,Germany
15685640,Dancy,41,Female,France
15566563,Duigan,30,Female,France
15768746,McLean,33,Male,France
15689952,Zuyeva,41,Male,Spain
15725906,Hankinson,51,Female,Spain
15634501,Wei,60,Male,France
15571940,Afamefula,22,Male,Spain
15741643,Chiang,35,Male,Germany
15806822,Myers,36,Female,France
15701166,Chinedum,40,Male,France
15718531,Ukaegbunam,35,Female,France
15628308,Akubundu,24,Female,France
15585287,Sal,35,Female,Germany
15781619,Stevenson,38,Female,France
15805162,Sutherland,25,Male,France
15588535,Ts'ao,39,Female,Spain
15775307,Sung,38,Female,Spain
15777616,Pisani,28,Male,Germany
15692291,Hs?eh,42,Female,Spain
15680843,Sherrod,34,Male,France
15606232,Holloway,36,Female,Spain
15641585,Newton,40,Male,France
15684358,Kang,41,Male,France
15806389,Walton,55,Female,Germany
15641860,Bradley,34,Male,Germany
15814237,Watkins,30,Male,Germany
15808780,Tien,34,Female,France
15767064,Davide,36,Female,Spain
15751177,Milne,44,Female,Germany
15613427,Barling,49,Female,Germany
15647259,Barnett,35,Male,Spain
15748660,Ellis,49,Female,Germany
15726695,Hsia,20,Female,Spain
15757473,Chukwujamuike,27,Female,France
15809509,Venables,29,Male,France
15715512,Hsia,29,Male,Germany
15614168,Alexander,50,Female,Germany
15679818,Yuan,67,Male,Germany
15609928,Johnston,43,Male,Germany
15731246,Hobler,40,Male,Spain
15685243,Jamieson,63,Female,France
15638730,Macleod,21,Female,France
15697034,Norris,22,Female,Spain
15699225,Pirozzi,46,Male,France
15677387,Folliero,33,Female,Germany
15759184,Russell,34,Male,France
15595991,Hsiung,54,Male,France
15681332,Tate,43,Female,France
15756299,Davis,64,Female,France
15750547,Bair,26,Male,France
15566380,Drury,33,Female,Spain
15675963,Padovano,57,Female,France
15674671,Conway,76,Male,Spain
15621466,Waters,38,Male,Germany
15607176,Kang,22,Male,France
15570299,Martin,31,Female,Germany
15613197,Ugochukwutubelum,40,Male,France
15798885,Burns,56,Male,France
15714883,Genovese,25,Female,France
15604497,Beale,44,Male,Germany
15773949,Cherkasova,36,Female,France
15774164,Coles,33,Male,Germany
15774127,Potter,46,Male,France
15619016,McMinn,46,Male,Germany
15795759,Bergamaschi,52,Female,Germany
15798844,Chijindum,54,Male,France
15717962,Ch'iu,63,Male,Spain
15691504,Yusupova,52,Female,Germany
15693893,Davis,59,Male,Germany
15672499,Iadanza,34,Male,France
15750410,Jordan,25,Female,France
15568904,Kruglova,34,Male,Germany
15649033,Echezonachukwu,55,Female,Germany
15780989,Hajek,43,Male,Spain
15771059,Welch,34,Female,Germany
15687852,Vinogradoff,30,Male,France
15695280,Hung,24,Male,Germany
15592751,Okwudiliolisa,63,Female,Germany
15598338,Mays,33,Female,Germany
15735784,Gardner,38,Male,France
15629128,Mamelu,42,Male,Germany
15642870,Ross,58,Male,France
15637977,Barese,25,Male,Germany
15600792,Swayne,29,Male,Spain
15576131,Phillips,40,Male,France
15686588,Manfrin,28,Female,France
15761018,Tan,50,Male,Germany
15616029,Adams,32,Male,France
15761149,Teng,44,Female,France
15802758,Chinwendu,23,Female,Germany
15647838,Davison,51,Female,Germany
15735968,Hsing,41,Male,France
15581286,Castro,40,Female,France
15625445,Parkin,36,Female,France
15600173,Manna,33,Female,France
15635143,Fennescey,42,Male,France
15664849,Colon,46,Male,Spain
15762455,Yeh,33,Male,Spain
15797165,Bergamaschi,56,Male,France
15788189,Matveyeva,41,Female,France
15780492,Ignatyeva,42,Male,France
15678497,Lederer,48,Male,Spain
15588560,Nwabugwu,32,Female,Germany
15606003,Abramowitz,21,Female,France
15611756,Chapman,47,Female,Germany
15789563,Fiorentino,46,Female,Germany
15702416,Cecil,43,Male,France
15766288,Ikechukwu,36,Female,Germany
15667633,Allen,38,Female,France
15622774,Kao,34,Male,France
15755416,Hart,27,Female,France
15769915,Charlton,20,Female,Spain
15643908,Turnbull,49,Female,France
15627395,Manners,41,Male,Germany
15679663,Chiazagomekpere,36,Female,France
15651581,Lavrentyev,68,Male,Germany
15596379,Wallace,39,Male,Germany
15746674,Miller,47,Female,France
15801256,Bazhenov,49,Male,Spain
15663808,Ifesinachi,59,Female,Germany
15598521,Ma,33,Female,Germany
15621457,Chu,27,Male,France
15764726,Kerr,22,Male,France
15646374,Wynne,28,Female,Germany
15716501,Moon,32,Male,France
15589948,Disher,28,Male,Spain
15811343,Cattaneo,35,Male,Germany
15659677,Beluchi,47,Male,France
15594436,Mazzi,33,Male,Spain
15748995,Ifeajuna,30,Male,Spain
15677062,Howe,38,Female,France
15697201,Yocum,46,Female,Spain
15666453,Moore,29,Female,Germany
15693771,Y?an,45,Female,Spain
15569867,Chinweuba,29,Female,France
15711602,Lowrie,36,Female,France
15717736,Shen,46,Female,Germany
15750441,Lavarack,36,Male,France
15732791,Davide,32,Male,Germany
15775104,Gomes,38,Female,France
15757607,Matveyeva,45,Male,France
15793070,Fiorentino,41,Female,Spain
15760456,Eberechukwu,38,Female,France
15665385,Gibney,44,Male,France
15612418,Virgo,38,Female,France
15727138,Kulikova,46,Male,Spain
15732061,Liu,45,Female,Germany
15776051,Kao,45,Female,France
15616530,Foran,36,Male,France
15632344,Jones,42,Female,France
15744979,Fowler,36,Female,France
15745433,Conti,30,Female,Germany
15683657,Stephenson,31,Female,France
15718572,Willis,57,Male,Germany
15665783,Ts'ui,49,Male,France
15652782,Chibuzo,48,Male,Germany
15707025,Fang,31,Female,Spain
15647807,Wyckoff,40,Male,France
15718281,Muir,67,Male,Germany
15660571,Halpern,43,Male,Spain
15727857,Flynn,41,Male,Spain
15639252,Shao,30,Male,Spain
15628144,Soares,72,Female,France
15683560,Gallo,40,Female,France
15653275,Lei,54,Female,Spain
15622182,Daniels,28,Female,Germany
15613962,Kenechi,38,Female,France
15618437,Singleton,34,Male,Spain
15783338,Williams,32,Male,Spain
15764491,Greece,35,Male,Spain
15712960,Olisanugo,37,Male,Spain
15688157,Padovano,39,Female,Germany
15579287,Rossi,35,Male,France
15570931,Grant,61,Male,France
15615177,Ebelegbulam,28,Male,Spain
15809906,Mitchell,26,Male,Germany
15652169,Buckley,35,Male,France
15649450,Repina,24,Male,Germany
15777179,Ellis,35,Male,France
15803538,Douglas,56,Male,Spain
15610936,Becher,33,Male,France
15590094,Nwachukwu,38,Male,Germany
15572706,Smith,37,Male,France
15634564,Aksyonov,31,Male,Spain
15684296,Artyomova,34,Male,France
15702293,Medvedeva,35,Female,Spain
15642099,Tsui,39,Male,Spain
15773273,Runyon,38,Male,Spain
15613337,Gallo,47,Male,France
15800482,Bradshaw,33,Female,Spain
15732644,Evans,54,Female,Spain
15713426,Hancock,30,Male,Germany
15640789,Butler,38,Male,France
15598892,Bradshaw,30,Male,France
15606436,Bergamaschi,38,Male,Spain
15751227,Ebelegbulam,47,Male,France
15812365,Greco,40,Male,France
15616088,Lucas,70,Female,France
15803886,Barber,31,Male,Spain
15587311,Dobbs,33,Male,Spain
15617401,Thomson,22,Male,France
15775886,Su,36,Male,France
15807305,Watkins,39,Male,France
15761717,Ch'ien,26,Male,France
15628008,Monds,29,Female,Spain
15583755,McClemans,33,Male,Germany
15661409,Shen,42,Female,France
15774250,Gallo,42,Male,France
15681476,Foveaux,39,Female,France
15654870,Longo,45,Female,France
15790448,Calabresi,35,Female,France
15785326,Randall,35,Female,Spain
15592854,Garcia,25,Male,France
15617486,Sullivan,52,Male,France
15806796,Higgins,33,Female,Germany
15644699,Crawford,40,Female,France
15622305,Martin,33,Female,Germany
15608209,Currey,33,Male,Germany
15626898,Teng,30,Male,France
15644297,Austin,38,Male,Germany
15731569,Hudson,81,Male,France
15582149,Ts'ui,34,Female,Germany
15802483,Hancock,34,Male,France
15686999,Nicholas,40,Female,France
15772479,Napolitano,37,Male,France
15778884,Jamieson,38,Female,France
15623630,Foster,56,Female,Germany
15774316,Moretti,37,Male,France
15695097,Chiedozie,30,Female,Germany
15645404,Okwukwe,51,Female,France
15750574,Lumholtz,34,Female,Spain
15636812,Rose,40,Male,France
15712068,Wan,45,Male,Spain
15652030,"De Bernales",49,Male,Germany
15577398,Ch'eng,30,Male,France
15756848,Edmondson,42,Male,Spain
15806929,Ch'ien,36,Male,Germany
15656005,Millar,31,Male,Germany
15722632,Dickson,50,Male,Germany
15794356,Toscani,42,Male,Germany
15659656,Pan,35,Male,France
15588341,Chigozie,47,Male,Spain
15709142,Sagese,30,Female,Germany
15627042,Reilly,26,Female,France
15627517,Taylor,27,Male,Spain
15803032,Yen,38,Male,Germany
15665129,Kapustin,33,Male,Germany
15628272,Singh,36,Female,France
15678206,Yeh,46,Male,France
15678427,Genovese,27,Female,Germany
15678067,Boyle,45,Male,Spain
15793331,Blair,32,Male,France
15699532,Okagbue,51,Male,France
15605827,Khan,39,Male,France
15643635,Robertson,32,Male,Spain
15787710,Tikhonov,39,Female,Spain
15614137,MacDonald,40,Female,France
15754494,"Ah Mouy",33,Female,France
15713440,Barese,21,Female,Germany
15803479,Winter-Irving,67,Female,France
15709639,Wilson,22,Female,France
15601719,Fiorentino,24,Male,Germany
15772482,Iloerika,28,Male,Germany
15591489,Davison,26,Male,France
15629002,Hamilton,36,Male,Germany
15798053,Nnachetam,32,Male,Spain
15753895,Blue,37,Male,Spain
15595426,Madukwe,57,Male,Spain
15645815,Mills,45,Male,France
15632848,Ferrari,36,Female,France
15703068,Nixon,41,Male,Germany
15791513,Manfrin,41,Male,France
15587210,McCartney,44,Female,Germany
15793803,Robinson,34,Male,France
15787756,Nkemdirim,51,Male,Germany
15723437,Sal,35,Female,France
15702715,Kao,34,Female,France
15809872,Ikechukwu,32,Male,France
15644295,Hargreaves,39,Female,Spain
15778694,Sievier,26,Female,Germany
15759555,Murphy,41,Male,Spain
15631406,Munro,50,Male,Germany
15616676,Donnelly,23,Male,Germany
15771154,North,73,Female,France
15669491,Cruz,46,Female,France
15697691,Sinclair,41,Female,France
15665180,Vasiliev,31,Female,France
15752588,Vasilyeva,36,Male,France
15743051,Hamilton,30,Male,France
15571873,Sung,24,Male,France
15679743,Genovesi,33,Female,France
15769412,Atkinson,39,Male,Spain
15775124,Watterston,37,Male,Spain
15732113,Butters,50,Male,Spain
15578141,Chien,38,Male,Spain
15595874,Gorbunova,36,Female,Spain
15755642,Bulgakov,34,Male,France
15576526,Steele,36,Male,Spain
15792489,Polyakova,42,Male,Spain
15733705,Bull,30,Female,France
15807221,Weaver,21,Male,Spain
15573045,Earl,62,Male,France
15756824,Giordano,50,Female,Germany
15773520,Begg,43,Female,France
15627439,Pickering,36,Female,Spain
15701439,Fanucci,50,Female,Spain
15785352,Chang,37,Male,France
15616525,Sopuluchi,31,Male,Spain
15717489,Martin,23,Male,France
15795737,McNaughtan,47,Female,Spain
15693877,Stewart,47,Female,France
15576111,Reagan,33,Male,Germany
15595713,Heller,33,Male,Spain
15808868,Nwokeocha,31,Female,France
15708193,Liu,33,Male,France
15697801,Sokolova,56,Female,Germany
15770121,Bancroft,34,Female,France
15800524,Nnanna,29,Male,Germany
15686236,Trevisani,47,Female,Germany
15659807,Nwachinemelu,41,Male,Spain
15736078,Ting,33,Female,Germany
15620836,"Lo Duca",34,Female,Germany
15698184,Marshall,50,Female,France
15717643,Band,34,Female,France
15776596,Ferri,39,Female,Spain
15814757,Carter,31,Male,Spain
15812607,Wilson,46,Female,Germany
15663888,Connor,34,Male,Germany
15748882,Reid,29,Male,Spain
15690829,Sandefur,49,Male,Germany
15695819,Bidwill,43,Male,Germany
15696834,Cone,29,Female,France
15797710,Saunders,29,Male,Germany
15700654,Liardet,44,Male,Germany
15583764,Wilkes,31,Male,Germany
15688849,Martin,48,Male,France
15661473,Boni,51,Male,Germany
15601030,Patel,34,Female,Germany
15789557,Howell-Price,27,Female,Germany
15745250,Simpson,58,Male,France
15590349,Rowland,36,Female,France
15741693,Barnard,40,Male,France
15618446,Nnonso,50,Female,France
15766552,Rossi,37,Male,France
15668775,Pendred,47,Male,France
15757895,Martin,30,Male,Germany
15774551,K?,36,Male,Spain
15684011,Miller,29,Male,Germany
15736146,Afamefula,28,Male,Germany
15656286,Sims,33,Male,France
15774847,Knight,50,Male,France
15619340,Obijiaku,38,Male,Spain
15815656,Hopkins,39,Female,Germany
15623357,Onio,24,Male,Germany
15601324,Black,48,Female,France
15715510,Eluemuno,29,Male,France
15663770,Doyle,38,Male,France
15779267,Onyemere,47,Male,France
15597957,Rahman,66,Male,Spain
15584620,Su,36,Female,Germany
15750772,Walker,38,Female,France
15706557,Ferguson,52,Female,France
15594391,Samaniego,68,Female,France
15661656,Onwumelu,38,Male,France
15631217,Young,40,Male,France
15588955,Mazzi,43,Female,Germany
15758252,Toscano,45,Female,Germany
15740223,Walton,51,Male,Germany
15805413,Chiang,31,Female,France
15635116,Burgos,60,Male,Spain
15764892,Spinelli,51,Female,Spain
15795936,Lung,50,Male,France
15655232,Noble,35,Male,Germany
15640133,Pai,34,Female,France
15751524,Chigozie,36,Female,Germany
15670552,Peavy,31,Female,France
15623966,Yermakov,35,Female,France
15752193,Burton,34,Male,Spain
15607269,Costa,49,Female,Germany
15700752,Pugliesi,32,Female,France
15777901,Lindell,43,Female,Germany
15639117,Sorenson,34,Female,Spain
15720203,Arcuri,28,Male,Spain
15586236,Banks,31,Male,France
15676645,Parry,45,Male,France
15715988,Cockett,35,Male,France
15603749,Galkina,53,Female,France
15608956,Su,33,Male,France
15733872,Marino,33,Female,Germany
15666982,Spears,38,Female,Germany
15602647,Cunningham,39,Male,Germany
15623063,Taylor,35,Male,Germany
15682928,Chiazagomekpere,39,Male,Spain
15729246,Hardacre,31,Male,Spain
15588928,Maslow,47,Male,France
15803352,Scott,33,Male,Germany
15607485,Wakelin,29,Female,Spain
15656249,Esposito,34,Female,France
15761783,Shah,41,Male,France
15716605,Chukwufumnanya,24,Female,Germany
15757425,Fleming,38,Female,France
15603096,Lori,33,Male,France
15588580,Kennedy,36,Female,Germany
15770539,Walters,30,Male,France
15572022,Han,36,Female,France
15571843,Lawrence,24,Male,Spain
15752502,Cooke,41,Male,France
15609058,Wan,23,Male,France
15775108,"Lo Duca",34,Male,France
15708904,Yermakova,37,Female,France
15600086,Combs,48,Male,France
15814675,Chien,39,Female,Germany
15572777,Meng,47,Male,Spain
15585106,Calabresi,38,Female,Germany
15738936,Stevenson,29,Male,Germany
15750970,Davidson,40,Male,Spain
15725772,Ch'in,36,Female,Spain
15692106,Rose,25,Female,Spain
15791533,Ch'ien,42,Male,Spain
15715715,Artyomova,38,Male,Spain
15785576,Mayrhofer,71,Male,Germany
15798834,Yefremov,32,Female,Spain
15744127,Kosovich,37,Female,France
15637427,Lu,25,Female,Spain
15576990,Taplin,25,Female,Germany
15615352,Ebelechukwu,31,Male,France
15647333,Fleming,27,Male,France
15572050,Yefimov,48,Male,Germany
15581370,Andreyeva,38,Male,Spain
15813503,Pickering,37,Male,Spain
15769783,Allan,37,Male,Spain
15793135,Wang,24,Female,Germany
15599182,Reynolds,33,Female,Spain
15689517,Hales,27,Male,France
15641366,Y?an,61,Male,Germany
15588859,Rowley,44,Female,Spain
15732293,Chia,31,Male,Spain
15568032,Moore,31,Male,Germany
15623525,Copeland,31,Male,Spain
15606601,Rishel,22,Female,France
15800811,Wan,40,Male,France
15610711,Eluemuno,40,Female,Germany
15809654,Hsia,46,Female,France
15576077,Kelly,27,Female,France
15643378,Muir,42,Male,France
15566790,McIntyre,28,Male,France
15774402,Donaldson,36,Male,Spain
15694641,Wright,59,Female,Spain
15605916,Uvarova,50,Female,France
15812356,Doherty,40,Female,Germany
15644179,Allen,39,Female,France
15771674,Ma,39,Female,Spain
15623314,Tucker,59,Female,Germany
15613292,Ch'eng,21,Male,France
15813871,Hs?,47,Male,France
15759480,H?,40,Female,France
15587712,Chimaijem,36,Male,France
15671165,Esomchi,66,Female,France
15620746,Lorenzo,42,Male,France
15706537,Pirogov,59,Female,Germany
15589312,Larkin,30,Male,France
15741180,Eddy,54,Male,France
15733888,Sells,36,Female,Spain
15798532,Crawford,32,Male,France
15577359,Bezrukov,47,Male,Spain
15614936,Mancini,49,Female,Spain
15747647,Iadanza,27,Female,Spain
15588566,Wilkinson,33,Male,Spain
15570141,P'eng,34,Female,France
15800793,"St Clair",39,Female,Germany
15572415,Preston,34,Male,France
15635125,Findlay,63,Male,Spain
15636551,Nixon,29,Female,France
15600912,Gorshkov,32,Male,Germany
15768476,Chukwubuikem,31,Male,Spain
15650266,Medvedeva,39,Male,Germany
15621004,Chukwuhaenye,32,Male,France
15748352,Endrizzi,34,Male,Spain
15788920,Ch'ang,32,Female,Germany
15743236,Piccio,61,Female,France
15637717,Lockington,41,Male,Germany
15635500,Seleznyov,75,Male,Germany
15634792,Weston,40,Female,France
15607560,Groom,39,Female,France
15727177,Manfrin,42,Male,France
15774358,Robertson,59,Male,Germany
15791304,Ch'ang,25,Male,Germany
15603328,Lucchesi,27,Male,France
15804937,Cambage,50,Male,France
15804142,Tan,57,Female,Spain
15608845,Tao,38,Female,Spain
15702434,Hsieh,30,Female,France
15632609,Burdekin,39,Female,France
15603550,Longo,37,Female,Germany
15755239,Maughan,32,Male,Germany
15670528,Franz,43,Male,Germany
15732704,Piazza,25,Male,Spain
15589019,Morant,33,Female,Spain
15677796,Becher,47,Male,Germany
15760177,Lombardi,37,Male,Spain
15636595,Loton,37,Male,Spain
15737275,Conti,39,Male,France
15672905,Sani,40,Female,Spain
15753955,Lori,34,Male,Spain
15708504,Wong,50,Male,Germany
15592451,Lombardi,32,Male,France
15790455,Obialo,50,Female,France
15572174,Mazzi,29,Male,France
15656330,"Von Doussa",32,Female,Spain
15569626,Miller,35,Male,Spain
15608726,Miracle,24,Male,France
15637366,Su,25,Female,Germany
15778049,Wyatt,29,Male,Germany
15727421,Anayolisa,38,Female,France
15688865,Wade,35,Female,France
15751032,Enemuo,37,Female,Germany
15734737,Bruno,56,Male,France
15746515,Greece,36,Male,France
15664311,Yang,28,Male,Germany
15708139,Brown,40,Female,France
15768574,Anderson,58,Male,Spain
15738018,Johnston,40,Male,France
15699753,Zakharov,41,Male,France
15703199,Golibe,38,Male,Spain
15627830,Nikitina,30,Female,Germany
15570855,Leonard,38,Male,France
15772503,Burns,33,Female,France
15584453,Burtch,32,Male,Spain
15710111,Clark,33,Male,France
15618562,Woodward,40,Female,Germany
15706764,Spencer,35,Female,France
15798737,Chao,38,Male,France
15712608,Costa,42,Female,Germany
15636736,McLachlan,53,Female,France
15703544,Hung,34,Male,Spain
15815645,Akhtar,37,Male,France
15705739,Toscani,32,Male,Germany
15709643,Gray,32,Male,France
15669805,Warren,31,Female,Germany
15737489,Ramsden,46,Female,Spain
15775131,Bartlett,32,Male,Spain
15765283,Wenz,40,Female,Germany
15628715,Kisch,36,Female,France
15813283,Mai,34,Female,France
15745716,McGregor,53,Male,Spain
15598485,Pinto,40,Male,Spain
15696552,Newman,21,Female,France
15754569,Pagnotto,57,Male,France
15701741,Williams,39,Female,France
15572631,Ndubuisi,25,Male,France
15636069,Plummer,28,Male,Spain
15682467,Chimezie,36,Female,France
15790744,Nash,34,Female,France
15625023,Onochie,40,Male,France
15731267,Rizzo,37,Male,France
15742879,Boni,38,Male,Spain
15757015,Davies,41,Female,Germany
15770711,Lu,28,Female,Germany
15569430,Burrows,36,Female,Spain
15617304,Ershova,40,Male,France
15704466,Udokamma,34,Female,France
15664681,Aitken,35,Female,France
15605534,Turnbull,51,Female,Germany
15792473,Reilly,50,Female,Germany
15802625,Hardy,48,Male,Germany
15766017,Brookman,58,Male,Germany
15762172,Kerr,39,Female,France
15728333,McBurney,43,Male,France
15792868,Mickey,69,Male,France
15605698,Harrison,58,Male,France
15777060,Olszewski,33,Female,France
15626243,Chijioke,30,Male,France
15719898,Young,36,Male,France
15599976,Bellasis,27,Female,France
15752809,"De Mestre",43,Male,Spain
15589698,"De Luca",42,Male,Germany
15609977,Mundy,47,Male,France
15750121,Tung,38,Male,France
15734177,Donahue,33,Male,France
15781347,Okagbue,41,Female,France
15592025,Nnaemeka,53,Male,France
15670163,Verjus,27,Female,France
15765402,H?,39,Female,France
15624343,Napolitani,50,Female,Spain
15602354,Ginikanwa,33,Male,Germany
15579183,Spaull,64,Male,France
15584899,Siciliani,35,Female,France
15723658,Voronina,30,Female,Spain
15803965,Tang,55,Male,France
15682489,Crumbley,27,Male,France
15813645,Hamilton,36,Female,France
15766787,Piazza,35,Female,France
15687171,Birch,34,Male,Spain
15690744,Custance,43,Male,France
15707974,Anayochukwu,38,Female,Spain
15673084,Galkin,38,Male,Spain
15814772,Adams,49,Male,Germany
15743709,Toomey,30,Male,France
15610343,Marshall-Hall,37,Female,France
15737414,Shen,35,Male,France
15788480,Pagnotto,33,Female,Germany
15568519,Wood,41,Male,France
15792453,More,42,Female,Spain
15658100,Piccio,42,Female,France
15695197,Tochukwu,25,Female,Germany
15749807,Graham,31,Female,Spain
15773876,Tung,34,Female,France
15591698,P'eng,49,Female,Germany
15712813,Nevzorova,43,Male,Germany
15763898,Toscani,46,Female,Spain
15793324,McKenzie,32,Male,Spain
15757759,Okwuoma,28,Female,Spain
15796230,Morley,36,Female,Germany
15611729,Kerr,39,Male,Germany
15709531,Harding,38,Male,France
15650751,Butler,30,Female,France
15641413,Crawford,49,Female,Germany
15753840,Brown,32,Female,Spain
15669994,Greece,31,Female,Germany
15695301,Matthews,44,Male,Spain
15792004,Heath,26,Female,Spain
15603035,Vincent,34,Male,France
15717286,Sal,40,Female,Spain
15577107,Milne,22,Female,Spain
15754747,Bazile,33,Male,Germany
15705676,Wardle,35,Female,France
15751912,Lilly,36,Male,France
15677336,Aitken,57,Male,Germany
15684395,Enderby,45,Female,Spain
15659949,Chiu,31,Male,France
15812422,Ugorji,41,Male,France
15806941,Sharpe,60,Male,France
15637690,Houghton,34,Female,Germany
15632882,Konovalova,37,Male,Germany
15807107,Patel,32,Male,France
15661034,Ngozichukwuka,29,Female,Germany
15811958,Medland,44,Male,Germany
15785167,Padovano,29,Male,Spain
15646720,Tsui,55,Female,Spain
15658614,H?,38,Female,Germany
15704657,Denman,39,Male,France
15567147,Ratten,40,Male,Spain
15701319,Baxter,37,Female,Germany
15745266,Norman,55,Male,Spain
15650437,Shen,32,Male,Germany
15764314,Reilly,36,Male,Germany
15612594,Ifeanacho,25,Male,Spain
15593501,Graham,36,Female,France
15804150,Lysaght,34,Male,France
15649297,T'ang,62,Female,France
15641110,Abron,41,Male,France
15660608,Chimaraoke,44,Male,France
15806570,Y?an,53,Female,France
15715345,Sergeyeva,25,Male,Spain
15755521,Ma,48,Female,France
15579074,Obiajulu,38,Male,Germany
15641158,Belcher,32,Male,Germany
15752507,K?,60,Male,Germany
15597983,Brown,69,Male,France
15586069,Abernathy,30,Female,France
15655082,Pape,48,Female,France
15720155,Tao,29,Male,Germany
15582116,Ma,45,Female,Germany
15749365,Earle,34,Female,France
15632069,Kazantsev,39,Male,France
15663134,Uspenskaya,58,Male,Spain
15766683,Coombes,36,Male,Germany
15707219,Hopman,28,Female,France
15709232,McKay,47,Female,Germany
15801351,Milanesi,40,Male,France
15578747,Chineze,26,Male,Spain
15675626,Dawson,28,Male,France
15583736,Shih,36,Male,Germany
15590011,Hughes,38,Male,Spain
15609913,Clark,46,Female,France
15719479,Chukwuhaenye,56,Female,Spain
15575147,Wall,22,Male,France
15597309,Howell,36,Male,Spain
15648367,Lo,29,Female,Germany
15758031,Lazarev,38,Male,Spain
15751771,Lowe,32,Male,Germany
15689288,Folliero,26,Female,France
15731026,Han,39,Female,Germany
15775809,Holloway,26,Female,Germany
15743076,Pai,29,Male,Spain
15658258,Trejo,43,Male,France
15756321,Johnston,52,Female,Spain
15706799,Macknight,44,Male,Spain
15775703,Lo,26,Male,France
15642636,Glossop,29,Male,France
15704651,Bishop,26,Male,France
15806771,Yefremova,40,Female,France
15566735,Obialo,36,Female,Germany
15681671,Nkemjika,28,Male,Germany
15775949,Trevisani,38,Female,France
15586752,Parkes,33,Male,Germany
15582519,Seleznyov,47,Male,France
15658233,Naylor,41,Female,France
15755330,Forbes,41,Male,Germany
15605072,Douglas,43,Female,France
15617538,Nwankwo,40,Male,Spain
15591428,Myers,29,Male,France
15692142,Rogova,48,Female,Germany
15692931,Hsing,22,Male,France
15781127,Giordano,33,Female,Spain
15677136,Okwukwe,23,Female,France
15677828,Chalmers,34,Female,France
15567897,Chiazagomekpere,23,Male,Germany
15793641,Evseyev,70,Female,France
15678333,Parry-Okeden,26,Female,France
15630511,Picot,33,Female,France
15792627,Reid,33,Female,Spain
15717191,Ferri,49,Male,France
15625716,Genovesi,33,Female,France
15710053,Neumayer,44,Female,Germany
15580043,Murray,22,Female,Spain
15601410,Tien,46,Female,Spain
15684669,Parkes,41,Female,France
15619083,Yip,35,Female,France
15692207,Ingle,53,Female,France
15730705,Chidubem,37,Male,France
15749688,Lu,32,Male,France
15728542,Vorobyova,71,Female,France
15760063,Chiedozie,23,Male,Spain
15658982,Napolitani,28,Female,Germany
15758769,Coffey,44,Female,France
15778481,Chigbogu,59,Male,France
15661162,Akabueze,49,Male,Spain
15568164,Istomin,34,Female,France
15601569,Ndubueze,40,Female,France
15772383,Toscani,36,Male,France
15667456,Ross,62,Male,Spain
15672983,Fernando,27,Female,Spain
15799534,McClaran,71,Male,France
15582847,Yermakova,26,Male,France
15612478,Somadina,51,Male,France
15709621,Wan,31,Male,France
15802009,Mazzi,33,Female,France
15698816,Tuan,33,Female,Spain
15574830,Townsley,58,Male,Germany
15603082,Yashina,51,Male,France
15685947,Henderson,42,Male,Germany
15643048,Mueller,66,Male,France
15807568,Wright,50,Male,France
15597591,Lung,29,Male,France
15747558,Bryant,38,Female,Spain
15756655,Madukaife,34,Female,France
15589949,Maclean,34,Male,Spain
15601012,Abdullah,60,Female,France
15724269,Yao,25,Male,France
15567506,Cheatham,40,Female,Germany
15791877,Gallagher,34,Male,Germany
15794360,Hao,70,Female,Germany
15686538,Nixon,41,Female,France
15585985,Wang,48,Male,France
15699257,Kerr,42,Male,Spain
15804104,Romani,28,Male,France
15727619,Lock,46,Female,Germany
15740237,Millar,36,Male,Germany
15801436,K'ung,42,Male,France
15705735,Onyekachi,43,Male,Spain
15649359,Somayina,36,Male,France
15624892,Dennis,37,Male,Germany
15784918,Brown,35,Male,Germany
15584785,Ogochukwu,37,Male,France
15797197,Macleod,29,Male,Spain
15574858,Page,37,Male,France
15794101,Barese,48,Female,France
15743245,Agafonova,42,Male,France
15791535,Caraway,28,Male,France
15605215,Stevenson,48,Male,France
15771749,Duncan,38,Female,Germany
15616833,Wang,27,Male,Spain
15750728,Kaur,42,Female,Spain
15769353,Jenkins,40,Female,France
15770091,Edwards,28,Male,Germany
15716420,Kelly,39,Male,Spain
15740602,Boyle,27,Female,Germany
15796071,Loane,29,Male,Spain
15811389,Padovano,35,Female,Germany
15783875,"Li Fonti",34,Female,France
15671800,Robinson,20,Male,France
15677288,Geach,50,Male,France
15633525,Payne,29,Male,France
15634606,Chinonyelum,52,Male,Spain
15579207,Watkins,37,Male,France
15619892,Page,18,Male,Spain
15567778,Genovese,54,Female,Germany
15711750,Watson,34,Female,France
15751084,Mancini,29,Female,France
15768945,Chibueze,27,Male,France
15586931,Hunter,39,Male,Spain
15636353,Buchi,35,Male,Spain
15623858,Charteris,45,Male,France
15703354,Aksenov,33,Female,France
15663987,Wright,30,Male,Spain
15780805,Lu,35,Female,France
15768566,K?,34,Male,France
15643229,Hou,31,Female,France
15754940,Descoteaux,43,Male,Spain
15676576,Stephenson,43,Female,France
15800068,Cooper,46,Female,Spain
15648030,Crump,33,Female,Spain
15668594,Diggs,25,Female,Germany
15728709,Shih,40,Male,Germany
15724181,Hudson,47,Male,Spain
15647546,Carvosso,40,Female,Germany
15702601,Wyatt,30,Male,Germany
15567725,Kodilinyechukwu,46,Female,France
15674179,Vorobyova,34,Male,Germany
15686957,Piccio,35,Male,Germany
15607690,Hsing,47,Male,Germany
15806546,Lucas,46,Male,Spain
15632850,T'ang,37,Male,France
15709016,North,47,Female,Germany
15638068,Thompson,32,Male,Spain
15749345,Simpson,22,Female,France
15791321,Nwora,58,Female,Spain
15699095,Chandler,24,Female,France
15638329,Uspensky,25,Male,Germany
15575445,Ferguson,41,Male,Spain
15752622,Kerr,32,Female,France
15774507,Furneaux,39,Female,France
15570857,Kambinachi,39,Female,Germany
15599386,Black,28,Male,Germany
15744913,Chizoba,36,Male,Spain
15647292,Peng,63,Male,France
15728838,Leach,45,Male,France
15584704,Chiazagomekpele,48,Male,France
15749068,Nickson,40,Female,France
15622985,Lin,39,Female,France
15587676,Alexeieva,30,Male,France
15779496,Sykes,64,Male,France
15733460,Martin,36,Male,Spain
15711457,Herz,28,Female,France
15795290,Nikitina,42,Female,France
15611223,Ko,38,Female,Germany
15794159,Highett,26,Female,France
15780677,Jackson,59,Female,France
15690175,Ball,45,Male,Spain
15722599,Nelson,37,Female,France
15569976,Woronoff,65,Male,Germany
15707011,Morrison,47,Male,France
15702277,Smith,34,Male,France
15801915,Rendall,31,Female,France
15580213,McIntyre,43,Female,France
15637947,Wei,32,Male,Spain
15715888,Allardyce,38,Female,France
15732967,Cremonesi,19,Male,France
15737047,Weatherford,45,Female,France
15694039,Jen,46,Female,Germany
15649457,Macleod,41,Male,Germany
15742809,Mironova,29,Female,Spain
15637829,Sharpe,34,Female,France
15633194,Osborne,41,Female,France
15611635,Chu,39,Female,Spain
15638774,Chong,40,Female,Spain
15722037,Alvarez,36,Male,Germany
15672930,Palerma,37,Male,Spain
15668774,Chiemenam,23,Female,Germany
15780966,Pritchard,32,Female,France
15659694,Wallis,53,Female,Germany
15624424,Palerma,49,Female,Spain
15708713,Hill,35,Male,France
15755405,Hudson,43,Male,France
15647570,Chung,45,Male,Germany
15684348,Zhdanova,63,Male,France
15702541,Fraser,59,Female,France
15646942,Meng,39,Female,Spain
15748920,Cherkasova,49,Female,France
15694581,Rawlings,42,Male,Spain
15643215,Jen,38,Male,Germany
15649060,Chien,31,Female,Germany
15774258,Gorbunov,40,Male,France
15731553,Lucas,23,Male,France
15617029,Young,30,Female,Spain
15780716,Colombo,39,Male,Germany
15577018,Tsao,26,Female,Germany
15809515,Lewis,32,Male,Germany
15789924,Hussain,39,Female,France
15725076,Anderson,27,Female,Spain
15672481,Ulyanov,37,Male,France
15574115,Shaw,41,Female,Spain
15661830,Lucciano,36,Female,Spain
15665879,Gordon,40,Female,France
15673820,Woodward,33,Male,France
15747772,Cunningham,36,Male,Germany
15666197,Boni,38,Female,Germany
15773639,Truscott,35,Male,Germany
15581893,Ginikanwa,43,Male,France
15672447,Bailey,40,Male,Germany
15777830,Hutchinson,42,Female,France
15713890,Maclean,44,Male,France
15577598,Chiang,23,Male,Spain
15786042,Willmore,44,Female,Germany
15753462,Godson,30,Male,Germany
15759690,Smith,42,Male,France
15801414,Bitter,35,Female,France
15656141,Ts'ao,39,Male,France
15608701,Chialuka,29,Male,Germany
15582892,Scott,46,Male,France
15632967,Feng,34,Male,France
15587573,Castiglione,27,Male,Germany
15654891,He,30,Male,France
15611365,Fanucci,32,Female,France
15749103,Ginikanwa,47,Female,Germany
15810203,Manning,44,Female,Germany
15813660,Forlonge,40,Male,Spain
15605673,Liang,29,Female,Spain
15669282,Uchechukwu,20,Female,France
15792726,Sung,25,Female,France
15593241,Tochukwu,43,Male,France
15683053,Reyna,48,Female,Spain
15632736,Liang,30,Female,Germany
15731865,Unwin,27,Male,France
15760450,Rutherford,43,Male,France
15787204,Howe,43,Female,Spain
15650454,Tran,57,Male,France
15573730,Thompson,42,Male,Germany
15705050,Linger,30,Male,France
15791342,Johnston,31,Male,Spain
15684316,Udokamma,43,Male,France
15700540,Barrera,38,Female,Germany
15770631,Sutherland,25,Male,Spain
15790594,Bednall,27,Female,France
15604020,Otoole,36,Female,Germany
15637599,Cremonesi,44,Female,Germany
15736578,Hamilton,39,Male,France
15666332,Donaldson,48,Female,Spain
15727291,McKay,40,Female,France
15785920,Black,35,Male,Germany
15658987,Kane,46,Female,France
15687719,She,37,Female,Spain
15799641,Bruno,39,Male,Spain
15758702,Watson,55,Female,France
15689526,Shih,35,Female,Germany
15586848,Rose,38,Male,France
15707637,Zikoranachukwudimma,56,Female,France
15719426,Cole,67,Male,France
15639265,Isaacs,54,Male,France
15576124,Muravyova,41,Male,France
15757829,Timperley,40,Female,Germany
15633227,Kenechukwu,28,Female,France
15753092,He,35,Male,Germany
15782939,Storey,42,Male,France
15746338,Onyekachukwu,40,Female,France
15590676,Kharlamova,34,Male,France
15599329,Christopher,49,Female,France
15783097,Lombardo,27,Male,Germany
15597885,Kerr,43,Male,France
15597467,Duncan,71,Female,France
15724764,Lawley,42,Female,Germany
15778418,Burns,40,Male,Germany
15684769,Whitson,67,Male,France
15756167,Doyne,43,Female,Spain
15632439,Pinto,39,Female,France
15755138,Chin,32,Female,France
15659092,Davide,50,Female,France
15742116,Torres,48,Female,Germany
15801994,Buccho,31,Male,France
15647572,Greece,34,Male,Spain
15644551,Wimble,37,Female,Spain
15709135,Pirozzi,30,Male,Germany
15684469,Hsiung,32,Male,Germany
15627637,Obioma,23,Male,Germany
15667093,Onio,37,Male,France
15690589,Udinesi,37,Male,France
15595350,Fermin,31,Female,France
15777586,Moss,42,Female,Spain
15804064,Docherty,35,Female,France
15717770,Marcelo,55,Female,Spain
15754443,Fadden,35,Female,France
15776939,Zox,48,Female,Germany
15713517,Otitodilinna,39,Male,France
15683522,Kennedy,37,Female,Germany
15673995,Tu,65,Female,Spain
15771054,Barnes,35,Male,Spain
15578788,Bibi,40,Male,Spain
15737408,L?,41,Female,France
15750837,Landseer,41,Male,Germany
15576022,Nwachinemelu,38,Male,France
15635502,Ch'iu,44,Male,France
15627298,Vinogradova,37,Male,France
15811415,Jenks,44,Female,France
15645059,Crace,28,Female,France
15689671,Packham,27,Male,Spain
15718667,T'ien,35,Male,France
15803202,Onyekachi,51,Male,France
15593683,Solomina,30,Female,Spain
15703394,Hawes,27,Male,Spain
15570289,Benson,43,Male,Germany
15567437,Emenike,30,Female,Germany
15711687,Nero,41,Male,France
15656592,Toscano,48,Male,Germany
15634373,Yang,30,Male,France
15769125,Palerma,41,Female,Spain
15711386,Trentini,29,Female,France
15714241,Haddon,42,Male,Spain
15642530,Coates,47,Female,Germany
15713599,Castiglione,30,Male,France
15744770,Stone,44,Male,France
15780498,Maynard,34,Male,France
15624397,Moore,43,Male,France
15615219,Obielumani,59,Male,France
15570908,Harding,29,Female,Spain
15762855,Hill,23,Female,Spain
15661827,Brown,45,Female,Spain
15746035,Pagnotto,25,Male,Spain
15691906,Esposito,49,Female,Germany
15793424,Tan,28,Female,Spain
15577905,Hammond,34,Male,France
15667216,Chung,29,Female,France
15673971,Houghton,44,Female,Germany
15701238,Chia,47,Male,France
15644849,Zikoranachidimma,32,Female,France
15635531,Boag,30,Female,Spain
15632263,Pagnotto,30,Male,Spain
15720110,Oluchukwu,32,Male,France
15619045,Baxter,43,Female,France
15697510,Tien,52,Female,Spain
15784923,Chimezie,37,Female,Germany
15567383,Slone,44,Female,Germany
15732621,Martin,34,Male,France
15757981,Loggia,66,Male,France
15727819,Hartley,34,Female,Spain
15738088,Parkin,63,Male,Spain
15765173,Lin,60,Female,France
15665159,Brooks,61,Male,France
15618203,Tien,51,Male,Germany
15791452,Dann,39,Male,France
15638159,Trentino,36,Female,Spain
15585466,Russo,29,Male,France
15677310,Christie,62,Male,Germany
15646262,Ross,31,Male,France
15656901,Nnonso,59,Male,France
15621093,Teng,31,Male,Germany
15592123,Buccho,30,Male,France
15589200,Madukaife,34,Male,Spain
15602934,Dunn,33,Female,France
15812720,Hooker,37,Male,Germany
15695383,Griffin,44,Male,Spain
15723064,Kistler,24,Male,Spain
15761606,Law,37,Female,Spain
15650322,Grigoryeva,34,Female,France
15669782,Chu,39,Male,Germany
15751628,Onyemachukwu,60,Male,France
15809057,Lu,27,Female,Spain
15617052,Watson,34,Male,France
15590810,Fallaci,41,Female,Germany
15801293,Ni,27,Male,Germany
15770968,Leason,19,Female,Germany
15572356,Tsai,73,Male,Spain
15603247,Bruner,35,Female,Germany
15619116,Wallace,36,Female,France
15691792,Young,35,Male,Spain
15783276,Forbes,25,Female,France
15766137,Muir,34,Male,France
15574554,Pugh,66,Male,Germany
15578671,Webb,29,Female,Spain
15716608,Walker,38,Male,Spain
15690670,Cox,33,Male,France
15630466,Maclean,45,Male,France
15630349,Hollis,23,Male,Spain
15803801,Jamieson,34,Male,France
15647890,Su,37,Male,France
15606115,P'eng,52,Female,France
15714642,Hawkins,40,Female,Spain
15741181,Ndubuagha,41,Male,France
15773973,Hill,41,Male,France
15758546,Norton,39,Male,Spain
15598940,Achebe,38,Male,Germany
15669783,Simpson,60,Female,France
15624993,Chiang,36,Female,France
15760568,Dalrymple,38,Female,Germany
15699047,Chukwuemeka,21,Female,France
15616168,Ojiofor,35,Female,France
15773146,Rubeo,26,Male,France
15770375,Fanucci,26,Female,Germany
15589725,Zubarev,51,Female,France
15710034,T'ao,43,Male,Germany
15800806,Pai,31,Male,Spain
15570485,Udegbunam,40,Male,Spain
15575391,Claypool,37,Female,France
15790750,Manfrin,36,Male,Germany
15714832,Baker,36,Male,Germany
15619953,Efremov,42,Female,Spain
15673929,Chin,64,Male,France
15578835,Brookes,50,Female,Spain
15752388,Doyle,35,Female,Spain
15797081,Ajuluchukwu,49,Female,Germany
15570194,Ikemefuna,29,Male,France
15580149,Fowler,41,Male,Spain
15777708,Liao,38,Female,Spain
15769955,Onuora,40,Female,France
15810444,Aksenov,39,Female,Germany
15645593,Trevisani,41,Female,France
15765345,Wood,35,Male,France
15760873,Lombardo,50,Male,France
15794178,Walpole,34,Male,France
15589361,Chikwendu,34,Male,Spain
15662483,Ko,43,Male,France
15809736,Steigrad,46,Male,France
15731148,Isayeva,33,Male,France
15774328,Boni,40,Male,Germany
15646969,Anayolisa,33,Male,Spain
15718769,Fallaci,36,Male,Spain
15610226,Fenton,27,Female,France
15616270,Chao,42,Male,Spain
15790717,Osinachi,35,Male,Spain
15635703,Chu,39,Female,Germany
15616365,Obiuto,53,Female,France
15630244,Chu,40,Male,France
15734714,Nash,29,Female,France
15721433,Hixson,38,Female,France
15590201,Fiorentini,50,Female,Spain
15590828,Chidimma,42,Male,Germany
15752097,Chiazagomekpere,38,Male,Spain
15800031,Laura,43,Male,France
15630857,Wu,39,Female,Spain
15689953,Toscani,43,Male,Spain
15759733,McMillan,26,Female,France
15810826,Chiekwugo,36,Male,France
15668009,Hendley,37,Male,Spain
15743456,Birnie,32,Female,France
15725762,Kemp,24,Male,France
15761713,Johnstone,43,Female,France
15769246,"Lo Duca",59,Male,Germany
15781129,Montgomery,38,Male,Spain
15599124,Miller,29,Female,France
15639004,Chiemezie,72,Male,France
15810995,Wright,34,Male,Germany
15653773,Shaw,38,Female,France
15708357,Chapman,38,Female,Spain
15733597,Y?an,41,Female,France
15789560,Clark,42,Male,France
15699524,Howells,30,Female,France
15626475,Gamble,30,Male,France
15810839,Rogers,34,Male,France
15684318,McMillan,50,Female,Germany
15768120,Brown,36,Male,Germany
15712807,Robertson,46,Male,Spain
15696371,Thomas,24,Female,Spain
15675794,Hsing,47,Male,Germany
15774277,Chiu,43,Male,France
15603764,Chang,49,Male,France
15618647,Kornilova,29,Male,France
15614643,Chifo,39,Female,Spain
15707696,Lu,28,Female,Spain
15749583,Bellucci,38,Female,Germany
15815125,Michael,45,Male,Spain
15779620,Sinclair,36,Male,France
15768233,Chukwuebuka,37,Male,Germany
15637788,Schmidt,23,Male,France
15777046,Parry,39,Female,France
15788723,McIntyre,49,Female,Germany
15790489,"Lo Duca",34,Male,Spain
15739476,Ferrari,32,Female,France
15612670,Berry,46,Female,Spain
15631222,Cattaneo,39,Female,France
15658972,Foster,40,Female,France
15724691,Gordon,34,Male,France
15740442,May,51,Male,France
15760427,Cameron,40,Male,France
15677939,Ch'eng,41,Female,France
15611599,Curtis,71,Female,France
15633474,Whitehead,51,Male,France
15671973,Chukwuemeka,39,Male,Spain
15790019,Onwughara,35,Male,France
15737735,Grant,40,Male,Spain
15661745,Browne,36,Male,France
15797065,Goloubev,32,Female,Spain
15710671,Gordon,34,Male,France
15656522,Sutherland,32,Male,Spain
15705085,Quesada,29,Female,Spain
15744873,Wright,48,Female,Germany
15781914,Simmons,32,Male,Germany
15637354,Yobachukwu,24,Female,France
15717307,Read,31,Male,France
15746695,Wunder,39,Female,France
15804962,Nnaife,36,Male,France
15665378,Shen,46,Female,France
15757865,Powell,62,Male,France
15578787,Goddard,52,Female,France
15794323,Buckley,32,Male,France
15697546,McIntyre,36,Female,France
15629519,Yen,37,Female,France
15624703,Okonkwo,35,Male,Germany
15570002,Burlingame,55,Female,Germany
15808566,Hs?,46,Male,France
15805463,Board,32,Male,Germany
15709136,Adams,28,Male,France
15801605,Rizzo,39,Female,France
15567855,Chukwufumnanya,29,Female,France
15675141,Fraser,35,Female,France
15665759,Russell,69,Female,France
15761487,Yefimova,55,Female,France
15700394,Palermo,26,Female,Spain
15631162,Bergamaschi,32,Male,France
15630641,Shao,37,Female,France
15585066,Chimaraoke,43,Female,France
15722991,McGregor,54,Male,France
15737404,Kesteven,31,Male,France
15722409,Ritchie,47,Male,Spain
15806420,Jenks,34,Male,France
15658148,Udokamma,38,Male,France
15810660,Boyle,34,Male,Germany
15709780,Azuka,37,Female,France
15727350,Pai,37,Female,France
15752312,Howells,49,Male,Spain
15616745,Hs?,35,Male,Spain
15572294,Kelly,28,Male,France
15674110,Walton,43,Female,France
15662501,Ebelechukwu,48,Male,France
15649239,Vasilieva,46,Male,Spain
15700424,Hsiao,35,Female,France
15636388,Abrego,23,Female,Germany
15713975,Gibson,47,Female,Germany
15592925,Giordano,42,Male,Spain
15581626,Mancini,54,Male,France
15641319,Afanasyeva,50,Male,Spain
15723481,Wright,42,Male,Spain
15787825,Okwudiliolisa,37,Male,Germany
15710726,Hughes,52,Male,France
15627195,Parrott,26,Male,Germany
15657957,Hughes,26,Female,Germany
15676117,Zinachukwudi,44,Male,France
15607874,Keane,38,Male,France
15796993,McCollum,52,Male,France
15649858,Simpson,37,Male,Spain
15811032,Gambrell,58,Female,Germany
15679963,Moretti,43,Male,Germany
15579131,Ricci,25,Male,France
15572428,Rieke,33,Female,Germany
15622461,Ndubuagha,51,Female,France
15636105,Chung,61,Male,Spain
15583849,Ts'ai,40,Male,France
15718780,Cox,32,Female,Spain
15739271,Lei,33,Male,Germany
15697129,Ulyanova,43,Female,Spain
15763415,Gray,41,Male,Germany
15796617,McGregor,29,Male,France
15626628,Tretiakova,31,Female,Spain
15765857,Genovesi,41,Male,Spain
15742511,Gordon,35,Male,France
15786433,Aitken,35,Female,Germany
15685805,Ginikanwa,35,Female,Spain
15627971,Coates,32,Female,France
15783025,Piazza,37,Male,Germany
15726289,Cawood,25,Male,France
15802118,Ignatieff,41,Male,Spain
15607990,Gallo,43,Male,Spain
15695932,Yelverton,36,Male,Spain
15812279,William,37,Male,France
15687558,Mault,31,Female,Germany
15729065,Mackay,28,Male,Germany
15698902,McIntyre,42,Female,Germany
15570192,Henry,40,Female,Germany
15809265,Kao,35,Female,France
15745201,Frewin,43,Female,France
15580623,Yefremova,28,Male,Spain
15578156,Anenechukwu,32,Male,Spain
15631063,Trentino,33,Female,France
15692577,Tomlinson,38,Female,Germany
15810910,Royston,38,Female,Spain
15723217,Cremonesi,37,Male,France
15733111,Yeh,32,Male,Spain
15610727,Ch'in,36,Male,France
15792720,Martinez,33,Male,France
15723153,Wearing,33,Male,Spain
15802823,Maclean,38,Female,Spain
15756118,T'ao,20,Male,Spain
15684934,Rose,31,Male,France
15776936,Whitworth,40,Male,France
15729087,Suttor,54,Male,Germany
15786463,Hsing,59,Female,Germany
15717498,Boni,42,Male,France
15718406,Marshall,41,Male,France
15799468,Catchpole,34,Female,France
15626383,Tang,60,Male,Spain
15597385,Siddons,41,Male,Spain
15570271,Wan,31,Male,Spain
15690330,Efimov,40,Female,Germany
15680611,Rose,67,Male,France
15810227,Fanucci,34,Male,France
15807194,Iweobiegbulam,34,Male,Spain
15712199,Ijendu,61,Female,Germany
15694995,O'Sullivan,23,Male,France
15723400,Hutchinson,28,Male,France
15654772,Kwemto,47,Female,France
15574743,Chiu,29,Male,Spain
15807593,Berry,36,Female,Spain
15686718,Hung,37,Male,Germany
15695299,Mordvinova,45,Female,France
15722701,Bruno,18,Male,Germany
15799635,Arbour,51,Male,Spain
15742323,Barese,39,Male,France
15658435,Hingston,27,Female,France
15586029,Davis,34,Male,Germany
15772337,Lawrence,49,Female,Germany
15807555,Chung,45,Male,France
15603378,Padovano,36,Female,France
15792862,Blinova,41,Male,Germany
15657349,Carter,50,Female,Germany
15777614,Webb,44,Female,Spain
15653952,T'an,38,Female,Germany
15724336,Yates,49,Female,Germany
15689594,Su,29,Male,France
15801920,Christian,39,Male,Germany
15653347,Chiu,47,Male,Spain
15749951,Sacco,27,Male,Germany
15648178,Lettiere,23,Female,Germany
15738662,Daluchi,41,Male,Germany
15640855,T'ien,40,Male,Germany
15584288,Hung,33,Female,France
15760988,Liu,33,Male,Germany
15569624,Feng,31,Female,Germany
15597949,Gilbert,47,Female,Germany
15604551,Robb,35,Female,France
15617476,Manfrin,30,Female,France
15645323,Chinwenma,55,Male,France
15793311,Smith,46,Female,Germany
15764153,Rowe,33,Female,France
15802560,Moran,48,Female,Spain
15728608,Walker,34,Female,Germany
15770474,Myers,33,Female,France
15724444,Wall,38,Female,France
15753110,McKay,64,Male,Spain
15711521,Egobudike,39,Male,France
15632816,Williams,49,Female,Germany
15693637,Ochoa,30,Female,France
15725509,Otutodilinna,30,Male,Germany
15684645,Ajuluchukwu,41,Male,Germany
15692235,Bellucci,38,Female,France
15777459,Gordon,32,Female,Spain
15656937,Johnston,26,Male,Spain
15610643,"De Luca",44,Male,Germany
15777315,Hill,43,Male,France
15611058,Eluemuno,60,Female,Germany
15630413,Howarth,41,Female,France
15635942,Thomson,40,Male,France
15648858,King,27,Female,France
15810732,Grant,36,Female,France
15705448,Gilbert,52,Male,Germany
15730488,Richmond,27,Female,Spain
15620443,Fiorentino,81,Female,France
15741078,Greece,54,Male,France
15753161,Dickson,36,Female,France
15711396,Henderson,40,Male,Spain
15593499,Stevens,47,Female,Spain
15579189,Mitchell,42,Female,France
15743545,Nworie,29,Female,Spain
15791316,Boni,35,Male,France
15608246,Wentcher,36,Female,Germany
15676526,Bentley,34,Female,France
15813911,Hayes-Williams,39,Female,France
15630195,Johnstone,40,Female,France
15736250,Johnstone,38,Male,France
15671334,Nixon,31,Male,France
15574169,Trevisano,32,Female,Germany
15718839,Tsui,38,Female,Germany
15762331,Moss,37,Male,France
15606901,Graham,43,Male,France
15713559,Onyemauchechukwu,32,Female,Germany
15768881,Saunders,29,Male,France
15743075,Ko,35,Male,France
15660980,Cairns,38,Male,Spain
15810942,Chiemela,61,Female,Germany
15728362,Robertson,29,Female,France
15683339,P'eng,34,Female,Spain
15685476,Tseng,31,Male,France
15663650,Russell,52,Male,Germany
15617434,Yen,38,Male,Spain
15622470,Yeh,41,Male,Spain
15703682,Kalinina,33,Male,Spain
15727391,Collier,29,Male,Germany
15711062,Thomas,40,Male,Germany
15567339,Shaw,73,Male,France
15760662,Francis,29,Female,Germany
15605737,George,36,Male,France
15692977,Ikenna,36,Female,Germany
15672082,Schatz,62,Male,France
15600280,Tao,32,Female,France
15804052,Scott,23,Male,Spain
15576065,Sims,40,Female,Spain
15796838,Chibugo,58,Male,Spain
15693526,Ku,40,Female,France
15748595,Stanton,29,Female,France
15679029,Kung,33,Male,France
15753639,Gibson,37,Male,France
15604138,Iheanacho,34,Male,Spain
15666095,Costa,51,Male,Spain
15643487,Sal,39,Male,Spain
15764033,Lin,43,Female,Germany
15747288,Ferri,40,Female,Spain
15790599,Yin,39,Female,Germany
15737705,Avdeyeva,27,Female,France
15737194,Tu,33,Female,France
15726776,Donnelly,36,Male,Spain
15804357,Loggia,40,Male,France
15664432,Chao,49,Female,Spain
15688984,Belonwu,20,Male,France
15583026,Welch,38,Female,France
15771668,Henderson,59,Male,France
15779904,Yobanna,29,Female,France
15784323,Gallo,21,Female,France
15756277,Wilson,43,Female,Germany
15663312,Marino,35,Female,France
15793197,Bailey,34,Female,France
15731463,Gboliwe,43,Male,Germany
15621768,Chukwuhaenye,45,Male,Spain
15691323,Bianchi,40,Male,Germany
15781326,Ford,35,Male,France
15595640,Rizzo,37,Male,France
15814331,Lung,43,Female,Germany
15602030,Ramirez,28,Male,France
15747974,Sabbatini,49,Male,France
15611315,Ts'ao,23,Female,Germany
15636977,Trevisan,36,Male,Germany
15690337,Chinwenma,27,Female,France
15680666,Berry,39,Female,Spain
15679551,Colombo,46,Female,Spain
15778915,Harris,32,Female,France
15568849,Bryan,31,Female,Spain
15747762,Chigozie,32,Male,France
15753679,Mullawirraburka,24,Male,France
15750049,Steele,40,Male,France
15606097,Zakharov,63,Male,Germany
15802368,Ch'eng,47,Female,France
15767488,Berry,36,Male,Spain
15669946,Jen,46,Female,Germany
15612103,Wang,35,Female,Germany
15645353,Chubb,26,Male,France
15650018,Chen,43,Female,France
15659002,Mazzanti,45,Female,France
15616028,T'ao,30,Male,France
15660475,Ndubueze,54,Female,France
15652615,Ferri,39,Male,France
15653572,Thornton,43,Male,Spain
15628059,DeRose,61,Male,France
15703413,Montes,38,Female,France
15610433,Kwemto,35,Male,France
15770548,Lucchese,28,Female,Germany
15645637,Huggins,39,Female,Germany
15590888,Wade,34,Female,Spain
15568326,Kenenna,44,Female,France
15655368,Wheeler,47,Male,France
15665579,Cartwright,28,Female,France
15676091,Iloerika,42,Male,France
15716984,Palermo,56,Female,Spain
15715078,Nkemakolam,35,Male,France
15569452,Butler,58,Female,Germany
15628863,Calabresi,38,Male,France
15778192,Nkemdilim,28,Male,Spain
15793723,Ch'iu,32,Male,Germany
15798943,Alexander,46,Female,France
15764708,Chiabuotu,30,Male,France
15791040,Vasilyeva,58,Male,Spain
15631512,Schneider,26,Female,France
15640106,Mason,40,Male,France
15710315,Chukwukadibia,29,Male,Germany
15771535,Tsui,37,Female,Spain
15611947,Banks,34,Male,France
15670266,Shih,28,Female,France
15609083,Tretiakova,26,Female,France
15567923,Barese,30,Female,France
15788183,Longo,43,Female,Germany
15735782,MacDonald,31,Male,France
15774401,Chambers,51,Male,Spain
15737971,Cowen,30,Female,France
15758750,Iweobiegbunam,31,Male,France
15611767,Mai,52,Female,Germany
15643770,Yu,52,Female,France
15744717,Duffy,44,Female,France
15570681,Chiang,24,Male,France
15792650,Watts,36,Male,Spain
15605531,Daly,38,Female,Spain
15605339,Baker,37,Female,France
15672216,Uvarov,40,Female,France
15812893,Costa,39,Female,France
15624180,Genovesi,37,Female,Germany
15701364,Doherty,30,Male,France
15762588,Kaleski,31,Male,France
15806318,Wright,48,Female,Germany
15712596,Huang,31,Male,France
15600399,Trentino,60,Male,France
15576216,Chienezie,37,Female,Germany
15620750,Sugden,28,Male,France
15623489,Tu,67,Female,France
15667944,Onuchukwu,39,Male,France
15584928,Ugochukwutubelum,32,Female,Germany
15779913,Davidson,27,Male,France
15644977,Goddard,31,Female,France
15749679,Beck,39,Male,France
15629010,Beam,35,Female,Germany
15768465,Sheppard,35,Male,Germany
15767781,Godfrey,38,Male,France
15635364,Gray,49,Female,France
15722004,Hsiung,31,Female,France
15766044,Cameron,49,Male,Germany
15586680,Fleming,27,Male,France
15635388,Austin,47,Male,Spain
15655175,Wallace,40,Male,Germany
15639133,Ku,50,Female,France
15799653,Fiorentino,32,Female,Germany
15723872,Buccho,46,Female,Spain
15775627,Gordon,35,Male,France
15630704,Haworth,32,Male,Germany
15815534,Guidry,37,Male,Spain
15697249,Lettiere,25,Female,Germany
15681316,Tai,41,Female,France
15682523,Chigozie,20,Male,France
15650244,Bezrukov,29,Male,Spain
15648638,Chia,34,Male,Spain
15795747,Sheppard,39,Female,Spain
15607330,Vasilyev,42,Male,Spain
15624013,Maxwell,39,Female,France
15800805,Maher,31,Female,France
15667321,Cocci,49,Male,Spain
15601116,P'an,32,Male,France
15622033,Rapuluchukwu,41,Female,Germany
15758451,Azuka,37,Male,Germany
15688689,Esposito,37,Female,Germany
15652674,Hou,20,Male,France
15806327,Cyril,40,Female,France
15649618,Tomlinson,39,Female,Germany
15677117,Crawford,61,Female,France
15751445,Chikwado,52,Female,Germany
15749669,Hargreaves,31,Female,France
15656351,Laidley,60,Male,Spain
15667438,Ferguson,38,Female,France
15682273,Burns,38,Female,France
15580912,McNeill,32,Male,France
15785183,Chukwuebuka,29,Male,Spain
15705383,Shen,35,Male,France
15712903,Diaz,21,Female,France
15774285,Kentish,47,Female,Spain
15583138,Persse,42,Male,France
15740160,Okwukwe,31,Male,France
15793425,Watt,33,Female,Spain
15749265,Carslaw,42,Male,Germany
15623989,Griffin,54,Male,France
15604832,Hsia,29,Male,France
15584580,Fyodorova,35,Male,France
15573854,Chukwujekwu,62,Male,France
15614847,Townsend,45,Female,France
15679966,Marsh,31,Female,France
15799435,Hayes,34,Male,Spain
15752186,Padovano,27,Female,France
15705544,Ma,61,Male,France
15713632,Ham,48,Female,Spain
15586523,Paten,29,Female,Germany
15609176,Cawthorne,32,Female,France
15769308,Herbert,36,Female,Germany
15676810,Jen,31,Female,France
15634591,Saunders,33,Male,France
15679804,Esquivel,36,Male,France
15677764,Chao,74,Female,Germany
15571917,Eluemuno,38,Female,Germany
15574608,Sidorova,36,Male,France
15740868,Pirogova,45,Female,Germany
15702442,Benson,56,Female,Germany
15699797,Santana,30,Male,France
15648047,Williamson,27,Male,Germany
15766826,North,26,Male,France
15591628,Davies,41,Male,Germany
15583857,Siciliano,43,Female,Spain
15752534,Mironov,36,Male,France
15741403,Amechi,38,Female,Spain
15783589,Toscano,40,Male,France
15598046,Su,39,Female,France
15643330,Chukwuemeka,37,Male,France
15680405,P'eng,40,Male,France
15728683,Lombardo,27,Male,France
15621644,Lombardi,83,Male,Germany
15733032,Butler,47,Male,Spain
15608381,Dean,50,Male,Germany
15658946,Piccio,40,Male,Germany
15757912,Bradley,37,Female,Germany
15645371,Cameron,51,Female,Germany
15653110,Chan,42,Male,France
15766355,Lettiere,49,Male,Germany
15585249,Mironova,42,Male,France
15611786,Tsui,69,Female,Spain
15575486,Okoli,27,Female,France
15780215,Berry,31,Male,France
15686099,Ruse,61,Male,Spain
15739042,Bogolyubov,35,Female,France
15815316,Kennedy,50,Male,France
15778489,Bolton,71,Male,Germany
15786389,Chuang,41,Female,Spain
15601787,Greco,35,Male,Germany
15624715,Ma,40,Female,Spain
15763093,Nucci,35,Female,Germany
15572073,Yao,35,Male,Spain
15780256,Palfreyman,34,Male,France
15659305,Webster,19,Male,Germany
15638882,Cardell,62,Female,Germany
15714680,Bianchi,78,Female,France
15777217,Somadina,25,Male,Spain
15739123,Mellor,50,Male,Germany
15594450,Tomlinson,49,Male,France
15797751,Pai,47,Female,Germany
15691543,Lennox,58,Male,Germany
15722845,Meldrum,29,Male,Spain
15605804,Watson,45,Male,France
15702061,Findlay,29,Male,France
15694321,Su,28,Female,France
15798749,Davidson,43,Female,Germany
15720050,Barrett,28,Female,France
15758048,Miah,50,Male,France
15805681,Chamberlain,41,Male,France
15802809,Vidal,36,Female,Spain
15807239,Lung,34,Female,France
15749093,Tretyakova,43,Male,France
15689344,Montgomery,42,Male,Spain
15606076,Golubev,63,Male,Germany
15610090,Han,40,Male,France
15693926,Pan,37,Male,Spain
15791501,Carroll,43,Male,France
15621870,Hawkins,40,Female,Spain
15734711,Loggia,42,Male,France
15814405,Chesnokova,46,Female,France
15729359,Chambers,29,Female,France
15606944,Fleming,43,Male,Germany
15671934,Veale,39,Male,Germany
15641773,Browne,45,Male,Germany
15701972,Parsons,35,Male,France
15749114,Bailey,35,Male,Spain
15780362,Ferrari,49,Female,France
15753229,Genovese,29,Male,France
15656009,McIntyre,36,Female,France
15785024,Warner,40,Female,France
15670492,Gordon,28,Male,France
15795458,McMillan,39,Female,Spain
15732438,Cheng,43,Male,France
15781987,Akhtar,31,Male,France
15775826,Iadanza,30,Male,France
15807457,Abernathy,36,Female,Spain
15632538,Watson,32,Female,Spain
15641389,Shen,48,Male,Germany
15657306,Kershaw,47,Female,France
15709447,Reed,26,Female,France
15762682,Mitchell,35,Female,Spain
15626042,Webb,26,Female,Spain
15597109,Vanzetti,70,Male,France
15756148,Nnanna,45,Male,Spain
15665634,Campbell,38,Female,France
15739997,Capon,23,Female,France
15686242,Otutodilichukwu,57,Female,France
15759244,Boone,44,Male,Germany
15672027,McIntyre,33,Female,Germany
15594576,Zhdanov,32,Male,France
15707138,Nagy,39,Male,Spain
15756954,Lombardo,32,Female,France
15619130,Simpson,37,Female,Germany
15639665,Herbert,61,Male,Spain
15571065,Lehr,39,Female,Spain
15686060,Chou,43,Male,Germany
15615753,Upchurch,35,Female,Germany
15800961,Ugorji,52,Male,Germany
15763065,Palerma,40,Female,Spain
15672467,Coles,52,Female,France
15752915,Hsueh,34,Female,France
15744695,Tu,39,Male,France
15584897,Kuo,31,Female,France
15601857,Woodhouse,46,Female,Germany
15674156,Tretiakova,69,Male,Germany
15695465,Gibson,36,Female,France
15792232,Moss,43,Female,Spain
15807900,Chineze,36,Male,France
15743760,Davidson,31,Male,France
15652835,Liang,27,Female,Spain
15767818,Graham,55,Male,France
15591150,Nwebube,34,Male,Spain
15734659,Sozonov,46,Female,Germany
15796115,Forbes,40,Female,Germany
15724648,Chikezie,26,Male,France
15737732,Onwuemelie,44,Female,France
15632280,Toth,53,Female,Spain
15750407,Hunt,43,Female,Germany
15795370,Mazure,37,Male,Germany
15656829,Hughes,33,Female,Spain
15643794,Bennett,27,Female,Spain
15798605,Tien,26,Male,Germany
15637324,Kay,28,Female,France
15589589,Bryan,34,Male,France
15778936,Ingamells,33,Male,France
15757385,Milne,28,Female,Spain
15666200,Lombardo,40,Female,France
15683977,Owens,72,Female,Spain
15675518,Charlton,53,Female,Spain
15584812,Overby,39,Female,Spain
15752984,Chifley,70,Female,France
15577913,Oliver,32,Female,France
15591980,Hill,33,Male,France
15598948,DeRose,24,Female,Spain
15574142,Chuang,28,Female,Germany
15582903,Edwards,39,Male,France
15733229,Rodriguez,34,Female,Spain
15635752,Lo,38,Male,Germany
15771000,Powell,38,Male,France
15804864,Chu,27,Female,France
15641175,Munro,63,Male,Germany
15692226,Onwumelu,31,Female,France
15584156,Siciliani,27,Male,Spain
15702656,Yobachi,33,Female,France
15606552,Akabueze,37,Male,France
15687001,Chiemenam,54,Male,Germany
15781903,Odinakachukwu,41,Male,Germany
15731951,Reilly,28,Female,Spain
15580953,Forbes,30,Male,France
15810390,Amadi,41,Female,France
15628274,Ferri,35,Male,Germany
15615444,Y?an,28,Male,Germany
15784010,Williamson,33,Male,Germany
15571586,Briggs,29,Male,Spain
15748616,Napolitani,27,Male,France
15769402,Carpenter,27,Male,France
15739248,Lin,52,Male,France
15603481,Robinson,55,Female,Spain
15723604,Collins,39,Male,France
15797822,Kingsley,28,Male,France
15665064,Harvey,36,Male,France
15640580,Obiora,47,Female,France
15581089,Knight,35,Male,Spain
15728605,Hung,40,Male,France
15737385,Curtis,46,Female,Spain
15714789,Perez,24,Male,France
15786035,Gosnell,39,Male,France
15815259,Fang,56,Female,France
15592716,Clarke,52,Male,France
15734850,Milanesi,36,Male,Spain
15638047,Chia,45,Female,Germany
15674573,Gearhart,25,Female,France
15694859,McLean,28,Female,Germany
15776404,Williamson,22,Male,France
15579345,Murphy,74,Female,Germany
15690733,Angelo,45,Male,Spain
15631481,Thomson,51,Male,France
15620988,Murray,46,Male,France
15571529,Kirby,48,Female,Germany
15592104,Lane,41,Female,France
15651900,Bergamaschi,53,Female,Germany
15596212,Yang,35,Male,Spain
15710687,Mills,33,Female,France
15613787,Chidubem,35,Male,Spain
15599211,Findlay,40,Male,France
15675983,Wood,36,Female,France
15622370,Boyle,30,Male,Germany
15656319,Toscano,37,Male,Spain
15605130,Seccombe,32,Male,France
15672574,Uspenskaya,32,Female,Spain
15659355,McKenzie,32,Male,Spain
15777907,Liang,33,Female,France
15655171,Yermakova,80,Male,France
15619674,White,35,Female,France
15775192,Rounsevell,48,Female,Germany
15617657,Ts'ai,36,Female,France
15688951,Stoneman,43,Male,Germany
15763460,Yao,33,Male,France
15756992,Chukwukere,37,Male,France
15617454,Ifeatu,25,Female,France
15701932,Millar,52,Female,France
15700813,Igwebuike,25,Female,Germany
15645600,Obidimkpa,27,Female,Spain
15634146,Hou,18,Male,Germany
15686743,Moody,29,Male,Spain
15698792,Keldie,48,Female,France
15591724,Liu,44,Female,France
15571281,Ts'ao,28,Male,France
15661380,Walker,69,Male,France
15728885,Defalco,41,Male,France
15618950,"Lo Duca",26,Male,Spain
15609804,Hyde,29,Male,France
15735849,Kanayochukwu,26,Female,France
15652948,Yen,33,Male,France
15618155,Ts'ui,45,Male,France
15566378,Tillman,48,Male,France
15565879,Riley,28,Female,France
15792922,Tu,38,Male,Spain
15770567,Ruiz,32,Female,France
15738042,Goliwe,37,Male,Germany
15714920,Balashov,44,Male,Germany
15782121,Leonard,27,Female,France
15673180,Onyekaozulu,18,Female,Germany
15660636,Carpenter,40,Female,Spain
15664504,Beede,35,Male,France
15790322,Beneventi,32,Female,France
15739847,Sadlier,38,Male,Germany
15699415,Lewis,46,Female,France
15665521,Chiazagomekpele,18,Male,Germany
15682868,Elliott,40,Female,France
15584462,Liang,34,Male,France
15661708,She,41,Female,France
15584452,Bozeman,41,Male,France
15717010,Yu,60,Female,France
15643828,Teng,29,Male,France
15733361,Davide,45,Female,Germany
15795488,Beneventi,52,Male,Spain
15581551,Yobachukwu,41,Male,Spain
15632051,Douglas,42,Female,Germany
15780409,Egobudike,40,Male,France
15572767,Shelby,29,Male,France
15590337,Golubov,29,Male,France
15634551,Williamson,46,Male,Germany
15669290,Fan,38,Male,France
15621140,Nwebube,37,Male,Spain
15613518,Bellucci,35,Female,France
15728043,Udinese,37,Female,Germany
15570073,Marian,57,Male,Spain
15777033,Chizoba,29,Male,France
15682454,McFarland,34,Female,France
15758513,McDonald,43,Male,France
15772604,Chiemezie,36,Male,Spain
15721715,Fane,40,Female,France
15688563,Marchesi,31,Male,Germany
15772009,Scott,41,Female,France
15809585,H?,38,Male,France
15593778,Craig,29,Female,France
15655360,Chikelu,72,Female,Germany
15780909,Caffyn,34,Male,Germany
15757310,Otitodilichukwu,67,Male,Germany
15801411,Green,46,Male,Spain
15761706,Y?an,39,Female,Spain
15658409,Mao,41,Male,France
15810010,Dahlenburg,36,Male,Germany
15627027,Shih,39,Male,France
15624374,Maclean,28,Male,France
15720083,Fiorentino,42,Male,Spain
15752294,Long,38,Female,France
15743193,Olson,37,Male,France
15696733,McKenzie,29,Male,France
15677522,Rossi,33,Male,France
15643523,Power,30,Female,Spain
15624936,Yen,35,Male,France
15716085,Norris,41,Female,Spain
15641688,Collier,18,Male,Spain
15796834,Rivers,35,Male,Germany
15720123,Hudson,37,Male,Spain
15604732,Milani,30,Female,France
15723484,Hunt,42,Female,Germany
15807120,Oluchukwu,52,Female,Germany
15810891,Lorenzo,34,Male,France
15640407,Chidiegwu,45,Male,Germany
15778838,Warren,38,Male,France
15709256,Glover,28,Female,France
15742285,Andersen,62,Male,France
15729019,Arcuri,34,Male,Spain
15608588,Mackinlay,41,Male,Germany
15610557,McCarthy,35,Female,Spain
15786418,Chiu,20,Female,France
15653050,Norriss,76,Female,Germany
15744914,Moore,42,Male,Germany
15669611,Mott,71,Male,France
15594786,Ts'ai,34,Male,Germany
15649211,Fokina,40,Male,Spain
15766066,Nikitina,28,Female,Germany
15772216,Henry,67,Female,France
15619898,Chiefo,55,Male,France
15724543,Mao,61,Male,France
15755084,Bezrukova,37,Male,France
15730441,Dodd,26,Male,France
15666767,Lori,35,Male,France
15690456,Yudina,32,Female,Germany
15570533,Conti,55,Female,Germany
15797692,Volkova,33,Female,France
15603135,Boni,59,Female,Germany
15698927,Ritchie,39,Male,France
15687363,McMillan,31,Male,France
15733444,Phillips,29,Female,France
15678057,Lombardi,44,Male,France
15806918,Ireland,28,Male,France
15638247,Boan,44,Male,Spain
15674833,Shao,35,Female,France
15812534,Chiemenam,40,Male,France
15586522,Hunter,37,Male,Spain
15794297,McKay,36,Male,France
15737025,Roberts,33,Male,France
15615931,Aitken,37,Female,France
15664860,Chao,47,Female,Spain
15664539,Bruce,35,Male,Spain
15583692,Chan,35,Female,Germany
15693131,Watts,24,Female,France
15779973,Gibbons,35,Male,Germany
15620557,Ni,37,Male,Spain
15639549,Jen,33,Female,Germany
15618750,Phillips,31,Male,France
15796790,Amaechi,47,Female,France
15668309,Maslow,40,Female,France
15732437,Rowley,44,Female,Germany
15665158,Chukwuemeka,27,Male,Spain
15689322,Bevan,31,Male,Spain
15596624,Topp,22,Female,France
15601977,Burgoyne,44,Male,Spain
15801462,Yermakov,31,Male,France
15566139,Ts'ui,37,Female,France
15791006,Kodilinyechukwu,34,Female,Germany
15668057,K?,31,Female,France
15580805,Marino,27,Male,France
15658768,Lucas,49,Female,France
15613048,Anderson,40,Female,Germany
15803654,Wei,31,Female,France
15662337,Baldwin,50,Female,Germany
15650924,Foster,32,Female,Spain
15647203,Gebhart,35,Female,France
15682778,Fedorov,34,Male,France
15579820,Robertson,38,Male,Spain
15709354,Tudawali,41,Female,France
15728480,Iloerika,35,Female,France
15641091,Onyemauchechukwu,31,Female,France
15603111,Muir,71,Male,Spain
15679693,Walker,31,Male,France
15797190,Charlton,40,Female,Germany
15788025,Tseng,38,Female,France
15646168,Ifeatu,33,Male,Spain
15580493,Chin,33,Male,France
15726720,Blinova,40,Female,France
15735799,Maconochie,58,Male,Germany
15773098,Ch'in,34,Male,Spain
15668971,Nicholson,40,Female,France
15603221,Burgess,32,Male,Germany
15740043,Young,32,Male,France
15712264,Plumb,39,Female,France
15751926,Trentino,42,Male,Germany
15589401,Allen,30,Female,France
15742019,Benford,39,Female,France
15660611,Gallo,39,Male,Spain
15607634,Cobb,40,Male,Germany
15595036,Doherty,30,Male,Germany
15745794,Cocci,30,Male,France
15781689,Macadam,35,Male,Spain
15696054,Tychonoff,37,Male,France
15752467,Johnson,34,Male,Spain
15597739,Tu,37,Male,France
15651336,Chidiebere,32,Female,France
15636061,Pope,78,Male,Germany
15723013,Sutherland,28,Male,Germany
15784148,Beneventi,62,Male,France
15578098,Jamieson,31,Male,France
15638621,Simmons,39,Male,Spain
15720924,Chijioke,34,Female,France
15566531,Iloerika,33,Male,Germany
15718064,Chia,29,Male,Spain
15605067,Nwachinemelu,19,Male,France
15655335,Becher,36,Male,France
15607301,Romano,63,Female,Spain
15694628,Walker,39,Female,Germany
15607112,Chiawuotu,32,Male,France
15635775,Watt,33,Male,France
15644280,Udegbunam,45,Male,France
15708362,Watson,63,Male,France
15771997,Bryant,31,Female,France
15730579,Ward,68,Male,France
15728005,Urban,57,Female,France
15791674,Sutherland,34,Female,France
15754599,K'ung,42,Male,France
15693690,Iweobiegbunam,52,Male,Spain
15728963,Wei,51,Female,Germany
15659710,Lascelles,25,Male,France
15658675,Ts'ao,37,Male,Germany
15638788,Mack,32,Male,France
15609735,Campbell,51,Male,Germany
15771477,Fiorentini,49,Male,France
15570145,Long,23,Female,France
15797149,Lloyd,36,Female,Spain
15636912,Sneddon,38,Male,Spain
15687828,Gorshkov,31,Female,Spain
15667424,Forbes,43,Female,Germany
15759872,L?,22,Male,France
15572374,Hopetoun,36,Male,Spain
15754926,Lucchesi,30,Female,France
15687431,Faria,41,Female,France
15604515,Yefremov,22,Female,Germany
15682839,Genovesi,57,Female,France
15624677,Marquez,37,Female,Germany
15646366,Trevisani,41,Male,Germany
15701768,Tung,32,Male,France
15623566,Barnhill,40,Male,France
15681274,Marshall,56,Female,Spain
15762573,Bednall,34,Female,Spain
15706458,Pan,39,Male,Germany
15654222,Ogg,30,Male,Spain
15704053,T'ang,62,Male,Spain
15724321,Baresi,47,Female,Germany
15621815,Obiajulu,40,Female,France
15724876,McGregor,38,Female,France
15696588,Lung,36,Female,France
15612832,Jamieson,32,Male,France
15804295,Pinto,41,Male,France
15712536,Fallaci,36,Female,France
15662494,Goliwe,43,Male,Spain
15807728,Ferri,45,Female,France
15764916,Rowley,43,Female,Germany
15615330,Tretiakova,23,Male,France
15638487,She,38,Male,Germany
15627859,Nebeolisa,29,Male,Germany
15622192,Young,39,Male,Spain
15789413,Fitzgerald,64,Male,France
15583221,Arnold,70,Male,Germany
15768495,Chidimma,32,Female,France
15644103,Wells,78,Male,Spain
15741197,Calzada,22,Male,Spain
15664547,Black,37,Male,France
15797293,Sopuluchukwu,25,Female,France
15572021,Ts'ao,29,Female,Germany
15637461,Ukaegbunam,35,Male,France
15620577,Wood,45,Male,France
15609643,Furneaux,32,Male,Germany
15785358,Gresswell,46,Male,Germany
15603883,Ch'in,36,Male,France
15782550,Ma,41,Female,Germany
15775761,Iweobiegbunam,69,Female,Germany
15680201,Marcelo,24,Male,Germany
15767594,Azubuike,35,Female,France
15591985,Stewart,51,Female,France
15789339,Yen,59,Male,France
15781530,Hsieh,21,Male,France
15705174,Chiedozie,68,Male,Germany
15572114,Shih,40,Male,Spain
15804009,Amechi,36,Male,Germany
15662698,Ko,43,Female,Spain
15696047,Chimezie,35,Male,France
15701160,Azubuike,43,Female,Germany
15790093,Aguirre,27,Female,France
15632143,Lung,31,Male,France
15736778,Adams,60,Female,Germany
15734917,Castiglione,21,Male,Germany
15643903,Yao,27,Male,France
15569526,Morales,40,Male,France
15777067,Thomas,64,Male,France
15795511,Vasiliev,39,Male,Germany
15610419,Chukwueloka,33,Male,France
15644994,Ko,54,Male,Germany
15703707,Atkins,44,Male,France
15659327,Moffitt,49,Male,France
15771323,Panicucci,39,Male,Spain
15750549,Akobundu,30,Male,Germany
15698462,Chiu,36,Male,France
15739692,Tsui,42,Male,France
15744041,Yobanna,26,Female,France
15700714,Hollis,29,Male,France
15777743,Cattaneo,39,Female,France
15623143,Lung,43,Female,France
15712568,Angelo,40,Male,Spain
15617432,Folliero,40,Female,Germany
15650424,Bryant,48,Female,France
15728829,Weigel,18,Male,France
15680430,Ajuluchukwu,49,Female,Germany
15687626,Zhirov,39,Male,France
15609187,Cox,27,Female,France
15609521,Chimaraoke,34,Male,Germany
15752626,Genovese,32,Male,France
15571756,Ohearn,28,Female,France
15814040,Munroe,45,Female,France
15658211,Morrison,39,Female,Spain
15742091,Parkhill,35,Female,Germany
15787168,Y?,28,Female,Spain
15772363,Hilton,42,Female,Germany
15659364,Thompson,23,Male,Spain
15738980,Yobanna,43,Male,France
15794236,Thorpe,22,Male,Germany
15721383,Harvey,40,Male,Spain
15652981,Robinson,30,Male,Germany
15722731,Manna,46,Male,France
15640507,Li,35,Female,Spain
15578878,Hancock,30,Female,Spain
15744295,Hao,40,Male,France
15776558,Nicholls,31,Male,France
15596136,Folliero,36,Female,France
15704597,Trumbull,33,Male,France
15648272,Medvedeva,35,Male,Spain
15594915,Crist,36,Female,France
15581115,Middleton,39,Female,France
15763907,Watts,39,Female,France
15705994,Udinese,27,Male,Spain
15772421,Tretiakov,31,Female,Germany
15711572,O'Kane,31,Female,Germany
15691170,Vasilyeva,29,Female,Spain
15600106,Wei,36,Male,France
15745431,Chinonyelum,34,Male,France
15649508,Chin,48,Male,Spain
15812611,Lorimer,30,Female,Spain
15619699,Yeh,31,Male,France
15813946,Duffy,51,Male,Germany
15762762,Onyekachukwu,45,Female,Germany
15629793,Banks,28,Male,Spain
15781298,Hughes,39,Male,Germany
15622658,Lai,26,Female,France
15658980,Matthews,26,Male,Germany
15701936,Bell,28,Male,Germany
15686917,Tu,40,Female,Spain
15807312,Hsia,33,Male,Spain
15574523,Cheng,39,Male,France
15724200,Cheng,38,Male,France
15738224,Lin,32,Male,France
15593283,Higgins,48,Female,Germany
15814690,Chukwujekwu,64,Female,Germany
15807245,McKay,41,Female,Germany
15799358,Vincent,46,Female,France
15616172,Ubanwa,31,Male,France
15777958,Ch'ien,39,Male,France
15809124,T'ien,38,Male,France
15616367,Ricci,39,Male,Germany
15687385,McDowell,41,Male,France
15607877,Maclean,26,Male,Spain
15736327,Manna,46,Female,Germany
15746704,Jibunoh,30,Male,Spain
15778304,Fan,24,Male,Germany
15588456,Hsieh,40,Female,France
15664035,Parsons,38,Female,Spain
15596405,Udinese,25,Male,Spain
15815097,Root,34,Female,France
15762708,Chiemezie,38,Female,Spain
15776211,Toscani,34,Female,France
15626012,Obidimkpa,26,Male,France
15792077,Degtyaryov,28,Male,Germany
15718765,Maclean,43,Male,Spain
15576615,Giordano,37,Male,Spain
15752650,Saad,37,Female,Spain
15797502,Lord,24,Male,Spain
15687329,Hope,32,Female,Germany
15779423,K?,39,Male,France
15619514,Bull,40,Male,Germany
15615430,Adams,55,Male,Germany
15716431,Brookes,30,Female,France
15798341,Victor,38,Male,France
15651958,Giles,27,Male,France
15726179,Ferrari,43,Female,Germany
15652999,Milne,33,Male,Germany
15691950,Parry,49,Male,France
15632446,Allan,24,Male,France
15620936,Warren,32,Male,France
15587640,Rowntree,43,Female,France
15782231,Andrejew,38,Male,France
15580462,Corby,40,Male,Spain
15736371,Kennedy,34,Female,France
15648032,Young,37,Male,Spain
15610454,Poole,33,Female,Germany
15671358,Fletcher,44,Male,France
15747130,Tsao,39,Male,France
15578374,Gilroy,36,Male,Spain
15572182,Onwuamaeze,33,Female,Germany
15770041,Manna,43,Female,Spain
15669414,Pisano,62,Male,Germany
15777054,Thorpe,42,Male,Germany
15621021,Dwyer,40,Female,Spain
15785490,Okeke,50,Male,France
15577695,Zito,41,Male,France
15686974,Sergeyeva,48,Female,France
15574584,Fang,33,Male,France
15719541,Flannagan,31,Male,Spain
15646310,Mao,24,Male,Spain
15697606,Sturdee,21,Female,France
15711489,Azikiwe,32,Female,Spain
15670427,Chidi,37,Male,Spain
15731755,Hull,49,Male,France
15796370,Shah,40,Male,Spain
15598331,Morgan,40,Female,France
15704795,Vagin,77,Female,France
15796764,Bruno,56,Female,Germany
15589420,Osinachi,40,Female,France
15810563,Ho,61,Female,Spain
15746569,Tsui,38,Male,France
15811594,Gordon,28,Female,Spain
15645896,Duncan,39,Male,Germany
15802909,Hu,56,Female,Germany
15797665,Docherty,27,Female,France
15778959,Brookes,36,Female,France
15722532,Angelo,36,Female,Spain
15784124,Emenike,41,Male,Germany
15776518,Pugh,38,Female,France
15611247,McKenzie,28,Female,France
15721469,Mach,45,Male,Germany
15773338,Endrizzi,58,Male,France
15784042,L?,55,Male,France
15776229,MacPherson,44,Male,France
15655903,Michael,34,Female,Spain
15590177,Chiedozie,44,Female,France
15568876,Hughes,34,Female,France
15813140,Taylor,41,Male,Spain
15770516,Evdokimov,44,Female,Spain
15755731,Davis,53,Male,Germany
15574480,Ubanwa,31,Male,Spain
15798084,Murray,26,Male,France
15673020,Smith,49,Female,France
15643575,Evseev,36,Male,Germany
15596811,Mitchell,36,Male,France
15786789,Ni,29,Female,France
15578865,Palerma,50,Female,Germany
15605672,Yuan,38,Female,France
15603674,Knight,36,Male,France
15759915,Rapuokwu,31,Female,France
15686219,Wan,38,Male,France
15696388,Artamonova,38,Male,Germany
15713604,Rossi,40,Male,Germany
15647800,Greco,34,Female,France
15813451,Fleetwood-Smith,18,Male,Spain
15765375,Butusov,46,Female,France
15774586,West,43,Female,Germany
15603454,Sanders,28,Male,Germany
15653037,Parks,77,Male,France
15782475,Edith,42,Female,France
15593496,Korovin,36,Female,Spain
15808971,Lajoie,57,Female,Spain
15791972,Bergamaschi,20,Female,France
15676869,T'ien,36,Male,Spain
15683007,Torode,25,Female,Germany
15659495,Fu,23,Male,Spain
15703923,Cameron,41,Male,Germany
15674000,Cattaneo,44,Male,France
15618171,James,33,Female,France
15732202,Abramovich,34,Male,France
15735078,Onwughara,53,Female,Germany
15798615,Wan,47,Female,France
15638494,Salinas,39,Female,Germany
15763874,Ho,46,Male,Spain
15696355,Cleveland,37,Male,Germany
15655952,Burke,47,Male,France
15739850,Trentino,45,Male,France
15611338,Kashiwagi,29,Male,Spain
15707861,Nucci,46,Female,France
15672237,Oluchi,25,Male,France
15657771,Ts'ui,37,Male,France
15677783,Graham,38,Male,Spain
15681026,Lucciano,33,Female,Germany
15566543,Aldridge,44,Male,Spain
15594612,Flynn,44,Male,Spain
15814664,Scott,33,Male,Germany
15642785,Douglas,34,Male,France
15690164,Shao,33,Female,Germany
15590213,Ch'en,35,Male,Spain
15603794,Pugliesi,48,Male,France
15733491,McGregor,40,Female,Germany
15806360,Hou,41,Male,France
15587133,Thompson,42,Male,France
15721377,Chou,34,Female,France
15747927,Ch'in,26,Male,France
15806455,Miller,27,Male,France
15695474,Barker,33,Male,France
15666295,Smith,50,Male,Germany
15656062,Azikiwe,33,Female,France
15579969,Mancini,32,Female,France
15703563,P'eng,40,Male,France
15692664,Diribe,58,Female,France
15719276,T'ao,35,Male,Spain
15672754,Burbidge,42,Male,Germany
15768163,Griffin,46,Female,Germany
15656710,Cocci,40,Male,France
15696175,Echezonachukwu,35,Male,Germany
15586914,Nepean,36,Male,France
15581736,Bartlett,47,Male,Germany
15588839,Mancini,30,Male,Spain
15589329,Pirozzi,30,Male,France
15605622,McMillan,28,Male,Spain
15798964,Nkemakonam,33,Male,Germany
15769959,Ajuluchukwu,53,Female,France
15657105,Chukwualuka,36,Male,Spain
15569266,Rahman,28,Male,France
15719294,Wood,29,Female,France
15606229,Obijiaku,39,Male,France
15569892,Johnstone,35,Male,France
15584532,Liu,36,Female,France
15682355,Sabbatini,42,Male,Germany
15628319,Walker,28,Female,France
