Customer_id,creditscore,Balance,Estimated
15634602,619,0,101349
15647311,608,83808,112543
15619304,502,159661,113932
15701354,699,0,93827
15737888,850,125511,79084
15574012,645,113756,149757
15592531,822,0,10063
15656148,376,115047,119347
15792365,501,142051,74941
15592389,684,134604,71726
15767821,528,102017,80181
15737173,497,0,76390
15632264,476,0,26261
15691483,549,0,190858
15600882,635,0,65952
15643966,616,143129,64327
15737452,653,132603,5098
15788218,549,0,14406
15661507,587,0,158685
15568982,726,0,54724
15577657,732,0,170886
15597945,636,0,138555
15699309,510,0,118914
15725737,669,0,8488
15625047,846,0,187616
15738191,577,0,124508
15736816,756,136816,170042
15700772,571,0,38433
15728693,574,141349,100187
15656300,411,59697,53483
15589475,591,0,140469
15706552,533,85312,156732
15750181,553,110113,81899
15659428,520,0,34411
15732963,722,0,142033
15794171,475,134264,27823
15788448,490,145260,114067
15729599,804,76549,98453
15717426,850,0,40813
15585768,582,70349,178074
15619360,472,0,70154
15738148,465,122522,181298
15687946,556,117419,94154
15755196,834,131395,194366
15684171,660,155931,158338
15754849,776,109421,126517
15602280,829,112046,119708
15771573,637,137844,117623
15766205,550,103391,90878
15771873,776,103769,194099
15616550,698,116363,198059
15768193,585,146051,86425
15683553,788,0,116978
15702298,655,125562,164041
15569590,601,98496,40015
15760861,619,125212,113410
15630053,656,127864,87108
15647091,725,75888,45614
15623944,511,0,1643
15804771,614,40686,46775
15651280,742,136857,84510
15773469,687,152329,126495
15702014,555,56085,178798
15751208,684,78707,99398
15592461,603,109166,92841
15789484,751,169831,27758
15696061,581,101633,110432
15641582,735,123180,196673
15638424,661,150726,113657
15755648,675,98373,18203
15703793,738,133745,28374
15620344,813,0,33954
15812518,657,163607,44204
15779052,604,157781,58427
15770811,519,0,145562
15780961,735,178718,22388
15614049,664,0,139162
15662085,678,0,148211
15575185,757,77253,194240
15803136,416,122190,98302
15706021,665,96646,171414
15663706,777,0,136458
15641732,543,0,26020
15701164,506,90308,159235
15738751,493,0,1908
15805254,652,0,114676
15762418,750,121682,128643
15625759,729,0,151869
15622897,646,0,93251
15767954,635,81624,156791
15757535,647,0,174205
15731511,808,118627,147132
15809248,524,0,109615
15640635,769,0,172291
15676966,730,0,85982
15699461,515,176274,121278
15738721,773,102827,64595
15693683,814,97086,197276
15604348,710,0,99645
15633059,413,0,6534
15808582,665,0,161848
15743192,623,0,167162
15580146,738,82674,41971
15776605,528,0,60537
15804919,670,0,177656
15613854,622,107073,30985
15599195,582,88939,10055
15812878,785,99807,36977
15602312,605,150093,71863
15744689,479,92834,99450
15803526,685,90537,63083
15665790,538,108055,27231
15715951,562,100238,86797
15591100,675,106191,22994
15609618,721,154476,101301
15675522,628,132351,74169
15705512,668,167864,115638
15698028,506,0,31766
15661670,524,107819,199725
15600781,699,185174,120834
15682472,828,129433,38132
15580203,674,120193,100131
15690673,656,0,141070
15760085,684,126384,198129
15779659,625,0,183646
15627360,432,152603,110265
15671137,549,0,8636
15782688,625,148507,46824
15575492,828,0,171379
15591607,770,101827,167256
15740404,758,0,124226
15718369,795,130862,114935
15677871,687,122571,35609
15642004,686,0,16459
15712543,789,124828,124411
15584518,589,144895,34941
15802381,461,63664,167784
15610156,637,133463,93165
15594408,584,213146,75161
15640905,579,129490,8591
15698932,756,137452,189544
15724944,663,0,180427
15628145,682,125852,193318
15713483,793,0,159124
15612350,691,40916,126214
15800703,485,113157,54142
15705707,635,138297,141076
15754105,650,106967,24495
15703264,735,120682,74836
15794413,416,0,879
15650237,754,0,89521
15759618,535,0,149893
15811589,716,0,180800
15689044,539,127610,98646
15709368,614,0,109042
15679145,706,0,17941
15655007,758,0,82996
15623595,586,0,92067
15589975,646,97259,104720
15804017,631,123247,112688
15692132,717,101060,84700
15641122,684,0,83474
15630910,800,108007,47125
15680772,721,0,106978
15658929,683,133703,55583
15585388,660,125190,139874
15724623,704,113034,162503
15588537,615,109013,196500
15574692,667,0,40721
15611325,682,57930,53134
15587562,484,130114,164018
15613172,628,95826,155997
15651022,480,129609,5473
15586310,578,169462,112187
15625524,512,0,146458
15755209,484,133868,27286
15645248,510,0,130553
15790355,606,190479,179352
15762615,597,101993,94774
15625426,754,161609,8081
15716334,850,122311,19483
15789669,510,0,48072
15621075,778,162150,174531
15810845,636,0,55471
15719377,804,0,8547
15654506,514,0,95857
15771977,730,99011,194946
15708710,525,0,131522
15726676,616,0,196109
15587421,687,111388,148565
15726931,715,56215,92983
15771086,512,84328,17675
15756850,479,0,114996
15702741,601,93013,86957
15679200,580,61710,128078
15594815,807,174790,600
15635905,616,0,43001
15777892,721,107721,158591
15656176,501,0,47847
15811127,521,96424,10488
15604482,850,141040,5978
15622911,759,105420,121409
15600974,516,0,146146
15727868,711,129022,14375
15627801,512,176667,94671
15773039,550,0,179670
15755262,608,89764,199305
15679531,618,134955,151954
15684181,643,0,142514
15612087,671,106377,158265
15752047,689,161815,169382
15624592,603,0,169915
15573152,620,0,88852
15594917,676,63095,40646
15785542,572,118287,60427
15723488,668,106854,157959
15680920,695,49513,133007
15786308,730,0,176577
15659366,807,105799,34888
15774854,592,0,28738
15725311,726,114722,98179
15787155,514,0,125010
15727829,567,0,167985
15733247,850,0,4862
15568748,671,99564,108872
15699029,670,170558,198253
15774393,694,0,26960
15676895,547,74596,85747
15637753,751,96888,77206
15605461,594,130830,61049
15808473,673,0,111981
15627000,610,0,62233
15787174,512,0,156105
15723886,767,119714,150135
15704769,585,113979,93146
15772896,763,100161,33463
15711540,712,0,144375
15764866,539,116221,55804
15794056,668,0,89048
15795149,703,81174,162812
15812009,662,0,136260
15651001,725,116804,124053
15813844,703,105962,74159
15596175,659,117412,45071
15576269,523,0,62030
15797219,635,123498,131953
15685500,772,152401,79414
15599792,545,0,199639
15657566,634,103098,157577
15772423,739,126418,134421
15628112,771,77847,99806
15753754,587,0,97933
15793726,681,0,170969
15694717,544,79732,57559
15665834,696,0,176713
15765297,766,0,34283
15636684,727,0,198637
15592979,671,37267,156917
15750803,693,127992,50457
15607178,850,54901,140076
15713853,732,108748,65323
15673481,726,99906,64323
15686776,557,184686,14956
15673693,682,110654,111879
15700696,738,79020,18606
15813163,531,99241,123137
15653857,498,0,148528
15777076,651,0,13898
15717398,549,0,81259
15799217,791,52436,161052
15787071,650,0,191600
15619955,733,100338,48559
15796505,811,149297,186340
15725166,707,0,33159
15800116,712,145605,93884
15758685,706,0,110899
15694456,756,0,11199
15767339,777,0,189993
15683562,646,84027,164256
15782210,714,0,152168
15668893,782,0,33950
15669169,775,0,68144
15643024,479,138719,47252
15699389,807,118275,25886
15708608,799,174186,192634
15626144,675,113209,34577
15573112,602,103907,161230
15790678,475,119023,100816
15727556,744,166298,181694
15697307,588,0,79079
15652266,703,63227,137316
15607098,747,94521,194927
15655774,583,0,51285
15590241,750,112822,150402
15785819,681,0,112492
15723654,773,135903,73656
15774510,714,125169,106637
15684173,687,0,155854
15650068,511,149117,162600
15811490,627,0,103738
15803976,694,0,160990
15682541,616,132312,15463
15695699,687,0,10334
15624188,712,0,190686
15812191,553,118083,94440
15636673,667,119267,28258
15594898,731,0,170035
15660211,629,156847,31824
15773972,614,137104,127166
15746726,438,78399,44937
15712287,652,0,188603
15702919,729,63669,145111
15674398,642,0,171464
15797960,806,135296,182823
15631868,744,153804,87213
15581539,474,0,57175
15662736,559,147070,120541
15666252,706,0,28714
15677512,628,0,85426
15626114,429,95742,46171
15810834,525,145965,64448
15678910,680,141442,16279
15694408,749,139290,182855
15585215,763,0,50405
15682757,734,0,107640
15736601,716,144429,134133
15601848,594,0,103481
15736008,644,95441,108761
15669064,671,144849,179012
15624528,664,116244,95145
15598493,656,0,72143
15601274,667,146502,19163
15702669,663,117029,144680
15728669,584,112014,177772
15742668,626,108269,5598
15697441,485,182124,116829
15740476,659,150924,174653
15648064,649,0,2011
15636624,805,165272,14110
15807923,716,115301,43527
15745844,642,129502,86099
15786170,659,118342,161574
15681081,545,0,38970
15684484,543,0,127587
15785869,718,0,30380
15763859,840,0,90909
15658935,630,106937,138275
15747358,643,170331,32172
15735203,654,114511,126143
15576256,582,0,129893
15659420,659,107594,102417
15593365,762,81273,18720
15777352,568,169400,61936
15812007,670,0,78359
15625461,613,187842,147224
15739438,539,0,160980
15611759,850,126776,132298
15661629,522,126436,174249
15633950,737,101961,123547
15592386,520,0,32790
15803716,706,0,181544
15696674,643,150843,2320
15706365,648,102536,189543
15745088,443,99028,10940
15676715,640,0,199493
15613085,628,0,188193
15633537,540,87271,172573
15594720,460,102743,189340
15684042,636,40106,53512
15583303,593,152265,34004
15611579,801,141948,10598
15774696,640,106308,113429
15694506,611,107885,183488
15688074,802,125014,187658
15759537,717,58469,172459
15758449,769,0,21016
15583456,745,117232,122381
15667871,572,152390,128124
15677371,629,34014,19571
15629677,687,0,188151
15713578,483,0,111020
15591509,690,101583,123775
15568240,492,77169,146700
15622993,709,124696,145251
15689294,705,105935,82464
15720910,560,0,15928
15721181,611,0,45886
15776433,730,0,186490
15748936,709,0,162923
15717225,544,161526,9263
15685226,712,147199,84932
15785611,752,183102,71557
15573456,648,127209,77406
15684548,556,0,417
15620505,594,97379,71405
15807432,645,136925,153400
15584766,557,54504,371
15612187,547,155727,67790
15762218,701,0,145895
15646372,616,135842,183841
15690452,605,63350,108887
15747795,593,129499,154071
15781589,751,0,179292
15732674,443,70438,56937
15642291,685,0,112239
15692761,718,0,45910
15578045,538,141434,173779
15745354,611,0,125696
15701376,668,152958,159586
15691625,537,138306,106761
15566594,709,0,129590
15760431,850,0,80007
15686302,745,124329,140452
15801559,693,181461,187929
15810432,795,0,167155
15809616,626,0,191421
15720559,487,110368,11384
15695632,556,89588,94898
15659843,643,0,106782
15615624,605,0,159509
15810418,756,115925,93524
15716186,586,0,87168
15674551,535,111757,8128
15622834,678,0,125518
15566111,596,0,48964
15784597,648,162924,98368
15652883,492,124577,148585
15806964,702,80794,27475
15576313,486,71340,76192
15806467,568,99283,134601
15597602,619,137946,72468
15743040,724,127893,199645
15705521,548,101084,42750
15595039,545,114754,136050
15799384,683,0,73564
15581197,762,99287,85579
15693737,627,79871,129827
15624623,516,104089,119666
15783501,800,168190,68052
15690134,464,85679,164105
15782735,626,0,80190
15611088,790,0,84127
15672145,534,121552,70179
15732628,745,122220,118024
15787470,553,116528,145704
15803406,748,77780,183049
15730460,722,0,120907
15644572,501,125832,100434
15694860,675,68066,138777
15658169,778,127299,124695
15794396,494,174938,40084
15785798,850,0,119232
15710825,592,110071,43921
15668444,590,139432,62223
15726631,758,127358,56577
15733797,506,0,164253
15747960,733,0,7667
15634632,711,0,68488
15707362,514,95556,199274
15662976,637,0,186062
15732778,468,111682,195711
15718443,539,0,36692
15670039,509,108739,106921
15773792,662,133950,48726
15613786,818,0,167037
15726032,608,89969,68777
15663252,850,0,18925
15593782,816,130879,71906
15633283,536,0,64833
15749167,753,0,184844
15759298,631,134170,176730
15683625,703,149762,20629
15635367,774,93845,28415
15681705,785,0,77231
15603156,571,0,102751
15591986,621,141078,34581
15798888,605,117993,183599
15809722,611,100812,147358
15677538,569,0,108469
15797736,658,80263,20613
15695585,788,156479,181197
15744398,525,0,160249
15750658,798,0,110783
15578186,486,115218,144995
15676519,615,0,150228
15637954,730,155471,53718
15758639,641,0,75248
15613772,542,135097,14353
15731744,692,0,130487
15807709,714,180075,100128
15714689,591,97541,196356
15699005,710,156067,9984
15624170,639,81551,118975
15725679,531,0,194998
15585865,673,170062,134901
15804256,765,92311,72925
15662403,622,169089,101058
15733616,806,80614,142839
15591995,757,121582,127059
15677020,570,0,116504
15727688,555,0,54406
15715941,692,0,88722
15714485,774,85892,74135
15730059,638,77637,111346
15715527,543,0,194902
15576623,584,0,31474
15805565,691,116928,21198
15677307,684,137327,186977
15773890,733,0,117202
15598883,599,0,143739
15568506,524,67239,161811
15761043,632,86570,98091
15782236,735,0,71095
15593601,734,133598,13107
15682048,605,136189,67111
15746902,793,0,88225
15752081,468,0,62257
15781307,779,120093,135926
15775912,698,101238,177816
15745417,707,89686,126471
15671256,850,211774,188574
15653547,850,131317,119175
15595766,527,93723,139094
15742358,696,101161,115917
15763274,661,120321,96463
15786063,776,0,112350
15600258,701,0,165304
15573318,610,0,166031
15653849,572,152828,38412
15694272,673,64098,77783
15736112,519,119035,29872
15749851,702,135220,59748
15663478,729,93694,79919
15592300,543,59409,76774
15567832,550,114355,54019
15776780,608,0,70650
15592846,639,128174,59093
15739803,686,0,127570
15794142,564,114931,18261
15762729,745,111071,73276
15667896,833,151226,136129
15626578,622,0,153238
15776223,597,64740,106841
15705953,721,169312,109078
15802593,504,0,87822
15615457,842,112652,126645
15708916,587,0,47414
15720187,479,143964,41880
15595440,508,122451,75808
15600651,749,0,47911
15750141,721,65253,28738
15657284,674,106902,2079
15763063,685,128510,121562
15709324,417,0,55004
15711309,574,129835,193131
15775318,590,154963,191932
15705515,587,138242,159418
15634844,598,91537,191469
15717046,741,0,38914
15571816,850,0,705
15670080,584,105204,138490
15800440,650,152969,82971
15665678,607,158262,76745
15665956,509,0,71245
15788126,689,121021,12182
15811773,543,0,141211
15651674,438,0,191763
15689614,687,137716,37939
15795564,737,121192,74891
15706647,761,0,166698
15728505,601,100486,62679
15730076,651,0,67740
15622003,745,92567,161520
15607312,648,0,159836
15644753,848,110930,30877
15653620,546,0,14858
15761986,439,138902,75686
15633922,755,123218,144183
15734674,593,0,65171
15658032,701,0,82527
15692671,701,0,169161
15737741,607,108432,109291
15576352,586,0,6058
15753719,547,72392,77077
15803689,647,119742,54955
15718057,760,100947,179615
15722010,621,170492,35588
15680998,725,0,117356
15614782,526,0,160697
15591047,519,157296,147278
15788291,713,144606,56594
15604044,700,134811,1300
15679587,666,115897,25095
15775153,630,82034,146326
15603925,779,174318,38296
15680970,611,114207,164062
15697183,685,0,107811
15567446,646,111574,30839
15637476,683,162449,9222
15714939,484,148250,33738
15683503,601,0,110916
15645569,762,123709,169655
15782569,687,0,69829
15592387,566,0,54927
15609286,702,150526,94728
15814035,601,0,80393
15661249,699,0,111308
15629117,584,0,19834
15607170,699,0,78397
15586585,698,111019,86410
15686611,495,129756,172750
15603203,650,0,1002
15619857,605,129556,13602
15805062,667,87202,77867
15660271,688,146133,175297
15745295,727,0,121751
15719352,754,170185,89593
15766575,612,140745,193438
15594594,546,139071,86945
15646161,673,0,183319
15682585,593,114193,71154
15603134,656,167879,151887
15636444,535,141617,75889
15773456,678,145748,89567
15745307,477,129121,26476
15604119,850,110350,126356
15626900,427,141326,93839
15605447,752,78654,7699
15589030,649,0,145594
15692463,799,142254,45043
15712403,589,0,61109
15811762,583,115989,57554
15718673,839,75592,62674
15724282,540,164113,12121
15738181,850,67996,50130
15633648,696,0,55022
15603323,660,0,117835
15583725,682,138778,168840
15588350,744,147832,24234
15798398,785,135438,190627
15784844,752,116060,156618
15580684,706,112565,42334
15809663,583,125407,110784
15640078,660,135135,173683
15698786,819,133103,27046
15569807,673,42157,20599
15730830,752,0,104991
15805112,578,82259,8997
15633064,438,0,64421
15703119,652,0,145700
15730447,629,0,196335
15813850,720,0,14781
15711889,668,150461,108139
15664610,459,133995,19287
15751710,729,164871,9567
15692926,498,121703,132210
15813741,549,193858,21600
15698474,601,131040,199662
15568595,544,113829,124341
15603065,751,0,15766
15592937,632,81877,33642
15699637,694,116326,117705
15667215,678,0,58803
15788659,695,0,137537
15763218,661,0,131301
15645772,661,0,84175
15725511,559,127071,160942
15575024,503,0,143955
15640825,695,122550,56298
15662397,640,176099,8405
15576368,624,122388,30020
15674991,667,0,58137
15721024,642,0,47473
15745621,640,118879,19132
15642394,529,0,187289
15754605,563,0,17604
15607040,593,88736,67020
15715142,739,102704,147803
15810978,788,0,41611
15668886,684,0,44256
15780804,482,97318,78416
15613880,591,128469,137255
15775238,651,133433,151303
15786905,749,141783,86334
15747867,583,135125,89802
15600337,661,178821,29359
15801277,715,112212,181601
15579334,769,126675,124119
15802741,625,136295,38867
15720649,641,66393,31107
15589493,716,122552,67611
15688251,767,76409,77838
15665238,745,145071,6078
15740900,589,0,177897
15681068,796,109730,123883
15748625,664,0,15304
15727299,445,64119,76570
15620204,543,106138,120657
15669516,746,0,16437
15736534,742,181657,107668
15803457,750,0,95611
15659098,669,95129,19799
15603436,594,126616,123215
15566292,574,0,71709
15808621,659,76190,149066
15580148,750,168287,20452
15776231,626,88110,32826
15773809,620,0,6232
15649423,580,0,10357
15734886,686,123972,147795
15722548,540,148116,116973
15650288,634,116269,129965
15629448,632,120599,92817
15716164,501,144261,172115
15807609,650,86606,16649
15578977,786,0,144517
15677369,554,58630,182039
15804072,701,0,24211
15696859,474,0,172176
15653780,621,0,47578
15721658,672,209767,150694
15578761,459,129634,177683
15736879,669,0,66089
15571973,776,169824,169292
15626742,694,97530,117140
15672692,787,145989,79510
15673570,580,0,77109
15767432,711,0,9679
15654238,673,137494,81754
15612525,499,0,131372
15812750,591,147360,25311
15790757,769,0,187926
15723873,657,125167,98820
15744607,738,121152,64167
15612966,545,128981,176924
15784209,497,0,90055
15794278,816,151859,72814
15766741,525,114628,168290
15661036,725,0,161767
15705639,692,95059,44420
15637414,618,128736,37148
15716835,546,156325,125381
15696231,635,105406,149854
15641675,611,88915,161435
15670755,650,0,102926
15640059,606,0,70899
15787619,844,160980,145936
15587535,450,177620,54227
15813034,727,62277,59281
15698839,460,127560,126953
15790314,649,0,130567
15634245,758,95523,73294
15677305,490,107749,3937
15661526,815,110777,2384
15685997,838,166734,14279
15660101,803,157121,141301
15637979,664,127161,78141
15815364,736,0,117431
15647099,633,156092,72009
15625944,664,98668,60888
15583212,600,134022,194765
15582741,693,124151,88705
15637876,663,77254,35818
15622750,742,114292,31520
15672056,710,140080,157908
15812351,710,135278,142200
15810864,700,0,182055
15677921,720,115921,157552
15724296,684,119783,120285
15685329,531,114716,24507
15584091,742,129749,47272
15640442,717,129723,41177
15639314,589,0,9469
15685320,767,139180,123880
15789158,636,113600,158887
15752137,648,134944,117036
15712551,622,116922,120416
15628936,692,118945,16064
15797227,754,0,52616
15769974,679,119183,121210
15737051,639,0,192247
15585595,774,71264,68760
15654060,517,0,75937
15745196,571,0,84569
15571221,747,116314,190696
15660155,792,92140,67469
15605284,688,0,104436
15694366,714,177640,47167
15600739,562,0,119900
15653253,704,167998,173498
15763431,698,82275,93249
15643696,611,0,142918
15707473,850,111963,111756
15769504,743,131737,108543
15776807,654,0,180345
15686870,761,108239,99444
15668747,702,98444,109563
15766908,488,114540,92568
15570134,683,187531,37976
15567367,601,133636,103316
15747542,605,0,173953
15762238,671,84745,34674
15681554,614,120599,46163
15712825,511,0,140677
15640280,850,127771,151739
15756026,790,0,14680
15613319,793,0,175544
15798906,628,0,181965
15708917,598,167773,136887
15778463,657,95846,122218
15699430,618,0,180440
15649992,681,134715,190420
15578980,516,0,58686
15775306,421,122384,89017
15641655,700,0,50051
15619708,745,157993,146041
15734565,696,0,191166
15806438,580,123331,103516
15591969,497,75263,164825
15747807,720,137824,172558
15596939,659,132579,84321
15716155,841,156021,122663
15765311,642,0,72085
15757811,732,137453,110932
15603830,600,0,143635
15660602,464,164285,3710
15660535,680,0,179843
15666633,758,0,10643
15596914,630,112373,131168
15639788,577,0,10553
15695846,684,0,130928
15726234,708,0,157004
15797964,732,154334,138528
15625881,634,111433,167032
15780628,633,0,41642
15575883,559,137390,9677
15585036,694,0,147012
15589488,686,111642,80554
15585888,553,0,30731
15727915,507,83543,140134
15707567,732,145339,91936
15737792,818,186796,178253
15599433,660,58641,198674
15672012,773,0,28267
15806983,640,137149,92381
15592222,505,80001,135180
15608968,714,86403,27331
15586959,468,0,125305
15646558,611,122875,149648
15725811,705,97544,59887
15572265,646,170827,45041
15794048,667,97134,113317
15677610,511,153896,39087
15745012,653,0,7331
15601589,675,0,95463
15686436,523,0,167848
15693864,567,134956,93954
15760550,741,143638,174228
15686137,456,147506,135399
15809087,598,0,195635
15807663,667,190227,97508
15809100,548,172449,188084
15794916,725,113980,116704
15614215,717,0,97615
15805449,594,0,186884
15686983,678,76968,131502
15808017,545,88293,24303
15756804,636,170833,110510
15646810,603,108122,108488
15710424,435,0,197015
15799422,535,0,27690
15692750,629,129818,9218
15794549,722,163944,15068
15803764,561,0,7797
15674840,645,101430,4400
15653762,501,117302,182026
15581229,502,173341,122764
15800228,652,0,38152
15656333,574,134349,63164
15697497,518,105526,73418
15585362,749,0,17979
15571928,679,0,115137
15785519,565,106192,149576
15743007,643,45144,60917
15777211,515,92114,142548
15721935,521,0,157879
15591711,739,128366,12796
15625021,585,0,18658
15702968,733,106546,134590
15600462,542,145618,10351
15768104,788,141541,66013
15780140,435,57017,5907
15585255,577,0,74078
15772781,703,0,77295
15669987,728,125885,54359
15697000,728,61826,156125
15733119,718,0,94821
15782390,621,0,155155
15654700,523,102967,128702
15632210,657,171771,22746
15642041,727,93052,71865
15709737,643,161065,84295
15792388,645,90612,149139
15786014,568,145106,185489
15794580,599,0,176407
15675964,672,0,92028
15814275,685,174913,43933
15724848,516,104948,115789
15754713,685,135214,125777
15693814,806,0,18462
15599660,604,116230,79633
15746490,648,111201,121542
15566091,545,0,94739
15655961,756,131899,93302
15710404,569,124526,193794
15775625,596,0,74836
15792328,475,0,57000
15719856,646,47135,57236
15593773,784,0,81484
15733114,552,0,26753
15797748,729,0,9201
15743411,609,0,22448
15753337,555,0,189123
15601026,572,138657,16162
15658485,785,70302,68600
15636731,714,101609,448
15628303,738,0,15651
15633461,639,130171,149600
15677135,520,133802,90304
15590876,764,106234,115676
15790782,661,132629,38813
15700476,564,103523,34338
15634141,708,192391,823
15737795,512,0,135482
15790299,592,0,10657
15675316,619,0,116467
15613630,775,109923,96823
15662100,850,128605,171096
15668032,577,0,79881
15599289,724,68599,157863
15754084,710,106519,127952
15676521,696,0,191074
15804586,376,0,157334
15781465,675,121326,133458
15729362,745,67226,130790
15709295,697,82932,128374
15745324,599,0,194273
15741336,715,118590,5684
15783659,659,145982,131043
15620981,684,73309,21228
15630328,635,130796,43250
15785899,789,151608,4389
15606149,571,111577,189272
15671139,694,107043,102284
15660429,665,156372,156775
15571002,706,129606,69865
15631681,807,0,85523
15731522,771,0,51220
15619529,531,132576,7223
15628034,629,129101,23971
15686164,850,108822,132173
15582797,685,137949,113640
15753831,642,100434,39769
15731815,529,96134,108733
15580956,683,115888,117349
15602084,663,124626,78005
15589805,563,139810,152418
15720893,637,0,26057
15641009,544,84497,79972
15605926,649,116855,107126
15805955,638,138333,47679
15801488,723,0,134509
15605918,635,78993,153265
15779711,750,97257,179883
15705620,730,122453,138883
15685357,750,112940,9856
15570060,586,132558,67047
15582616,520,0,56389
15799515,652,133297,77764
15642937,550,0,130590
15624729,594,197042,151912
15566156,749,71498,151084
15792360,668,0,777
15807008,614,128100,69454
15704770,773,124533,11724
15756475,551,82294,91565
15655339,566,142121,79616
15613749,569,151839,102300
15664521,659,149621,104534
15681206,722,168198,140766
15745527,655,93147,66214
15806926,615,97440,139816
15724563,752,65046,140139
15782899,661,95357,102297
15623521,838,123106,145766
15810218,610,0,83912
15645621,811,0,78440
15608114,587,121286,6777
15659557,811,167739,9903
15787772,759,104091,91562
15691111,648,121981,4027
15592089,788,0,116112
15633897,725,50881,184024
15701301,646,175160,67124
15723685,601,105515,50071
15701602,521,116497,53793
15739189,561,0,45261
15573086,564,99824,36721
15569050,444,0,130010
15750765,650,0,175381
15799811,724,0,127847
15698442,719,122965,138232
15655274,548,0,48673
15603594,635,0,70669
15585961,496,0,199506
15686936,676,89635,169583
15770424,541,95710,49063
15587451,778,139706,63337
15602010,850,103910,60083
15600583,633,0,48607
15654673,625,173435,165581
15717164,485,102238,194010
15765014,547,179381,69263
15682639,642,0,88699
15729279,718,108692,63031
15759805,582,0,59669
15767864,628,0,184230
15769948,737,133378,64050
15686345,828,0,81854
15688071,609,0,154643
15681174,730,116538,145680
15667521,631,0,30782
15750243,830,0,81623
15695475,645,130131,196474
15689176,663,0,176276
15652955,678,0,35113
15668958,521,107316,64300
15631054,625,0,180970
15581479,523,83181,138177
15577478,714,0,86734
15780870,580,153946,7419
15692317,722,0,166377
15593969,630,135483,140881
15570417,579,0,4460
15779059,670,119625,110472
15785980,588,121132,86460
15644200,807,0,16501
15793949,726,0,114020
15645103,812,54818,131660
15705860,631,107949,52450
15623828,682,0,161465
15715003,625,80816,20019
15623471,607,98206,176318
15798348,600,94684,50489
15743016,602,141605,30380
15769499,545,0,161327
15798521,675,0,45348
15706534,581,122949,180252
15706186,640,81677,34926
15812197,850,80294,126556
15650933,490,155413,187921
15692991,710,0,136391
15631189,613,67112,78567
15762198,812,103818,166038
15699598,723,0,140385
15692744,512,152169,38629
15688963,731,0,24999
15599131,650,214347,128815
15680303,594,0,19377
15628674,844,113348,31904
15648075,686,170936,173180
15586970,695,103023,22486
15625698,624,0,196669
15790497,503,0,136507
15682618,535,111855,36279
15762937,743,140349,163254
15750929,702,0,99654
15729832,658,145513,20207
15633650,677,146721,4196
15748856,664,107210,112340
15589195,766,130934,2036
15699911,461,0,132296
15663438,688,89772,177384
15692583,678,0,90284
15591257,796,0,61349
15646513,803,0,196467
15708063,712,100750,70758
15696098,498,0,13893
15645517,850,0,9685
15649744,628,123981,40546
15604304,539,91622,136603
15784092,732,126196,133172
15585198,715,94268,152821
15624347,651,0,147716
15621687,813,0,43169
15689081,692,0,76756
15813168,756,100718,73406
15604295,543,0,176728
15724127,790,141582,98309
15673055,494,0,6204
15768201,850,148587,176791
15782219,703,0,50679
15746410,432,0,150581
15780144,512,123404,80120
15590476,589,0,151646
15624293,514,106512,55072
15618182,678,0,115069
15660316,420,135550,149471
15678886,679,110555,46523
15616330,595,0,189996
15592229,713,185892,46370
15798424,833,130855,30723
15714750,690,92578,70811
15648800,731,132312,106663
15626147,608,144977,175836
15626608,479,87070,85646
15723250,519,0,101486
15592583,731,115414,191735
15759381,617,91070,101840
15585241,756,117412,4889
15589358,848,90018,193133
15672704,809,0,193519
15789955,698,112415,93982
15596800,779,158457,197001
15627305,606,0,106837
15645316,612,149642,115161
15593973,663,122528,196260
15647301,549,143734,96404
15750258,675,155663,97659
15685309,669,0,49108
15628205,571,101737,195652
15733974,500,125822,111698
15762110,628,0,171708
15706899,559,0,66722
15732660,769,0,57876
15656121,733,157791,177995
15614220,750,0,105126
15645269,583,0,17440
15698510,468,181627,172668
15569247,727,109680,753
15566251,618,96653,98686
15716134,617,190008,107048
15763625,793,0,152154
15605965,630,0,34338
15694821,765,148963,173879
15601688,546,0,159254
15575581,614,131345,54777
15671209,593,101714,134595
15616529,613,0,41725
15773906,655,0,110528
15722993,700,137963,8997
15752463,826,129938,190201
15589754,652,151421,115333
15669899,755,135643,143620
15766887,538,122774,58467
15768006,729,152304,12129
15741295,615,0,49872
15811327,700,79416,139736
15690007,434,125801,60892
15690664,729,0,100863
15719348,513,0,76640
15781802,755,104817,126014
15752731,615,0,87348
15600997,747,67495,77370
15750776,850,164851,62722
15723907,712,154776,196258
15633419,622,143125,81724
15702430,548,0,31300
15710456,607,0,63496
15650351,653,102133,166521
15590820,699,79932,150242
15640454,693,120712,27345
15697789,647,122718,87000
15808182,478,92363,44913
15588670,705,203715,179979
15721292,719,0,145760
15604217,726,0,14122
15651369,626,0,66232
15782454,552,0,190297
15814032,807,93460,172783
15570326,621,0,99128
15624428,651,40225,178341
15755638,673,168070,146992
15600992,652,0,151315
15755649,584,130539,92916
15795228,756,132624,58974
15589257,670,103465,174627
15719302,765,126548,79580
15639882,528,128263,50771
15791279,701,169743,153538
15636935,797,0,132975
15686909,639,150796,85209
15589572,785,129856,170215
15779947,363,146098,100615
15573769,764,0,186106
15578866,676,0,55120
15739131,718,65643,28761
15813444,590,0,171021
15678058,584,104584,176679
15769169,645,0,28668
15804602,772,99785,197238
15651052,399,127655,139995
15724334,529,0,151170
15569451,463,101257,118114
15650098,630,0,34453
15724307,780,121314,64872
15599268,584,0,10957
15594864,752,81523,36886
15616451,697,128253,168053
15715667,850,0,155227
15658969,711,0,38410
15738174,452,0,75279
15813590,610,0,158303
15624229,694,0,11526
15674148,579,0,94993
15625080,745,0,173912
15682528,572,0,41139
15696900,505,145542,58020
15730038,706,0,164128
15812272,693,124602,46998
15654654,725,115183,177279
15697625,791,163789,75833
15616280,536,65733,61095
15654229,699,0,30117
15628298,500,128486,179227
15733387,707,109663,52110
15775572,531,88324,75249
15613844,557,146445,184318
15578515,659,0,158553
15607598,575,0,95686
15742480,775,109949,71683
15749482,772,78653,1790
15607537,587,107851,139431
15575410,667,83765,118359
15684865,771,143773,130828
15600700,523,116227,119405
15774155,662,103472,162703
15634267,717,0,172665
15619626,746,137492,170142
15660422,569,0,73977
15617934,579,129830,60906
15760774,519,146330,194867
15813132,696,114028,193717
15593331,693,146581,14633
15616709,587,132122,31730
15658052,626,81554,20064
15721189,666,0,99793
15711288,512,0,37654
15770030,689,0,192449
15803681,803,0,181208
15702789,548,175215,155166
15814930,588,125535,121504
15658306,693,97706,61569
15699523,499,126818,123270
15610383,628,46870,31272
15615032,624,0,62825
15781989,733,120095,184056
15647402,628,0,48925
15740494,633,0,191111
15701265,559,104357,54184
15743532,704,147004,64381
15794870,744,73023,78771
15747591,665,173433,116767
15726557,638,165680,32916
15732199,837,104679,50973
15662291,534,116973,122067
15749050,548,0,65997
15781586,837,126733,79577
15617078,658,148481,130529
15723339,554,137654,172630
15671322,724,115315,15217
15793854,723,99096,17513
15756539,585,165610,131852
15612064,474,0,181946
15625916,562,161629,91483
15683195,719,146605,77119
15690182,635,113489,95612
15721719,743,77002,80428
15641690,681,0,163715
15634896,521,0,27375
15671590,741,0,73874
15779182,790,182365,139266
15778287,622,0,131773
15609510,669,149365,173454
15742229,583,127450,67553
15658532,520,162278,34765
15590993,579,152213,120219
15565701,698,161994,90212
15597239,548,131468,164976
15688880,672,102980,1286
15813917,653,143322,83679
15679611,734,130405,34549
15636589,794,0,74275
15687752,641,87505,7279
15584363,824,133634,162054
15737748,534,151234,199337
15803365,653,70264,62348
15793247,498,0,91712
15572360,683,57657,79241
15795166,618,153572,76680
15724620,538,134752,162512
15800856,643,83132,21361
15671097,428,0,54487
15683930,593,134097,53931
15749004,718,118101,103165
15800434,811,76915,146360
15709117,823,81577,28371
15638806,645,0,10023
15662294,710,118327,192929
15690079,591,124858,50486
15759317,748,90972,131662
15750497,850,153148,152235
15596181,542,65942,68093
15576602,809,0,80061
15644833,675,0,149584
15734634,607,100912,7631
15808689,850,0,33083
15720702,789,0,121884
15665077,598,0,100723
15763612,756,124439,47093
15596493,687,0,177624
15704483,724,0,106149
15598846,700,58782,16875
15629244,635,159454,54561
15765537,687,142722,153606
15729975,613,167796,44390
15682773,781,128346,63219
15688007,703,165261,41627
15574331,593,118234,24766
15645572,743,0,28281
15742854,640,0,89043
15575417,849,143453,17294
15796721,778,145018,126702
15734942,539,82408,13123
15664772,489,79461,167974
15576683,568,0,125871
15682563,618,126474,91972
15650889,710,133537,155594
15612108,625,164978,67788
15761132,682,128030,62615
15645511,727,97403,107415
15609824,794,176845,166526
15640268,652,0,120107
15645778,670,81589,188228
15691104,460,119508,91561
15714567,568,0,166495
15777826,643,94444,165614
15668445,521,0,86372
15576162,615,92200,2756
15778135,575,0,83595
15613141,717,135757,103706
15635435,648,120633,5924
15596552,535,134543,58204
15623644,626,0,49362
15683403,611,0,73585
15615029,734,0,95135
15769005,709,154344,38795
15746326,591,0,198926
15722364,664,189027,56100
15704954,431,120764,117023
15694409,647,97976,62083
15754068,578,0,141823
15683841,555,113270,185387
15789095,775,0,57461
15719958,850,124549,120380
15689514,625,201696,133021
15621353,645,0,13590
15627232,608,114203,77830
15745843,689,0,136610
15722902,652,125438,17161
15791767,769,0,176844
15792722,611,64898,114996
15723006,489,0,196991
15771942,528,135556,133146
15774738,632,107765,185668
15574004,429,117307,24020
15587233,457,73700,185750
15808228,768,60603,178046
15682834,715,40170,199857
15571752,668,92042,43596
15743067,625,130484,122811
15714466,846,0,3440
15617982,661,0,35989
15696637,571,151097,17164
15690647,582,67563,44506
15672756,716,112808,17848
15704586,758,0,76210
15674526,725,86460,141477
15775295,630,118633,60032
15684196,627,159441,100686
15727281,653,0,96429
15787835,775,125213,15796
15730540,794,88656,116547
15646276,831,146034,191261
15582180,561,120268,173870
15697095,705,0,117273
15748797,636,0,92277
15754796,487,135071,44244
15628947,693,0,78133
15775546,517,0,103403
15670481,684,122550,137836
15619029,620,0,20670
15613282,757,130306,77469
15721487,739,0,57572
15797276,662,90351,75885
15612494,359,128748,146956
15629617,572,126874,67040
15600821,721,108424,178418
15579062,707,0,30807
15814268,444,84350,143836
15710164,523,0,130884
15693904,685,84959,194344
15588986,673,99097,9797
15797733,503,136623,47310
15620507,485,156772,141148
15685150,799,167658,111138
15667651,585,0,114182
15774166,607,109484,127561
15649280,521,134505,18082
15705657,535,114428,136330
15753969,724,83889,34122
15742378,520,110030,56247
15794874,696,127524,191417
15589221,657,139762,23318
15596671,603,91611,144675
15583668,726,109472,175161
15710206,591,150501,14929
15799966,792,101610,161479
15794560,550,0,133502
15626485,601,78892,23704
15703143,820,82345,115985
15809772,667,0,43229
15687959,573,0,94863
15585282,755,127706,142378
15714993,552,124349,135635
15596021,598,0,148488
15646615,576,119336,58977
15742632,670,0,76255
15574068,504,104217,55857
15806967,778,0,77867
15796334,558,144757,22878
15688713,627,0,114470
15796179,683,0,96755
15598751,556,0,125155
15703019,583,0,113598
15646302,705,100170,121409
15680855,637,145732,109219
15697311,697,110802,50230
15585367,555,120393,177720
15726556,594,135068,131212
15676242,632,136556,82153
15684198,551,0,216
15774882,687,99587,1713
15714227,672,0,136910
15608653,521,70731,20244
15784280,686,109343,86043
15789546,639,0,126561
15590320,850,0,64351
15678385,465,78247,10472
15571778,817,117561,95942
15657085,578,88980,125222
15640627,611,0,170951
15566211,616,103561,236
15669293,517,113309,31517
15595067,637,0,181611
15753566,806,63763,156593
15650391,633,169988,4272
15681843,624,180303,163588
15814846,691,0,175844
15670374,819,120657,166164
15762332,568,61592,61797
15700223,806,164702,21439
15729956,726,80780,19226
15594862,552,0,132547
15598782,755,154221,62689
15745080,634,0,21761
15703399,756,101641,154461
15732175,776,0,8065
15630725,649,92787,173366
15640260,595,131082,69429
15716822,646,98015,12757
15583748,592,0,180426
15605968,574,97460,43094
15790683,850,104077,68594
15607713,850,0,197997
15700212,475,0,122953
15626710,642,0,76821
15716491,710,93657,141401
15625824,596,121346,41922
15617705,609,141675,175664
15761976,797,0,117917
15634891,504,102365,194691
15744517,735,0,166677
15686963,680,0,160132
15808189,449,0,123622
15580845,685,101869,113484
15799156,569,0,79619
15694296,631,112392,24472
15677049,595,106570,177026
15583595,461,0,103350
15590146,630,81948,63606
15801548,661,144162,14491
15660833,796,86351,105081
15762277,710,158623,83500
15791302,741,0,143599
15798975,606,132404,36092
15599956,747,0,13008
15577274,549,134986,6101
15701200,576,0,48314
15638149,528,103772,197112
15786199,535,133040,110300
15701765,575,0,30114
15586974,656,0,98895
15729040,440,0,49827
15788676,539,71461,10074
15602497,850,133214,20770
15701333,646,96559,163427
15812071,744,93806,140069
15634375,710,0,83206
15738267,544,124044,111403
15786800,723,131695,92874
15591130,507,0,94781
15720662,787,106267,16607
15751531,598,0,161954
15653595,796,0,194733
15568360,569,139840,163525
15781210,711,0,48260
15668058,661,124099,86678
15597131,415,145808,3065
15697283,578,0,112125
15640953,611,107509,120802
15715031,600,0,52193
15589660,661,145980,56636
15769818,850,212778,69373
15782736,573,152522,164038
15614818,764,168965,118983
15794014,838,0,27472
15732448,821,0,36754
15723411,607,98266,46416
15797686,558,113001,152872
15605950,530,137061,165227
15812497,654,112146,75927
15690678,530,129307,172930
15747677,656,163975,36109
15618926,520,0,36203
15673908,602,158415,131886
15727944,701,92073,133992
15807294,653,88243,96658
15618581,668,0,135112
15584364,652,59486,163944
15599552,639,0,53844
15749177,730,0,122399
15718779,780,0,64804
15568106,592,119278,19371
15779481,628,158741,126193
15709994,658,140597,135459
15772777,850,0,94815
15706815,515,90433,188366
15618018,571,104784,178513
15671032,760,77993,97906
15634281,720,110823,72862
15766374,632,119625,195979
15600991,694,109053,19449
15777576,559,139129,32636
15742613,773,152325,171733
15649523,581,0,46176
15651063,524,127481,179635
15683124,713,115029,191521
15618314,676,114006,67998
15670823,651,116647,44732
15607133,717,110864,124533
15615012,594,156268,160968
15725141,716,109528,27342
15623560,668,102483,53995
15693018,678,115564,91634
15636756,545,0,189613
15647474,613,95624,60706
15576714,687,0,154767
15585047,715,160377,196853
15743976,618,37703,195775
15793881,721,118274,3087
15576517,445,131082,70618
15631072,690,94456,55034
15730394,709,0,168036
15631460,671,0,128449
15692002,538,93791,199249
15595282,735,0,149475
15789548,592,0,126726
15758035,747,155973,147554
15617518,675,89410,149400
15651802,632,97854,93536
15631813,621,0,58884
15729668,521,60281,154271
15741728,591,135217,122023
15576676,706,124923,50299
15711378,677,0,187801
15765520,769,188614,171344
15656726,771,62322,40921
15647842,601,120783,63941
15719309,670,115962,29484
15748718,517,115063,179056
15594404,834,160602,129274
15751158,571,108825,55559
15593470,576,166288,23306
15695129,718,152664,17129
15640865,636,80845,74642
15714080,566,97001,154486
15648721,711,0,3186
15801466,574,122525,88464
15750248,619,132293,65683
15758726,588,0,140586
15781553,760,91503,117233
15649121,665,0,116137
15674811,739,59386,105534
15646037,641,0,81514
15722578,685,97957,164966
15665695,594,0,23632
15801062,557,0,105434
15662955,697,141224,90591
15770309,656,151763,127014
15657386,712,141750,90905
15777797,689,75075,8652
15783955,697,165686,15468
15804516,589,0,79915
15681758,525,0,69362
15630321,680,0,86935
15588248,617,0,7598
15591932,680,92962,116958
15810347,662,0,157885
15595303,736,130813,77982
15634950,657,107175,126370
15685372,350,152677,191973
15745827,617,132006,142940
15755868,562,0,48870
15735222,705,0,73132
15604804,516,127306,120037
15718944,573,0,193995
15678626,538,0,179454
15571550,699,0,80964
15723053,504,170291,15659
15661528,583,102562,92708
15754177,712,111061,26542
15683544,626,0,65011
15708048,631,124379,106893
15701109,663,0,185211
15600110,506,57746,4035
15651533,570,129294,177805
15777904,703,0,68832
15655574,698,150777,114733
15569423,731,0,22299
15718106,625,0,197283
15585067,634,108632,179486
15675501,616,153861,17699
15633233,500,100375,118491
15667134,446,0,133293
15659105,669,61197,58170
15575409,581,116892,107137
15752342,704,133657,145071
15654851,748,92912,85495
15741429,680,119826,101139
15682356,655,111853,10511
15806447,690,106684,137916
15800229,695,139022,193383
15663441,700,148571,189827
15791991,773,0,144113
15775082,749,129777,143539
15579706,611,0,77677
15718247,606,0,183718
15755722,554,0,92181
15582259,567,0,28691
15716994,559,114740,85891
15586880,594,122546,42050
15713854,513,0,110142
15780835,652,131908,179270
15675896,680,105723,90558
15658459,784,0,162022
15658057,812,0,66927
15801767,784,0,108891
15569178,570,82767,71812
15731478,712,87843,92224
15811236,705,133261,78066
15746749,681,0,59680
15662758,620,97925,85000
15709387,711,0,159809
15572093,613,140454,129001
15713826,613,117356,113558
15570205,682,0,147759
15589348,850,137205,28866
15804610,601,0,160607
15700854,595,0,100016
15758836,675,54098,54479
15772933,591,0,141677
15809006,602,113758,84078
15689612,554,0,106981
15744614,541,118637,73551
15704250,506,0,115842
15700255,814,95489,107014
15669410,683,110830,24939
15807595,485,144245,51113
15664523,696,122022,33829
15642833,608,0,128876
15605279,792,0,194701
15713644,686,0,158974
15750466,790,85840,198183
15739054,654,96975,141404
15612771,452,148172,4176
15788483,719,0,126876
15732832,707,0,41053
15772892,699,0,105760
15713843,850,0,27937
15567993,828,134767,79356
15617603,850,123211,102180
15744983,712,139887,95720
15630419,634,149961,57122
15738828,730,152881,162478
15778025,685,108589,194809
15799479,809,0,124046
15684269,707,56674,17987
15762745,648,0,133653
15746970,760,0,25101
15725024,805,105664,33331
15592116,585,0,2401
15624391,595,100684,178361
15567422,630,0,162698
15612627,627,139542,80607
15574879,631,121802,23147
15745107,776,112282,89894
15734491,676,0,3173
15675320,758,93500,123219
15643824,637,132256,74588
15643438,850,0,31289
15721730,601,0,58561
15680727,735,121973,148804
15752508,614,99463,51117
15808846,672,165879,164537
15727251,642,117494,61978
15663489,633,138577,193363
15683677,769,0,47723
15596414,796,107525,18510
15730639,715,139225,65058
15672132,695,121454,46375
15742638,747,0,42040
15578603,584,77354,138193
15726088,476,0,22735
15682533,850,79260,186911
15772995,529,116295,75285
15765694,584,0,130260
15659486,586,74310,15035
15568963,674,152798,175709
15703820,552,133701,101070
15569410,601,114430,153012
15632256,541,127505,86174
15724466,744,84113,197549
15777639,595,101127,37043
15802501,724,103565,121086
15778410,533,0,194114
15670702,618,168178,101273
15704763,523,143903,118712
15645544,642,129754,583
15757646,584,0,192381
15701121,521,110641,136508
15796313,662,166909,138871
15815660,758,154139,60729
15602844,717,97459,189176
15636238,611,0,102548
15770101,766,112088,36707
15645543,636,0,44756
15596397,814,0,132870
15770525,760,141039,16287
15684267,607,84469,121945
15689980,725,118520,131174
15633260,600,142663,88670
15756471,656,118627,160835
15721303,640,137523,24761
15802256,439,110976,138527
15725664,549,107283,157443
15674851,622,0,105296
15701946,715,124314,97783
15748947,657,95858,68256
15673342,703,0,108791
15601008,802,0,143706
15771636,793,0,148993
15642002,554,117707,95277
15693381,533,135289,152956
15607691,658,174060,94926
15589380,713,114447,87308
15603846,711,0,83979
15753549,669,157849,37544
15725355,439,0,104889
15773017,763,0,149705
15625641,697,108071,16446
15776467,702,14263,54689
15746451,686,102750,194914
15777922,629,161758,146372
15606841,823,0,156604
15757648,683,95699,182567
15677173,555,124969,60194
15764170,647,93960,36580
15610446,714,88309,5863
15612776,850,0,143030
15794122,713,0,62700
15774931,452,112936,99017
15779247,683,98567,187987
15707078,577,180531,123455
15605263,552,140932,10922
15607381,769,148914,53817
15683471,691,0,81617
15605037,818,0,192299
15576085,739,0,143882
15770435,639,115335,53130
15592994,651,0,190454
15624068,779,0,111906
15595221,850,134678,113178
15637131,829,0,30530
15613471,579,90547,18800
15583499,510,103325,46128
15752816,531,114591,75585
15804075,628,91287,63086
15800517,633,163340,74415
15712319,714,150900,139889
15797389,604,124577,7267
15621432,630,0,186826
15779390,850,91293,162149
15711219,788,93717,180150
15770498,798,111723,83478
15678727,770,110766,26164
15573893,569,173459,44381
15740104,425,169650,136365
15792649,547,0,99294
15605275,725,116917,173464
15572467,506,0,127544
15738219,632,0,52527
15600710,620,0,32589
15804394,663,130628,47161
15694188,700,56581,45424
15583718,696,142316,8018
15802478,767,0,195668
15619343,561,152759,133167
15758813,350,109733,123602
15761374,706,117445,186239
15569209,464,76002,158669
15788539,501,107748,9249
15747222,745,0,116581
15769346,587,134997,44688
15699634,667,0,148608
15589076,737,0,188671
15812338,485,0,107067
15758845,590,64345,61759
15685844,518,141666,192777
15583090,581,0,46735
15587581,785,136625,169118
15633640,799,161210,89081
15573741,698,95011,105228
15633574,730,167545,128247
15711455,740,109045,94555
15570601,785,122032,33824
15690925,527,27756,97468
15709338,544,118561,164137
15780746,705,0,191314
15681956,684,0,65258
15778190,639,97841,178223
15786852,565,158651,179445
15726494,481,175303,65501
15641183,731,96950,97878
15805312,607,123860,113052
15636572,760,0,105969
15632575,559,0,122997
15740164,715,85228,68087
15574947,656,97786,21478
15597909,652,128136,158438
15782574,624,0,76552
15734999,634,85996,15888
15706593,850,0,33742
15766686,659,104502,20653
15590268,529,95773,112782
15763055,572,98109,119997
15664754,640,131607,6981
15643630,770,63127,185211
15641043,648,0,78436
15768095,579,0,139048
15811314,589,140356,136330
15669922,530,0,14722
15707114,831,0,3430
15670602,790,107418,160450
15713479,656,0,1485
15663830,563,0,19720
15566958,667,167557,41183
15680918,613,117300,139410
15663921,429,0,163691
15716324,665,143673,115147
15796969,731,0,74945
15574783,584,0,180364
15773487,634,76799,196022
15802486,488,0,125979
15783398,535,115310,111422
15649418,776,178171,115819
15604588,850,0,179361
15735428,673,0,82351
15629078,850,127259,192744
15806880,627,0,113408
15754999,570,0,124641
15781034,796,0,54871
15622017,773,0,98820
15705885,752,0,45571
15677382,625,107570,182336
15566843,535,134874,118826
15608387,786,0,103373
15810786,620,0,43487
15626983,605,0,40063
15773605,670,0,46176
15811261,617,70106,120831
15590606,595,0,5967
15576644,687,78939,122135
15750264,757,105129,62972
15741554,746,113836,174816
15769051,503,0,192841
15812198,543,100901,33311
15699772,428,129248,72876
15744105,768,109118,50911
15739858,618,0,142400
15723720,591,0,48778
15638355,658,126398,156362
15805637,625,108546,133808
15629575,717,148062,179129
15586243,667,122278,91811
15757931,804,0,173195
15716023,693,0,182271
15647782,729,152899,177130
15716609,484,134388,49955
15623791,632,109741,141897
15627262,536,92367,120662
15652693,573,129109,149815
15586993,655,0,41783
15815560,666,105103,46172
15584930,726,111375,2704
15799031,523,0,6727
15810457,728,150412,170764
15697879,701,156661,45742
15594902,518,90958,162305
15799710,739,104960,80884
15659651,531,117053,118508
15645956,452,88916,69698
15651713,684,148071,183575
15737265,728,152183,161204
15687310,783,0,143753
15607347,734,130056,121894
15698321,648,95040,147056
15657812,688,0,172034
15569187,680,0,143774
15681562,516,112774,139367
15615456,680,123806,81777
15589793,604,144454,190999
15781884,624,94667,4471
15675190,623,0,135851
15600734,624,174397,172373
15779176,565,108888,135876
15605286,565,118803,128125
15674922,710,171138,167024
15737506,645,0,149807
15780514,707,136679,54291
15623647,655,135516,86014
15668472,705,177800,79886
15692416,358,143542,141959
15771139,578,147487,66681
15738318,800,97764,98640
15772243,612,0,142798
15638463,681,139480,163582
15598088,559,0,163221
15693468,488,140553,12440
15671930,717,0,145552
15762268,666,141162,50908
15780954,582,65848,30149
15700174,733,83319,57769
15635728,693,0,156381
15679283,694,129732,178124
15591386,622,0,51113
15694192,598,0,173783
15585901,717,0,174770
15792329,494,107106,172063
15635597,644,0,155294
15775880,554,0,40320
15630913,476,105304,134260
15756680,667,165798,147091
15587913,748,0,132368
15737605,531,126496,164742
15627876,719,116394,63051
15772601,845,81734,199761
15758606,738,0,55725
15657107,563,106172,163146
15622454,695,96021,57992
15775803,841,0,193094
15570859,626,181671,57531
15748381,613,185709,77242
15787189,824,134250,153046
15666055,705,0,63405
15617648,584,95672,106565
15755678,534,0,42763
15624781,672,142152,168753
15779497,603,127824,19483
15567399,633,144164,158646
15613656,842,63493,83172
15734311,661,0,76890
15657214,601,0,51555
15799350,632,106134,105570
15729970,684,127270,79495
15725835,785,124493,52584
15745543,687,0,26848
15727384,705,146548,10073
15666916,639,99611,187297
15732917,729,117837,104017
15612050,556,168522,151310
15726267,570,117338,62811
15780124,841,108132,60830
15742238,705,136496,116672
15679024,553,116325,77304
15715297,779,75470,52894
15633612,696,172647,116471
15602929,728,0,4539
15696703,691,160359,142368
15756668,706,98415,110520
15565779,627,57809,188258
15795519,716,128744,197322
15761477,501,130806,80241
15731890,601,123971,172815
15633043,545,0,38411
15752953,634,0,17623
15603088,451,0,48022
15606613,655,0,88958
15635939,458,0,116343
15666043,520,156298,166103
15746190,624,0,104353
15591357,765,123372,115429
15658716,667,92171,178106
15679909,665,0,132152
15634262,709,148375,21521
15799825,583,0,27432
15756875,782,147422,42144
15678146,668,173962,106457
15710743,621,0,133831
15595831,579,145215,164084
15626684,547,167540,159207
15709846,840,94969,84488
15635459,667,106117,3675
15642544,723,0,12092
15566494,487,0,77476
15655238,668,0,41292
15733429,520,120019,343
15814536,549,112542,47432
15771702,567,166118,127827
15723008,720,102882,35633
15797160,492,0,182865
15792222,712,106882,169387
15644765,689,120728,149074
15610686,850,169833,184107
15730868,747,0,22750
15705991,469,113599,11950
15577078,539,0,152880
15679550,743,0,175253
15787655,707,0,174303
15668081,581,0,80702
15747980,737,146283,198516
15710295,445,119414,175756
15724443,703,122085,82824
15571305,588,103061,179866
15569503,765,0,159900
15581840,626,0,138504
15772262,545,110484,127395
15767794,744,120718,58961
15629338,658,36567,103645
15790379,629,108601,119648
15750684,719,0,28466
15697214,686,0,152979
15711015,743,0,190911
15573309,626,0,95795
15805303,661,141137,189743
15741385,710,108231,188574
15780254,654,0,183873
15744843,569,144855,196555
15815626,640,68432,112503
15784736,562,136855,46864
15813412,721,44021,65864
15809143,456,133061,125168
15617617,811,0,177519
15779738,534,0,169653
15668669,423,97666,118373
15687477,594,185013,16481
15578908,725,0,138525
15687658,716,65972,14608
15615020,595,150463,81548
15608886,679,0,69608
15602551,667,0,68874
15672945,661,136425,81103
15757408,655,250898,81054
15806132,555,146799,74150
15813022,531,0,99503
15673578,611,128487,10109
15757916,600,0,58856
15689168,531,143407,84402
15769216,601,0,49714
15593295,548,76166,133538
15804814,759,0,124616
15778934,678,0,98091
15802351,755,90560,42608
15630241,594,62391,192434
15719561,768,0,60686
15615096,492,0,49463
15659931,637,123378,81432
15714586,646,99836,22910
15634949,593,161434,65532
15589224,596,0,141054
15795990,722,138312,3473
15603216,642,0,102084
15631201,472,0,1802
15686255,738,101745,85185
15746594,732,0,119883
15718893,404,125456,83716
15671609,701,0,23426
15652540,683,0,77327
15774857,460,0,156150
15791836,690,0,108578
15651554,618,118449,133573
15583576,671,0,102058
15732740,765,178096,47248
15723320,651,109175,114566
15603851,704,127785,184465
15777923,544,0,151401
15735719,790,0,70607
15703482,710,134260,147075
15605835,743,69144,105780
15664881,702,100055,109496
15757568,704,0,137739
15792660,614,116249,105141
15599722,609,86054,113276
15726354,688,123158,172531
15610355,713,63439,64375
15704284,736,95295,28434
15621893,727,133551,46941
15588219,850,106872,29333
15688619,718,105266,193725
15765518,643,105230,34968
15616931,653,102768,55664
15758372,674,0,55753
15782591,690,112690,176962
15612109,819,122334,181507
15613712,634,0,61996
15639322,633,137847,98349
15594349,850,122486,59748
15574167,665,101286,159841
15811842,630,0,6657
15648794,836,101247,37142
15771211,668,86978,37095
15588614,753,0,159475
15630698,745,110124,51548
15694200,693,178112,58720
15721426,606,126307,7862
15725997,660,100769,19200
15762138,608,0,178504
15750649,744,0,189016
15685706,731,118992,156049
15641835,683,140997,52876
15586821,727,0,19653
15569678,561,166825,139452
15793842,700,76323,128136
15667554,605,0,45207
15794479,767,149084,190147
15585041,511,0,158314
15780650,667,0,96670
15780846,787,126589,62164
15805260,705,143250,88428
15621629,773,81845,35908
15662151,554,0,168780
15747174,526,190299,191264
15651585,661,117212,83052
15649738,698,0,125962
15633108,646,139848,164696
15769254,757,101861,187012
15704746,699,167456,55324
15637644,667,0,34336
15609562,774,116360,17004
15787459,745,88467,116331
15762902,649,0,22974
15738605,634,123642,49725
15724889,665,0,87413
15730735,713,72287,26137
15689147,652,0,126555
15730397,739,109682,193321
15762169,556,145019,90928
15589320,699,0,76510
15799211,708,187488,120116
15798310,480,165693,197985
15609998,700,137648,142977
15583548,525,118560,82523
15761763,845,164386,150665
15764409,613,108287,114153
15710161,850,0,171707
15735246,798,0,119072
15791700,773,118079,143007
15670753,614,127284,31302
15573876,473,0,71140
15770174,762,141389,54123
15641114,701,130092,120031
15682435,600,143745,104077
15751788,850,97408,175854
15672598,613,111927,175796
15762803,509,0,15361
15812982,509,0,168460
15597901,609,0,181178
15731507,456,188286,58364
15809826,728,109706,20277
15764237,663,0,91515
15769917,673,127123,76703
15641850,717,98241,110887
15770974,741,170840,109843
15803749,498,87541,12577
15684999,850,62611,179365
15770225,493,0,65817
15627484,686,113329,124171
15610337,666,104832,175015
15752488,733,102290,115442
15610056,631,125228,128247
15806049,714,140511,141915
15736069,767,132253,115567
15763662,711,39043,175424
15615575,722,0,133447
15691723,631,99685,114475
15774098,701,125385,52045
15750808,790,131365,180291
15744368,633,98309,132034
15610594,644,0,20969
15756125,757,140856,158735
15623277,696,0,196134
15795954,746,172274,22375
15671969,649,0,161668
15791268,565,122448,67339
15713655,720,0,56230
15633930,648,157560,140991
15712849,632,126551,177645
15639077,622,158585,142343
15808784,835,163570,154559
15648577,493,0,176570
15670345,785,127211,191962
15633112,681,118200,9453
15714397,621,101014,165257
15780038,756,119209,169764
15756305,515,0,160663
15578799,625,53773,192072
15800326,717,0,93276
15785485,595,138879,112270
15783958,539,130923,2187
15727546,762,0,43076
15739576,706,0,12368
15631333,677,130866,42410
15604782,733,187258,190431
15589643,684,0,138394
15585533,679,147734,172501
15681506,478,0,197916
15630551,696,163139,7035
15698349,686,0,159677
15776631,466,119540,80604
15762216,686,129554,187600
15623927,576,0,94451
15681402,763,66102,143981
15586264,572,140432,26451
15594685,757,0,164483
15812945,582,0,84013
15734628,623,0,101192
15629323,617,116471,175325
15666823,425,0,197226
15777553,659,123785,99504
15613097,605,0,83701
15622217,538,88759,28226
15703588,665,153612,35322
15570835,491,112045,41230
15679299,726,123826,78971
15808044,580,106804,107891
15579208,550,0,191870
15684951,542,68893,7905
15667620,732,0,65732
15582960,473,125827,145699
15590730,745,0,50046
15763747,732,0,60830
15778320,848,148496,158854
15642787,572,133044,111243
15624633,702,74990,171015
15766765,664,60263,170835
15783615,630,129371,47775
15640161,618,157956,139298
15619889,556,0,195167
15579166,619,70729,160949
15789097,644,0,44966
15674880,658,0,52138
15778157,598,90722,109296
15779064,677,0,20093
15801265,689,57784,197804
15589204,591,131766,118782
15664543,699,0,152876
15582714,749,110023,135655
15797595,709,131570,103971
15614034,607,164524,35787
15763171,650,114331,25325
15647266,651,135923,18733
15757577,676,0,118523
15736656,723,0,89972
15635078,714,124693,187194
15680141,759,147936,106786
15576945,582,0,142516
15602034,697,126559,73334
15732020,610,106938,186612
15611029,488,140002,123614
15621210,599,123445,31368
15569222,781,147108,40067
15664639,645,128515,175969
15724223,545,0,10035
15644621,597,106756,151168
15756056,561,0,191388
15700353,662,0,51229
15624388,649,155393,87351
15627212,630,110414,48985
15648005,672,0,182738
15681446,636,157099,153535
15775888,593,85627,125080
15749019,545,93796,162321
15709928,567,0,3415
15784676,583,125268,165082
15748116,681,148144,52021
15612193,762,115545,148256
15762984,648,0,122899
15613713,644,44929,10771
15664204,706,0,18256
15639415,850,162442,183567
15806332,484,0,175224
15614929,508,96214,147914
15695492,439,156569,180599
15635972,484,0,186136
15616380,803,0,7455
15581440,724,110463,80552
15654390,640,154576,25722
15660688,701,0,170997
15806307,537,0,20603
15647975,651,147037,141763
15595728,523,119276,122284
15735388,717,108665,190012
15788535,593,0,128047
15765902,706,163035,135662
15642345,714,93059,7572
15641250,794,179581,23596
15706163,518,113626,92727
15746708,589,119961,65157
15775203,824,129209,60152
15787907,719,137227,149097
15646764,617,119025,35199
15678284,651,74624,129451
15726791,637,157929,145134
15813144,554,92607,192710
15669342,731,127863,139084
15710366,569,0,83630
15614934,625,142712,35625
15588701,592,0,35339
15665438,669,163160,15603
15644896,663,108587,182355
15670205,518,110625,89328
15635776,686,154846,151904
15791053,709,122918,12
15644005,571,0,77520
15796343,707,82788,91424
15751057,701,102500,106288
15623430,672,0,161801
15682600,620,159493,80582
15769312,557,0,185094
15708212,648,118241,172587
15650258,479,113090,195650
15604345,730,65764,145792
15578297,737,125537,138510
15671789,616,94264,168895
15726186,639,133435,97983
15764618,815,0,85168
15730738,786,0,18210
15637650,549,94749,13608
15606267,622,98641,110458
15625904,624,74682,31231
15654463,841,0,141583
15774151,614,179916,14666
15693259,676,128207,55400
15642468,697,132739,174668
15758531,732,0,154189
15728352,623,120510,142170
15637240,541,124547,94499
15595588,773,0,182081
15778395,762,88816,68562
15711825,655,82232,88798
15599251,602,184716,113782
15570004,850,0,121867
15656912,649,0,150391
15657342,850,147972,60709
15716284,543,0,78858
15672374,672,170009,56407
15732476,600,0,125699
15747724,671,0,23235
15633877,706,95387,75732
15672516,541,90373,179862
15607827,711,133468,42977
15751336,630,0,10487
15646539,531,96288,56795
15756901,641,91548,28157
15809286,631,138293,152423
15759021,685,0,167034
15725039,702,71668,126082
15579130,708,118995,181500
15754112,653,0,41967
15735522,654,145610,186301
15613326,596,138163,85413
15739502,549,135020,23343
15670914,754,0,180698
15604073,815,135162,136071
15806027,556,0,175149
15574886,706,94486,146950
15707120,850,117640,88921
15800845,732,111380,45099
15603914,614,0,20340
15722765,580,136821,108529
15783305,593,98753,145560
15574842,653,158266,199357
15607837,746,105600,43106
15714877,662,0,137508
15782941,573,0,91957
15630167,684,139724,120612
15759038,793,141806,102921
15661821,798,132572,31686
15728006,524,180517,180002
15712176,816,0,28407
15689351,742,92806,73744
15782247,540,0,186233
15769064,537,135309,31729
15718153,759,128918,48245
15613189,774,56581,113266
15661734,608,131391,71178
15592645,704,0,25685
15768387,581,0,29737
15792525,628,97362,149922
15586976,566,0,180702
15790659,701,0,27598
15691446,735,0,95025
15772632,680,0,167035
15706587,560,0,116782
15572461,663,102715,21171
15654409,665,67817,29642
15568025,758,81710,116520
15715769,621,75238,44220
15667458,764,124023,166188
15567980,537,100728,140858
15679294,589,107239,37024
15606507,555,0,27513
15578825,734,139995,17745
15619935,783,126225,4424
15636089,678,145751,109718
15727490,661,0,107243
15591766,607,121167,115288
15641629,537,0,41234
15813303,513,0,52952
15756920,576,70655,78956
15726403,660,129901,26026
15592765,637,125471,174536
15704442,672,169406,147311
15641136,629,0,77965
15725818,583,107041,5636
15612071,763,95154,81310
15719809,516,145166,111421
15716518,617,0,190269
15742210,700,65963,100950
15630617,727,140419,113034
15720838,689,139800,120664
15595537,626,171788,187192
15623196,686,149239,97825
15679249,351,163146,169622
15693199,739,0,191557
15661219,627,0,103288
15617136,451,61482,167539
15760294,512,145150,64869
15652808,774,126670,102426
15657139,652,84391,107876
15803790,638,89729,37295
15764105,475,0,89249
15672610,567,118629,91974
15766896,750,0,16870
15587735,850,96863,121681
15659501,753,142263,33730
15745001,683,0,104787
15651140,710,0,94790
15571148,645,0,28726
15776824,714,122724,67057
15633141,696,174902,69080
15764174,612,0,179781
15778155,520,108914,183572
15715920,782,98053,142587
15671917,666,123873,177844
15666548,466,111920,197634
15625623,567,0,121053
15748123,613,0,149614
15648735,718,0,143
15634974,614,75150,131767
15713378,711,0,53312
15753370,691,114754,107665
15782659,527,0,109524
15583364,476,111872,112133
15625942,619,0,113645
15720284,607,135927,180890
15679642,695,0,70974
15628007,653,0,53380
15661974,677,57038,158531
15689341,655,0,179268
15607993,625,79469,84606
15693267,679,121064,56985
15769522,734,118537,116912
15755825,666,0,102999
15598175,592,105082,132802
15744327,564,0,85456
15798666,814,0,98657
15577064,592,104703,107949
15759436,758,95814,67944
15690231,612,167027,192892
15751561,498,102453,187248
15739068,638,148045,114722
15758056,558,0,111688
15742269,756,0,184182
15726490,782,0,52760
15738411,505,104499,126451
15727919,671,0,12049
15709396,801,0,95804
15654106,604,149543,197912
15621653,716,87946,182532
15598086,624,68640,168002
15752300,607,148826,79451
15658693,827,0,60616
15631838,606,108166,8643
15803804,717,103215,172173
15578809,651,134760,174434
15752026,691,0,194930
15723706,573,90125,137477
15752838,723,0,94416
15569571,584,87361,120377
15769703,550,111258,97623
15679770,611,131584,66238
15791102,549,95021,131711
15655192,850,0,69053
15709487,668,80242,56781
15687130,686,0,170073
15755178,660,0,191849
15634772,682,122661,84804
15617197,524,0,31841
15631240,645,0,12097
15784301,850,0,44166
15631310,537,0,91407
15756560,599,81743,83282
15732270,727,0,198447
15739357,756,145128,7555
15771540,755,148912,80416
15567486,634,0,164550
15714634,837,89900,175477
15727021,727,119027,137904
15650670,567,105223,93796
15711834,650,0,67997
15729763,655,116115,49492
15646566,763,187912,35825
15645463,843,0,67494
15672144,667,144432,73963
15596088,705,77066,145159
15614878,660,180520,123851
15635240,553,0,23822
15775905,612,130025,45750
15700657,641,110087,159773
15611905,513,174853,84239
15652527,680,108725,72330
15785865,711,91285,26768
15645942,689,0,164769
15688691,665,110610,1113
15592736,551,102994,176680
15673529,645,59894,44000
15724145,616,149319,140746
15704629,582,116410,152791
15597896,365,127760,81538
15731790,697,132591,7388
15634719,704,0,183038
15703205,656,113402,138849
15567333,712,0,170333
15754537,748,0,60417
15612030,724,0,100240
15573242,691,136953,2705
15601892,563,0,68815
15663885,741,0,64839
15701096,778,123864,144495
15710450,848,120812,185510
15790846,634,148431,56056
15658956,505,47870,155062
15755223,692,150927,119817
15787318,537,103163,16260
15737310,633,130206,184655
15763665,833,136675,5279
15668818,592,200322,113245
15765812,587,0,8908
15704844,550,80928,64491
15744582,680,0,154972
15616700,622,0,155786
15683521,594,142575,129085
15583049,643,160426,188533
15643752,540,116160,13412
15620398,635,98683,15733
15715707,657,118829,73128
15814209,814,118871,101704
15733768,600,0,101986
15755242,682,0,114443
15729412,682,107192,15669
15746564,566,108011,157486
15588446,550,0,131281
15665221,630,129838,197001
15640846,546,106458,128882
15700209,486,97009,85101
15658360,762,122929,149822
15602735,692,152297,108041
15724834,498,0,135796
15800062,850,0,25868
15685300,603,128994,130484
15760102,551,0,183479
15787026,627,185267,77027
15653696,515,0,94142
15788946,605,116806,4093
15600724,567,129751,109258
15574324,568,129177,104618
15707144,571,82507,167705
15775891,634,107248,103712
15711789,768,0,161243
15600879,554,157781,6089
15681196,629,172170,159777
15716000,638,0,7919
15766776,576,0,188275
15680278,661,75361,27608
15688637,592,0,183569
15591179,702,0,145537
15677435,647,98263,164718
15698619,593,0,76357
15581036,712,109309,120159
15622117,625,0,151844
15599301,538,164365,5699
15581548,637,98800,122866
15586870,632,193126,152666
15735263,736,51523,192132
15765322,755,84284,62852
15582944,425,0,140941
15687162,461,119890,56768
15644962,745,137910,177235
15612615,616,0,86242
15813439,587,100117,34216
15604544,850,166082,44406
15761348,601,0,165197
15785078,730,0,34542
15759874,532,148596,74839
15643658,850,94079,36981
15713267,779,0,111677
15737782,562,0,25859
15815490,670,164949,177028
15679410,729,140549,30990
15756241,767,152509,136915
15688409,742,191865,108458
15742272,669,96418,131609
15717898,542,131946,159738
15769582,586,0,142239
15635660,612,142910,105891
15576723,740,0,194271
15591577,584,146312,105443
15582325,524,87894,173899
15693947,614,97445,122823
15760446,598,0,13181
15611105,799,0,140781
15630920,724,154486,78561
15574910,601,115625,185855
15756472,804,108397,128277
15682890,745,65095,140197
15641994,667,103018,32462
15733297,518,84765,162254
15767793,819,0,30499
15725698,520,115681,90281
15813532,625,0,32615
15576760,673,73088,196142
15732102,656,150905,16999
15739046,850,143055,62981
15631927,574,0,185660
15672115,679,0,77332
15618765,530,99948,97339
15679148,508,115451,67234
15728474,558,108236,143783
15636999,414,0,77661
15754261,648,98796,89124
15629150,721,0,70811
15736274,751,0,17550
15627697,662,0,21497
15721585,628,113147,124749
15639946,597,162532,36051
15792176,698,92053,143682
15699450,723,0,150695
15729954,586,0,170487
15600103,633,104944,97684
15786200,564,0,53520
15797010,649,0,15201
15670172,622,107879,196895
15627352,459,110356,4969
15622494,718,0,26229
15585835,655,109784,134034
15595071,696,149777,198033
15628203,637,104340,119883
15667190,630,85818,133102
15780212,592,212693,176395
15766869,634,89697,193180
15775741,608,0,125062
15628170,565,68067,143288
15701318,763,148565,87236
15710928,665,136354,93770
15682547,649,122214,88965
15631170,695,0,30794
15648702,775,119685,74532
15783444,788,135139,113086
15809178,569,146101,32574
15806688,726,123111,130114
15576824,564,111760,104722
15675422,544,110728,14560
15681550,614,121558,599
15812628,453,120623,129698
15597951,471,114714,36315
15807045,829,103458,1114
15581748,754,101135,70954
15770420,749,78136,73471
15608230,667,0,91573
15730339,670,133446,3155
15712584,670,0,88188
15592816,623,108076,118855
15641480,571,131354,125257
15708505,641,62975,39016
15791131,551,143340,145796
15618225,741,116993,168816
15644724,472,58663,73322
15662098,650,128809,113678
15723894,625,137555,124608
15787699,650,142393,11276
15687738,535,0,136621
15576126,649,125785,70524
15658889,689,136444,51980
15667046,694,121527,113481
15669957,655,144697,49026
15655794,620,0,145938
15599829,577,0,25162
15753332,401,128140,175754
15671124,599,120383,24903
15767474,481,0,169719
15720671,704,129735,179566
15626787,698,185078,115338
15774491,480,0,48132
15579647,682,0,160829
15625522,700,0,145152
15765806,492,144592,196294
15566708,444,0,161654
15668347,624,0,84636
15575214,709,0,159487
15591123,557,100194,38596
15573280,646,145295,27815
15589018,719,106070,183893
15654495,706,120622,140804
15597265,660,0,146586
15733876,667,0,40062
15677217,705,0,181300
15747265,598,171284,84136
15713379,669,0,197594
15730433,580,128218,125954
15693347,676,0,75465
15715465,714,77776,177737
15680736,597,124978,7144
15610765,559,0,155640
15650034,564,0,162428
15782468,850,109800,12458
15685109,689,0,14917
15776233,758,125397,182184
15761141,604,0,129984
15781702,733,111347,194873
15790235,778,104291,117507
15641416,732,94867,157528
15775234,646,0,92613
15659475,597,135704,74851
15642202,821,106454,127413
15771417,640,132412,69584
15585100,511,124402,198814
15700487,805,118022,162643
15726589,540,82531,114093
15747503,705,184552,68860
15595883,540,127278,16150
15663826,532,0,115227
15742820,535,0,170622
15624793,627,184245,103099
15597930,646,59669,172496
15665110,515,79544,38773
15770719,697,151553,44946
15731327,652,166528,146008
15576044,579,150329,145558
15775662,760,121912,193312
15646817,769,156774,40258
15596060,498,127864,46678
15723299,774,113709,153888
15636982,705,79975,103108
15751175,648,0,58652
15618936,688,0,91624
15787529,592,0,65986
15780128,705,144428,113845
15615991,654,99263,67608
15757001,624,79369,145472
15595388,594,0,124072
15699550,695,0,67502
15581620,597,0,78708
15600934,758,125096,171190
15738672,737,162486,149381
15721307,694,95669,100336
15619280,683,0,152698
15768244,538,0,41193
15806837,669,0,132540
15643496,730,74197,96876
15813916,622,89689,152305
15626385,714,103121,49672
15603582,569,0,133998
15764351,668,120170,50455
15667938,628,149136,16402
15576360,600,141137,67804
15628813,693,152342,9242
15584190,704,120027,100602
15716449,527,132168,98734
15759913,553,85201,160574
15701555,575,84903,26016
15758482,626,0,187173
15758171,582,0,55764
15680346,683,0,75848
15649124,850,121535,40313
15812917,653,116663,23864
15768455,679,0,51381
15703059,549,124829,93551
15646196,850,155181,169416
15585451,558,108263,6935
15714057,528,0,25400
15748473,801,0,66256
15785782,513,0,114709
15693233,666,99813,158358
15757521,606,132164,164816
15812513,599,103583,132128
15674950,544,142406,146637
15678572,529,99843,90256
15713608,850,0,34827
15579262,497,0,22074
15610426,764,81042,109805
15776454,603,0,100479
15771483,609,0,97416
15648489,487,199689,24208
15646609,748,142645,69133
15693203,710,0,9377
15813067,432,110219,43047
15769829,534,0,20856
15662434,607,0,187049
15773503,551,0,53421
15705890,674,142072,37013
15711398,525,0,89567
15752375,645,149565,149914
15659175,755,0,18067
15597033,708,153366,26912
15590228,715,76467,173512
15631848,727,121508,146785
15654211,559,0,1050
15707968,545,73211,89587
15594084,524,0,74405
15651093,707,0,54409
15798824,671,92675,3648
15671591,439,96196,198875
15707189,667,114392,53413
15733581,831,80263,194868
15641640,545,173332,150453
15585284,604,147286,57807
15617866,657,119785,107534
15667751,487,140137,194073
15669411,750,107468,126233
15789425,694,98218,182354
15570943,711,133608,120586
15685829,551,0,50578
15721917,559,95139,86575
15776047,620,0,153392
15716024,660,0,115510
15675328,449,0,82176
15604314,703,97331,63717
15658339,795,139266,198746
15630402,594,0,5719
15689616,586,168094,20059
15774224,613,131564,170639
15701291,601,0,30607
15719606,657,0,37171
15644119,531,0,42589
15646859,621,107363,66799
15606836,782,94493,101866
15664150,528,170214,49284
15624510,696,139781,27445
15810944,586,0,70761
15668575,626,148610,104502
15603246,498,170242,165408
15804002,691,128307,113581
15728773,568,0,45978
15598044,715,0,152012
15694829,680,175454,77350
15600575,802,0,47322
15727311,539,100886,38773
15570769,494,93321,24489
15606274,594,63176,14466
15746139,596,139452,63142
15704987,649,49114,41858
15628972,699,123906,127444
15697686,787,0,84152
15733883,604,0,58596
15617482,489,131442,37240
15704583,651,0,114523
15621083,698,136325,72549
15649487,578,113150,176713
15736760,538,0,152856
15714658,696,0,73372
15599081,507,102785,70324
15705113,685,83264,9663
15631159,705,72253,142515
15792818,499,148052,118624
15633531,717,138490,68400
15744529,510,0,115292
15669656,632,111589,170383
15581198,668,122105,112947
15729054,744,96107,79813
15573452,663,115931,19863
15776733,638,124514,158611
15724858,688,0,191213
15713144,588,0,61931
15690188,631,0,58043
15689425,687,100988,22247
15671766,599,118577,31449
15782806,718,0,146876
15764419,730,0,116082
15591915,533,0,73670
15772798,711,0,93960
15792008,555,0,158918
15715541,850,113311,198194
15639277,678,0,13160
15798850,576,0,4661
15776348,835,124365,180198
15727696,592,147249,63023
15793813,774,103688,118972
15694395,620,138740,154701
15764195,519,111900,97577
15744919,734,152760,48991
15671655,763,143966,140263
15654901,733,141557,130190
15649136,650,0,16302
15775562,538,0,126962
15807481,577,0,158751
15642885,792,0,199644
15789109,686,0,144273
15814004,589,0,98320
15673619,530,162560,64129
15595135,778,123229,181221
15583681,616,76666,163809
15605000,550,140279,171457
15718071,655,0,15801
15679760,721,115764,102951
15654574,499,131143,174918
15577178,511,68375,193160
15595324,579,117833,5831
15756932,696,0,82299
15726358,681,0,130687
15595228,815,0,52885
15782530,681,111093,68986
15592877,641,132658,35367
15651983,591,128882,196242
15746737,565,69130,170706
15774179,487,0,126477
15667265,729,121405,159618
15655123,505,131355,195395
15595917,580,102097,168286
15668385,642,154863,138053
15709476,850,99946,71179
15711218,616,121704,55556
15798659,526,0,31705
15663939,523,138783,186119
15694946,663,0,195580
15631912,840,136292,54113
15768816,570,107857,127529
15682268,676,108349,60232
15684801,689,93872,156878
15636428,703,0,182784
15809823,491,125860,129691
15699284,584,172713,113861
15786993,810,0,184525
15709441,745,0,36125
15710257,625,130787,121316
15582492,535,112367,185631
15575694,729,91091,71133
15756820,655,106199,32020
15766289,751,142670,162761
15593014,525,112833,175179
15584545,532,0,177100
15675949,696,0,66406
15672091,786,104336,59560
15801658,580,104306,175750
15706185,596,140187,174311
15789863,683,0,171717
15720943,747,114959,189362
15697997,602,164704,180716
15665416,779,119097,116978
15660200,551,0,185105
15619653,666,0,35047
15773447,526,0,36251
15739160,849,115465,103175
15689237,471,0,122642
15679297,628,184927,122938
15591433,674,85958,8757
15642725,797,114085,125782
15701962,590,166931,122488
15811613,588,0,20066
15741049,577,0,55473
15724423,571,107194,38963
15574305,680,116275,63796
15678168,648,0,163060
15697020,618,91069,26579
15610801,648,123049,5067
15745232,759,0,140498
15722758,585,0,146157
15792102,774,137782,199316
15675185,697,108129,103944
15801247,605,105318,138021
15725660,676,80570,68622
15638963,678,174853,28149
15800061,495,89159,135170
15578006,787,0,116538
15668504,770,89800,105923
15687491,817,101208,88211
15610403,659,106086,26901
15741094,693,0,3494
15807909,744,0,113163
15666141,829,101440,19325
15617134,716,0,189679
15783029,671,106604,26388
15622833,835,130420,106277
15746422,636,0,45015
15750839,649,45022,173496
15749130,621,74298,52582
15779862,658,133003,146339
15767871,784,0,182610
15679651,783,136690,197891
15576219,615,0,6226
15699247,791,0,123978
15619087,762,102520,170195
15605327,607,0,114190
15610140,601,0,27023
15791174,540,88382,59457
15602373,812,115049,165038
15762605,685,104797,154181
15598840,680,123082,134961
15744279,680,0,65709
15670619,631,0,117374
15599533,569,0,77703
15757837,584,88311,177651
15697574,582,0,60954
15578738,609,71872,151925
15762228,506,110047,26319
15614827,503,104430,147558
15789815,503,0,125918
15579781,806,138654,190803
15587013,653,102575,11044
15570932,666,137781,119100
15794661,674,0,140579
15581654,798,0,37732
15644296,740,105210,1853
15614420,531,109570,172050
15609653,614,118716,133591
15594577,556,0,192751
15584114,678,153393,193828
15673367,587,132603,55776
15685576,527,0,102280
15774727,757,129398,44965
15694288,468,0,170661
15603319,693,151353,197146
15759066,483,136836,192360
15814816,466,91592,141210
15724402,770,0,100557
15571059,734,0,130806
15674206,716,0,92607
15715160,439,165536,123957
15730448,538,62483,102758
15662067,743,68156,94877
15779581,734,55853,94812
15662901,656,0,67841
15689751,666,79589,4051
15667742,627,100881,134665
15738448,480,174330,181647
15680243,792,143391,33283
15745083,613,91416,27965
15708228,476,134366,68344
15628523,539,0,198161
15708196,696,88787,196858
15735549,810,96814,120511
15809347,763,160680,30886
15660866,640,0,2744
15766609,655,0,167779
15654230,526,145537,132405
15794566,678,0,144423
15800890,554,0,181205
15697424,597,119370,182726
15724536,560,0,120881
15735878,850,134382,26813
15707596,546,114889,66733
15657163,623,149332,100834
15622478,698,105062,107815
15779529,620,0,34666
15636023,619,0,147094
15582066,561,0,36942
15666675,753,155063,16461
15732987,721,88798,45611
15789432,451,0,184954
15663161,680,143140,47795
15694879,590,0,196790
15593715,634,107028,173426
15575002,676,140721,36221
15622171,642,80965,174738
15795224,760,178585,67131
15685346,736,135889,165692
15691808,656,134920,194692
15721007,776,115130,129526
15794253,832,138190,146511
15694453,631,131519,51752
15813113,795,0,35419
15614187,648,126936,57996
15619407,615,133707,108153
15646227,682,97893,166145
15660541,694,127900,101738
15753874,694,143835,33327
15617877,607,0,81140
15772073,664,0,140173
15701537,756,0,166513
15736228,645,129597,103233
15780572,653,0,120736
15769596,710,110407,15832
15586996,697,0,188772
15722061,619,142016,114324
15638003,648,81370,181534
15775590,482,69329,102641
15730688,548,116756,158585
15753102,752,83870,178722
15810075,648,130695,153955
15723373,643,117451,65375
15795298,573,206869,102986
15584320,686,111696,136644
15724161,644,137285,77064
15750056,702,149218,9633
15609637,652,0,43496
15794493,641,0,24267
15569641,692,130701,59354
15815236,574,0,28270
15811177,643,167949,143162
15680587,834,131255,20199
15672821,591,0,48607
15767681,470,0,89014
15600379,608,86656,59890
15801336,649,114737,106656
15721592,665,0,156440
15581282,651,0,24176
15746203,555,119817,43507
15583137,637,130807,132006
15680752,675,0,80497
15688172,677,0,88948
15791373,850,80932,12640
15589449,815,0,94248
15692819,665,132179,11866
15727467,485,0,141450
15734312,577,0,149458
15764604,586,164769,119814
15613014,722,107234,24925
15759684,528,176227,139482
15609669,542,109949,41269
15685536,552,0,1351
15750447,678,117739,147490
15663249,575,133292,111175
15638646,669,160475,95963
15734161,636,0,43129
15631070,667,154393,137675
15761950,652,110827,153384
15649668,637,145750,96661
15713912,516,109044,115818
15586757,801,75171,37899
15596522,692,0,145223
15625395,585,105796,41219
15760570,590,0,59250
15566689,554,0,116748
15725794,659,0,116250
15673539,690,118098,61258
15705298,697,172694,141799
15675791,610,129440,102638
15747043,599,0,13211
15736397,544,96471,35551
15678201,548,0,104469
15720745,635,140197,142936
15637593,722,0,195486
15598070,564,135946,63170
15787550,719,0,58320
15603942,547,81290,177747
15733973,850,0,19633
15596761,515,113715,18424
15652400,667,168883,18898
15717893,607,143422,97879
15622585,525,153644,63198
15733964,606,109330,75860
15753861,686,115096,78622
15747097,611,0,23598
15594762,827,183276,13460
15667417,572,68194,19998
15684861,726,0,185076
15742204,579,139730,135815
15623502,598,98365,44251
15774872,663,0,136350
15611191,505,122454,52694
15674331,576,132174,93767
15619465,555,0,197867
15575247,524,0,126813
15695679,776,104349,79503
15713463,645,138881,129937
15785170,850,116969,175095
15796351,603,105346,130380
15639576,691,136623,153228
15693264,583,0,111286
15589715,584,0,49553
15769902,679,0,98016
15587177,646,124446,88481
15814553,559,69000,66879
15601550,595,85768,24803
15664907,527,0,21312
15612465,684,100628,190264
15810800,673,0,72873
15665760,802,0,57765
15588080,675,0,110274
15776844,762,0,55500
15717560,580,125647,57541
15629739,621,100375,90384
15729908,411,0,120694
15716781,815,171923,178029
15646936,631,146811,180990
15768151,514,109032,155407
15579212,638,0,33676
15721835,791,0,89666
15800515,516,128654,127558
15591279,734,80388,77273
15587419,611,0,107666
15750335,850,108509,184045
15699619,641,155978,91511
15606472,585,0,87364
15778368,552,121176,117505
15671387,507,89349,180627
15573926,735,86132,93479
15709183,707,102347,114673
15577514,698,121264,13388
15778830,841,0,173241
15768072,688,0,27557
15768293,614,0,5552
15654456,511,149726,88308
15807525,447,0,33879
15574372,738,161274,181430
15671249,422,0,102655
15779744,537,103138,96555
15624755,707,109628,189366
15611430,690,0,12848
15774744,664,97286,143433
15629885,850,118004,183984
15708791,584,85535,169137
15793890,728,0,163366
15646091,560,95140,123181
15596984,629,0,16448
15800215,658,0,173948
15577806,794,75901,192155
15749381,790,126619,198224
15683758,640,111833,67203
15670615,652,0,68790
15715622,583,238388,147965
15707634,775,108699,161070
15806901,584,112688,127750
15775335,635,81557,191914
15724150,814,136597,185792
15627220,735,98807,184570
15672330,678,0,130447
15668521,693,0,82868
15807837,640,107500,187632
15592570,773,0,56760
15748589,736,0,34180
15635893,693,0,158545
15757632,496,176024,182338
15691863,751,0,84175
15706071,528,127632,22198
15654296,754,0,189641
15755018,568,109819,154491
15594041,592,138735,90021
15670587,558,111363,197264
15724527,825,0,31933
15801904,677,143988,8756
15658195,653,118839,52820
15630113,593,161638,20008
15784320,632,133794,34607
15676513,601,71554,177384
15574072,786,0,165703
15633854,654,0,167889
15618566,572,0,133123
15733014,813,64668,140454
15753343,523,121164,59939
15746076,506,0,12017
15608226,513,98903,81251
15605684,664,104159,134170
15638988,684,0,94889
15628767,608,139530,175696
15737977,527,0,96759
15758116,666,64647,128019
15575119,779,0,146895
15625126,629,0,139356
15567114,430,118894,2924
15672242,712,0,121233
15681327,682,0,2053
15802585,634,68214,6382
15740630,487,0,158750
15815420,808,139196,74028
15711468,527,0,44100
15799626,637,126346,17323
15659325,802,0,175044
15651352,529,0,146389
15684925,850,0,2466
15657439,738,0,47799
15574122,817,129278,165563
15720508,735,119558,72928
15599078,619,92468,38270
15702300,671,0,120893
15660735,581,0,188377
15671390,690,0,55903
15647385,579,99341,4524
15739223,688,0,102195
15631305,599,126834,60843
15809263,729,109677,25548
15640866,718,0,134462
15775663,712,134730,132703
15631800,474,98431,75698
15654292,565,130368,105642
15648320,658,123975,102154
15726747,714,138082,166678
15694510,725,129855,24219
15572291,825,132308,117123
15603465,665,155448,51872
15685628,670,124269,84321
15792729,474,176311,160213
15767414,591,99886,88695
15568044,508,0,6123
15751333,695,0,167750
15623062,660,85089,71638
15713621,687,134318,198065
15670668,658,75396,54915
15750638,705,116766,190659
15747878,739,0,51638
15726796,844,111502,119333
15754952,602,76595,127095
15652192,759,160541,93541
15681924,747,129729,89290
15763544,673,0,108762
15764431,671,130929,28238
15684010,640,116800,34130
15648881,581,101017,7926
15733303,630,0,27330
15643294,703,190567,79997
15749905,698,0,50214
15625175,742,97068,60920
15643967,652,92209,197700
15578251,644,186348,92810
15772573,735,103177,163516
15733234,777,0,62449
15721582,644,77270,115800
15628219,665,111912,110360
15571302,529,94216,78696
15637178,803,0,128378
15601184,604,0,155249
15629511,738,106771,123499
15570629,655,138090,99920
15665766,698,133191,53289
15693732,775,0,67622
15765982,735,74136,11783
15582016,766,99208,62402
15798024,537,92242,186236
15588622,599,108381,79006
15724863,420,91893,144870
15618213,674,85758,95481
15780411,570,0,820
15725429,623,96759,174778
15600626,710,0,8991
15668460,466,0,2797
15576263,759,0,22303
15720354,581,0,197562
15691624,820,132150,23068
15793196,759,0,190294
15633352,628,175444,113167
15750874,676,78990,124777
15588923,591,113743,124625
15715745,690,157625,49599
15611800,624,125164,151412
15576928,573,0,122964
15793693,694,0,57089
15581252,632,80923,7821
15797760,632,193355,149188
15790564,832,107649,134639
15593736,598,131769,184980
15595937,430,138992,122373
15815628,711,113900,80215
15782802,582,114450,14082
15627412,605,0,199390
15734609,657,0,7667
15710689,578,63610,74966
15565806,532,0,30584
15815530,612,75498,149683
15632272,792,0,92664
15684103,674,0,138423
15654519,680,0,3148
15767722,593,117705,197934
15654346,679,130464,37341
15660147,493,46161,79577
15814998,688,0,197602
15802207,769,110183,87537
15658668,581,0,41624
15715079,465,117221,168281
15570360,641,0,125986
15674678,731,79120,549
15780925,625,177069,96089
15688193,468,61637,107787
15778219,790,0,20511
15696514,587,104414,192026
15712303,692,159732,118188
15719090,676,89437,189541
15735632,571,0,63736
15619436,700,0,95740
15722404,445,0,127939
15662063,746,142401,193439
15745605,722,88011,90656
15636658,596,0,12067
15784130,850,154870,54191
15606755,597,0,58667
15801699,436,0,35687
15784097,660,118402,14289
15764654,649,87375,247
15612092,646,105398,78112
15610903,560,125342,79547
15705777,710,129165,193267
15661936,513,141004,105028
15700864,607,0,116107
15722965,757,89079,53179
15737521,619,103604,140947
15814465,612,182705,171837
15580988,842,0,123437
15789974,713,94598,197520
15713370,657,188241,183059
15748673,770,0,22711
15754919,773,0,69303
15641662,470,117470,63706
15813422,781,80791,116430
15713596,428,107736,58382
15791216,600,133379,177379
15689031,697,168067,35451
15763704,692,69014,164621
15631339,791,0,174435
15771509,538,98549,94048
15769586,820,0,119087
15656096,679,76554,184800
15585280,649,0,75035
15743582,632,107376,62703
15761692,594,122417,190883
15627840,682,0,91982
15778861,720,97189,91881
15770554,769,61297,7118
15806956,746,112667,11710
15701908,623,0,25904
15736990,537,157842,86911
15743714,468,91444,10958
15807993,588,110148,5791
15644686,729,53300,42856
15677377,543,0,78916
15626412,499,0,81409
15643679,784,70234,179253
15728456,604,0,42171
15630661,614,75212,58965
15734044,671,41299,102681
15705001,587,83287,125554
15809817,593,0,53478
15809137,453,0,198376
15751593,570,85669,105525
15626491,655,57327,47349
15765461,632,0,178822
15568120,681,69610,72128
15787161,591,129269,163504
15812324,779,0,190623
15588944,456,165351,140758
15694253,686,152106,132374
15759566,617,0,53950
15675675,850,106291,121983
15802060,646,100549,136984
15660505,735,106345,114371
15782630,543,137482,62389
15700710,490,116466,24436
15742834,640,0,10908
15806511,445,0,90977
15608166,761,127638,81063
15614230,426,0,61231
15729958,777,0,126838
15800814,534,81952,115669
15674727,777,147532,38819
15657779,806,0,86995
15801395,790,135121,195205
15757911,643,0,131302
15665340,584,0,100835
15787151,638,0,198970
15757821,771,0,41543
15600688,600,0,118272
15594878,661,28083,69586
15569248,554,0,149629
15812706,627,111088,146680
15645045,659,0,132809
15766746,835,127120,28708
15700383,763,115652,104706
15632551,625,77743,75336
15795129,799,0,136828
15650545,849,71996,139066
15612769,692,61582,70180
15710853,623,0,116160
15623712,453,0,83008
15653251,408,87873,188485
15755077,778,105618,133700
15808557,695,0,72172
15614687,677,148771,191058
15626882,662,94901,48234
15748034,534,174852,79178
15632324,602,0,162347
15761023,554,120847,7612
15761453,667,0,88890
15646726,672,0,63833
15637169,838,103268,78310
15636024,692,109699,37899
15801218,675,135133,179521
15642655,731,0,130727
15690130,468,137649,198714
15653753,542,113568,89543
15641359,662,0,2424
15776827,770,141547,180327
15647725,675,62055,166305
15648455,647,131157,29884
15580629,604,134838,192029
15730161,833,0,1711
15626612,741,104784,135164
15662865,658,0,84927
15629094,528,156948,149912
15651823,590,147752,88206
15594827,675,124619,163668
15786392,765,124182,100153
15727353,650,142028,32275
15733777,817,0,65502
15614302,699,125838,189393
15723263,495,117160,116069
15687270,491,0,139862
15803121,847,97566,144184
15598700,676,0,157889
15741875,746,104834,71911
15631709,470,101675,45034
15672970,714,0,150466
15761670,695,0,126382
15706005,674,174701,90190
15790336,664,71143,122433
15754267,697,108805,123826
15791988,670,0,11427
15683375,541,0,114951
15625151,640,116038,184636
15635285,647,0,91055
15574296,757,80674,93992
15711618,704,124641,116511
15670943,778,182275,190631
15634359,639,98636,199971
15586629,637,0,139947
15588461,686,0,8816
15773221,577,79757,135651
15664227,506,53054,24577
15741745,757,120912,131249
15652626,826,115286,140126
15599410,721,0,168220
15571958,489,221533,171867
15785406,446,105056,70614
15687884,677,88363,117946
15621685,769,123758,84873
15628886,677,123960,60591
15699325,555,114823,8445
15578369,652,145219,159133
15654156,722,106808,76999
15707199,643,148160,55836
15671630,796,99746,177524
15632079,720,156283,45986
15767921,613,0,60298
15573599,506,0,194421
15747208,608,0,93569
15582762,667,0,34703
15772528,750,121376,54474
15755798,610,111582,113943
15788683,588,129418,153727
15616922,479,0,19117
15771855,682,0,112555
15601873,677,0,47319
15657868,850,94607,36690
15711716,580,131368,106919
15734246,746,166883,194564
15792151,635,0,91087
15770159,664,172813,108009
15747649,558,126607,172364
15639357,415,134950,178587
15738907,798,96956,31907
15663446,792,107602,18922
15750867,489,92060,147223
15715939,730,0,1475
15763806,773,0,24925
15637993,711,137689,46884
15720338,592,85845,128918
15627162,695,125553,105291
15596710,640,167298,145382
15781678,470,55733,103793
15634968,789,110689,71121
15609475,604,98544,52328
15573319,493,178318,197429
15738291,671,115714,83211
15782456,656,143267,193099
15794841,739,89750,193009
15684696,560,116576,157567
15629846,827,143002,108978
15674442,681,157762,147760
15571689,740,0,27528
15730469,663,103430,36479
15809320,845,0,31727
15684367,555,0,96399
15793049,680,115115,139559
15603665,638,122501,95008
15613623,640,0,101663
15569572,778,0,106197
15698791,679,146758,48467
15626233,593,0,151978
15607263,788,0,13288
15610900,770,110739,22667
15624775,729,94204,102391
15691703,545,105792,67830
15745355,597,153198,92090
15724955,537,0,141023
15628999,732,61811,104223
15654341,542,101116,196395
15744240,688,74458,6866
15632365,542,142871,77738
15729689,754,98586,106117
15759284,750,0,117948
15602124,731,0,184582
15661903,699,80764,199379
15664668,534,144802,12483
15736431,494,0,22405
15748639,497,110054,92887
15628123,632,118891,145158
15602731,724,0,134890
15794137,751,151219,109309
15748696,733,150507,169964
15725068,701,0,26327
15807340,525,131024,55073
15586133,666,122315,68575
15576185,653,0,41672
15660809,850,0,12409
15616666,646,111739,68367
15706904,750,113882,74564
15606915,764,98149,26844
15749693,658,0,156775
15791743,727,59272,46019
15796480,687,0,145411
15790442,631,0,158269
15609458,797,69413,74638
15593897,650,160599,28392
15604576,850,0,144386
15666270,676,147803,95181
15572626,620,0,15628
15727197,576,170229,148478
15714006,482,133112,79958
15642137,695,0,102764
15665327,706,176140,129654
15626806,668,0,40652
15662578,679,110245,178291
15790829,703,0,131906
15654959,670,158720,118607
15760244,590,160980,13849
15715394,613,123558,170903
15722246,742,0,13162
15609704,608,0,79304
15757628,571,112897,121403
15633586,595,120962,23305
15565796,745,96049,74511
15717935,589,0,55601
15577700,749,185064,134527
15747345,678,118065,195424
15678317,603,0,59563
15698335,504,0,34596
15768451,739,149131,60037
15753213,604,0,193021
15769645,612,0,48109
15657565,629,125513,79083
15620323,652,83492,37914
15679983,565,0,74594
15812616,707,0,82968
15601796,645,125739,193441
15729489,762,98593,191790
15613216,639,141789,92456
15657937,709,112950,155232
15815428,823,105057,9218
15640409,817,89088,87942
15699492,665,147436,187508
15623536,646,154440,171519
15707551,568,73054,27012
15577999,850,124678,70916
15788775,473,152576,73074
15758362,731,152244,88784
15807961,619,0,145524
15710978,715,88121,21333
15703541,772,143931,46676
15626474,686,0,4802
15608344,749,137059,102976
15768367,781,186559,175071
15806210,675,115654,131971
15697702,730,0,14174
15689152,683,126153,15379
15568573,554,105702,179798
15689598,722,0,93918
15713374,689,157095,99490
15679733,796,113228,46415
15759274,447,0,151816
15607748,498,108433,14865
15607577,663,0,188008
15813697,498,120703,98176
15801125,627,0,106852
15777855,649,0,75204
15635396,738,139106,141872
15698031,587,101852,7104
15678944,655,130936,9242
15718507,647,116510,149518
15808334,776,93124,196079
15804709,688,111578,166166
15645835,605,0,55724
15738166,596,86546,131769
15675360,427,0,13859
15793042,629,129669,82774
15630106,496,0,55390
15810385,717,164558,82337
15578211,777,0,163225
15572792,535,118990,135537
15620030,744,0,82423
15783541,755,0,194661
15679284,593,79260,55347
15582910,514,112230,16717
15688337,721,118130,160278
15734970,835,86824,175906
15759140,682,128307,66041
15643042,590,117641,92198
15773868,653,125734,134625
15615820,837,103302,50975
15730273,841,0,171923
15724890,584,82696,83058
15765952,769,145471,188383
15685920,599,101507,198030
15663263,698,156265,1056
15568953,477,128555,133173
15643361,477,139960,189876
15699486,745,132945,31803
15747854,749,0,132650
15691785,850,0,53068
15709004,528,93547,962
15652218,750,152303,71333
15697127,543,147674,16659
15658486,579,148021,74878
15694160,624,0,112105
15685290,595,142361,48421
15701042,596,151028,170321
15680449,431,138844,37688
15599860,647,109958,136592
15723169,640,138858,48641
15803842,752,105427,89773
15728224,710,149156,42131
15644174,638,135096,186524
15707110,660,170890,41759
15765415,609,89122,199257
15756751,596,78126,153483
15795151,705,123894,21177
15632859,444,0,138744
15584037,727,106913,25881
15621409,496,127846,66469
15581102,554,0,142671
15578096,537,106398,103563
15669887,839,0,69101
15621834,700,0,59475
15655341,458,166492,135288
15685314,850,0,38774
15653997,699,114494,138396
15629551,615,126105,110718
15651264,850,124426,118545
15760825,604,0,123207
15597394,668,0,99985
15740383,594,0,58333
15670562,470,101141,50907
15698117,701,150845,127623
15694805,664,115025,169666
15746802,477,131286,194144
15589428,756,0,35673
15790267,625,141268,177397
15665402,703,137762,159677
15642093,646,0,153567
15666181,650,98065,52412
15602554,664,114520,79222
15724251,682,101013,32590
15740147,725,0,93778
15718289,553,82291,112550
15763148,576,84720,191063
15685245,608,0,153810
15626985,850,104387,105887
15585823,627,128132,96131
15728167,667,122807,15121
15762928,548,0,16990
15751774,774,112511,143133
15654733,794,117056,93337
15809777,497,131779,9973
15744200,587,70784,30580
15720713,850,0,199776
15695356,722,0,179909
15653315,555,0,101667
15604792,609,140752,171430
15704819,734,92126,112973
15670859,718,93149,190746
15602797,645,110133,187690
15662533,598,0,153229
15778154,628,122228,14218
15806230,629,121648,64850
15662884,739,110598,160123
15750778,653,120731,138160
15717185,711,0,64286
15677804,783,0,80179
15568915,681,153722,101320
15736495,712,114088,92795
15737354,554,0,63708
15667889,611,0,110783
15577831,560,152532,10780
15729836,646,0,183289
15775293,680,143293,66526
15697597,631,149145,123698
15639669,746,127157,155700
15631392,654,84673,82081
15580935,687,135962,121748
15590344,708,151691,172811
15653306,679,88335,159585
15805025,636,139859,108403
15658449,695,43135,77330
15694450,677,99580,21008
15605666,720,110717,9398
15615126,780,0,182157
15726588,653,0,110526
15645095,674,0,51537
15808960,620,108197,49722
15729435,623,0,66119
15656840,547,104451,37160
15659149,530,0,197923
15585490,746,0,65167
15674929,512,0,49326
15746341,630,0,42496
15662091,570,116100,148088
15620123,605,111170,9641
15616240,530,0,164844
15624186,813,123616,132959
15605036,704,155620,135089
15805151,565,89558,4442
15753847,645,0,174917
15653222,526,131939,1796
15757541,778,151773,180250
15726945,677,0,153604
15794276,588,0,189704
15568328,488,0,66394
15604355,519,97700,30709
15735788,709,0,71010
15618255,642,103245,143050
15720941,710,147833,1562
15769110,653,0,49708
15576094,743,0,29838
15756150,418,0,9042
15719579,670,84521,198017
15748854,723,91938,143482
15612455,549,124241,146373
15664802,543,0,101905
15735687,595,157085,134767
15664734,673,108245,103574
15767894,741,0,139260
15666884,508,82162,187776
15750156,662,104568,8059
15751120,752,119912,124355
15575748,809,68882,109135
15714610,575,0,82223
15720305,591,86376,136767
15678129,643,150840,155516
15566633,698,155059,144584
15680436,496,0,164807
15674343,597,78128,109153
15658890,603,98900,86190
15599004,655,0,106041
15726487,431,160983,168008
15698716,620,87926,33350
15710527,782,0,119565
15655590,581,79385,188493
15732266,553,127998,165379
15669326,658,168396,14179
15672246,686,134896,97847
15620276,539,0,118960
15640258,685,94239,50664
15740283,850,0,152997
15759717,763,0,19459
15620268,634,212696,115269
15743871,567,0,25844
15614491,539,139154,147662
15595047,764,0,134878
15732334,653,0,35796
15701206,566,0,66463
15581280,714,92887,69578
15651943,580,0,103182
15609545,548,83443,177017
15658548,646,144773,53217
15626008,622,111974,162756
15774133,706,178033,42182
15763798,680,140007,31714
15758013,698,98401,25017
15705765,581,0,104272
15648362,728,108924,84300
15761102,707,132836,136877
15610165,761,0,199409
15723717,483,118334,163148
15654611,736,81733,136497
15659736,716,121412,10070
15603170,654,121456,190069
15786167,649,0,58310
15671915,649,0,76947
15794792,612,117990,54130
15652789,657,0,52991
15739168,511,137411,161855
15719950,682,73688,172141
15743818,748,122331,124429
15717937,554,99907,24983
15602841,794,0,86700
15619972,807,167665,125440
15796114,594,141526,9443
15633546,652,124833,195877
15758755,729,132122,105409
15695168,625,0,100403
15754342,597,78540,48503
15756610,657,123770,47020
15640917,633,0,48250
15663164,663,116151,84359
15616811,535,160729,145986
15610781,702,88379,88550
15600911,712,182888,3061
15629603,607,0,43197
15714981,476,0,55776
15775892,748,85600,134078
15782778,815,0,198490
15786643,602,0,116053
15595657,649,95001,123203
15743673,551,113873,85130
15634310,509,0,180599
15790809,685,74897,198694
15668695,536,89493,42934
15669281,711,128719,114793
15621031,761,0,63298
15720071,535,0,61820
15792180,566,144955,102246
15813894,620,0,154883
15669490,837,94002,140723
15783030,685,0,72853
15695792,673,0,85733
15575676,638,0,162597
15627665,614,0,74380
15814092,626,0,173117
15695225,834,0,66485
15615091,691,0,92811
15794345,706,0,46635
15726484,633,141546,124830
15650442,644,141529,167087
15714256,666,109805,163626
15778752,708,86614,172129
15601659,496,91680,163141
15602811,730,38848,94003
15779414,696,153639,138352
15763097,809,0,34164
15633666,701,123870,97795
15718789,604,0,75787
15690620,665,46324,136812
15737071,639,162040,84362
15665062,696,110929,2767
15600692,520,0,163186
15792064,545,114422,180598
15811486,634,130036,69850
15626141,750,151510,19922
15738546,530,0,147607
15677052,589,0,126160
15656454,654,83569,47047
15645496,648,139972,143669
15612505,835,100212,152578
15708513,446,90217,191350
15685654,514,0,14234
15732307,694,124067,77907
15726814,554,0,57321
15653776,720,162082,27146
15597914,641,117307,26913
15631603,813,122890,26476
15789753,480,148791,79330
15678034,811,180226,13465
15690209,715,104857,114150
15592091,620,166834,135172
15647453,721,102937,1188
15697100,772,108737,184565
15811290,680,129975,33391
15629187,535,85982,9238
15758073,655,134398,28030
15640769,660,137842,42790
15606641,762,100261,77142
15718280,662,139822,146220
15764335,463,123152,70128
15634218,501,95332,132105
15808760,603,0,90438
15648461,688,138162,113926
15593555,430,0,12051
15569079,632,126066,64346
15800736,601,96764,199243
15792607,769,0,75579
15640034,551,139561,43435
15807563,841,0,183240
15684461,469,0,146214
15580134,479,172463,40315
15679075,701,107799,16967
15742504,593,70181,80608
15567328,738,177997,19233
15698294,635,0,135382
15607142,658,0,80411
15738516,687,0,17696
15806403,650,0,17974
15656707,720,123201,180712
15653715,602,0,56323
15806184,618,0,77550
15585734,803,137743,166958
15725639,793,116271,184243
15618401,616,113220,114073
15785385,550,0,153917
15734762,602,115895,4176
15767129,452,121730,142963
15797204,655,113812,76844
15769272,510,136214,159742
15771966,557,146200,177945
15691952,676,106243,166678
15593250,640,0,44904
15605333,529,0,10626
15800083,559,24043,169781
15575691,689,0,49849
15689886,626,132288,51468
15809838,697,0,736
15736154,823,0,182496
15767391,565,90323,118740
15704910,631,0,13813
15656613,646,131283,130501
15611551,676,131660,14152
15732430,850,120953,66963
15741865,810,153166,93262
15634143,581,53292,196582
15609676,718,167925,43025
15761600,713,86394,130001
15676404,672,0,12107
15659236,781,0,42556
15690440,656,0,197962
15694601,583,158979,12539
15812262,808,100432,35140
15762821,721,0,117627
15669301,778,150359,62454
15672640,850,114348,109089
15750458,693,0,142331
15627251,520,134008,193209
15764294,759,98900,47833
15659962,637,0,70174
15788536,755,137431,176769
15596979,662,0,129393
15681220,503,0,97893
15635097,599,188977,176142
15780779,583,0,114094
15798470,764,75991,158324
15760880,513,0,25515
15616929,730,112181,61514
15758775,820,97208,59553
15663386,597,0,110253
15621267,637,0,148769
15720509,696,150857,8237
15693322,635,146748,11408
15589544,673,0,49684
15772030,662,0,68065
15693337,683,148863,163911
15676571,850,0,944
15701392,815,0,185548
15741092,671,153360,140510
15643865,601,92055,164652
15769389,709,124724,73642
15807768,702,103034,40322
15801630,558,0,173845
15705034,691,0,145613
15763107,700,0,174972
15667085,667,0,131835
15647008,624,116726,110498
15584505,580,113924,196241
15748068,571,0,194668
15663964,561,0,83093
15782311,529,0,52545
15588197,670,0,59572
15610105,666,121827,99818
15606133,628,0,172968
15599403,577,125390,178617
15648225,652,103895,159649
15608406,678,111128,60941
15633378,692,0,178343
15664759,675,0,191546
15625545,712,0,117977
15772148,639,151242,49638
15810829,618,0,13922
15731669,554,129710,173197
15738634,533,83347,137696
15737571,540,84121,80699
15667602,704,0,73019
15684147,678,102338,79650
15789874,712,87376,166195
15757952,651,0,102530
15698732,789,104677,74265
15714355,775,121669,125898
15599090,564,108407,83681
15762048,841,154970,99506
15790596,850,141830,92748
15609623,637,0,28093
15711901,500,109163,126145
15779809,655,87472,188594
15729018,666,147230,56410
15698246,658,0,84694
15712409,749,182532,195430
15758306,654,0,137899
15621435,623,160903,78774
15566295,761,138054,148779
15569098,627,153548,35300
15662532,757,149086,197077
15664001,695,95232,70141
15703437,726,0,196288
15708003,587,85109,1558
15599452,605,125339,23970
15719793,850,0,180244
15771580,850,106832,148978
15732268,751,159597,39934
15722350,627,147362,133032
15611371,736,176135,52857
15673584,652,0,937
15636396,627,0,193022
15706170,636,84055,37491
15725478,775,0,111559
15654562,850,174088,5669
15737509,850,199229,68106
15690796,516,0,101835
15716728,513,0,73151
15605665,673,78833,37196
15748481,564,0,7820
15757777,636,0,23129
15747808,712,102541,189681
15810593,568,0,66587
15693376,741,0,2921
15579808,754,129402,87685
15598275,709,0,199418
15737080,510,0,28515
15668580,716,0,92917
15569438,607,106703,198314
15675842,656,139585,36309
15577587,550,121016,41730
15625592,486,0,31399
15635141,598,118210,60192
15642570,675,0,29062
15702175,755,148655,28805
15677785,656,136963,133814
15786153,644,137774,151903
15759499,598,111157,167376
15659568,850,121238,31023
15715597,679,97235,188997
15610147,632,0,2085
15802362,550,0,70400
15660524,572,97383,195772
15747168,626,103109,166475
15796910,625,0,84106
15707674,515,131853,81437
15565706,612,0,83256
15587596,628,107553,117523
15751943,529,0,79477
15621227,668,161806,173052
15757588,526,0,100996
15640922,791,0,122783
15567557,573,128243,11631
15670103,565,126645,168304
15720929,604,62095,9308
15732774,656,112291,153158
15628558,447,89189,75408
15729201,682,0,153357
15731117,437,109161,152987
15615207,792,0,5558
15773512,627,0,194314
15572145,767,0,94768
15642710,686,0,1541
15574213,789,158272,5036
15718852,794,96951,71777
15583840,587,121864,23482
15782418,589,83495,143022
15813504,543,146566,161407
15711314,589,0,125939
15621064,701,186101,76611
15627847,850,0,136985
15588090,726,107495,140938
15735270,767,0,48161
15671804,648,146943,130041
15753215,651,0,91652
15789941,633,125130,125961
15691061,740,0,73225
15808326,592,0,20460
15566660,670,0,81602
15778947,628,0,8743
15632977,745,0,145790
15591747,705,0,129577
15567335,559,0,190040
15609299,595,150686,87771
15669945,492,141359,39520
15736271,498,0,190036
15710390,655,94631,148949
15756481,636,118336,184692
15736730,634,0,143458
15626040,793,0,27167
15746553,526,124233,159457
15622518,768,51116,70455
15684908,540,91870,95421
15569446,732,122338,187986
15777504,617,0,92622
15677906,637,0,150837
15703292,573,86271,90177
15712938,531,0,34417
15631359,489,117290,85232
15720847,601,0,118983
15787830,452,153663,111868
15599869,728,0,83056
15592078,590,123599,1677
15596228,490,0,32090
15578462,596,134208,13455
15756894,635,0,24866
15796167,782,98557,117644
15664808,790,0,98897
15664555,587,0,106175
15607278,794,134594,46386
15585222,515,0,185054
15750299,746,68782,47997
15761294,667,137464,130847
15810454,709,147308,40862
15673984,536,0,171840
15609319,711,145755,101455
15709941,753,0,90748
15580252,748,112611,2049
15741275,623,71482,84421
15707132,465,0,78698
15600708,640,77827,168545
15804787,562,87141,39352
15690021,502,132003,28205
15763895,536,178012,22375
15623478,670,102955,134942
15797910,775,123783,134902
15577751,759,101803,8694
15781777,604,148659,42438
15740527,766,142724,5893
15721251,554,112153,36242
15602994,487,89551,90077
15750769,725,75916,150507
15740175,732,118890,87422
15679968,623,118789,192867
15694404,781,156556,175674
15657529,714,99142,72496
15762882,577,61211,145250
15642579,731,128932,180713
15598884,650,0,180622
15770185,779,80728,86307
15800287,706,127660,150157
15665861,733,106071,101617
15662203,579,137560,85424
15616454,476,111905,197222
15702788,775,126213,70197
15778149,538,0,110441
15680001,602,111836,124390
15711991,615,0,3183
15633834,700,99706,146724
15765266,615,0,2139
15791867,544,108896,69228
15675380,573,154670,115462
15770576,555,128061,62375
15775294,692,0,91829
15727059,476,0,182547
15702499,770,190678,14725
15611699,641,0,126997
15654000,705,0,133991
15657881,784,136713,169921
15719991,727,154734,80260
15720687,576,112610,191035
15687079,646,115462,40422
15582276,638,133501,155643
15763980,632,58668,78671
15720774,850,89118,104241
15592194,492,0,95957
15803685,673,76511,59596
15759456,609,140695,46267
15611544,701,95448,189085
15794257,651,91563,123954
15681697,508,72541,129803
15579566,616,120867,18762
15577970,489,0,43541
15727489,567,157321,62194
15764284,714,0,129130
15581811,678,139677,16146
15622527,581,0,22442
15753362,748,0,78194
15666652,781,0,124297
15789714,691,103001,104649
15771543,507,134237,166424
15748327,724,118236,157137
15754649,705,0,34134
15810460,708,0,112520
15771742,580,115442,128482
15642160,850,0,16492
15798439,714,0,132979
15605293,559,0,196646
15692631,577,115557,127507
15665376,647,166519,147930
15772412,554,135370,179689
15654577,549,92877,2620
15585427,528,102074,166800
15584536,720,97043,133517
15585853,743,0,163736
15645271,615,108528,179488
15579387,635,79065,113292
15623107,686,74275,64907
15754072,840,0,141364
15666163,695,100421,101141
15765192,564,84007,183491
15804822,805,0,4798
15612893,558,0,131807
15593636,657,80294,97193
15693326,641,125437,164129
15809901,755,0,176810
15759751,483,0,110059
15605425,545,127536,108399
15801934,678,0,47117
15592000,781,82794,124721
15618695,571,108117,53329
15637110,634,0,82634
15727408,523,61689,147059
15716328,501,0,141947
15669060,662,0,123584
15675854,573,159304,155915
15621116,648,138664,29076
15781495,662,126363,97383
15740470,725,160652,57644
15714391,563,183573,66007
15730137,628,88422,72350
15596455,546,0,197790
15717290,688,112871,65521
15616555,850,60881,31826
15659820,614,0,185562
15696301,719,101456,25804
15771087,757,88084,154337
15808831,669,0,138146
15812241,438,127197,51566
15680370,492,0,71323
15780561,622,83457,38882
15800784,645,98298,676
15715796,728,0,72204
15605375,651,86912,174094
15621520,783,139707,2150
15665460,732,0,177783
15801152,553,142877,44363
15756425,660,146301,96848
15674328,670,47364,148579
15742404,718,0,38308
15757140,787,58137,142538
15570051,775,179886,153123
15669175,479,107638,169506
15790324,660,167686,57930
15691119,721,136526,175399
15743478,659,52106,107964
15707007,743,0,94263
15572547,670,104930,155922
15567063,766,106435,137996
15689633,845,112804,179632
15720637,710,120530,166587
15616859,602,113641,115116
15766166,604,145082,23882
15617655,564,0,105837
15623450,637,135843,101418
15796612,527,112203,182266
15795963,687,129895,28698
15781598,756,149050,50422
15691871,503,153279,151337
15740345,657,41473,112980
15662626,666,0,36371
15596575,615,113194,52166
15657321,712,113174,147262
15575955,764,0,88724
15743893,471,164952,190532
15697270,608,153325,199953
15644356,682,134032,144291
15677586,587,125445,130515
15571261,714,126077,53954
15698758,630,0,169803
15787014,648,90371,146852
15739857,785,0,96833
15774630,601,142802,57553
15805523,717,90537,74801
15749557,707,0,192542
15681180,771,156124,72991
15742028,602,0,31050
15686463,626,141075,52796
15654379,588,0,27435
15783629,616,117900,150267
15751193,621,0,40299
15724099,674,166258,149369
15568429,633,0,120251
15648967,698,169362,84760
15664498,508,205962,156424
15779522,736,0,109356
15583850,672,126062,184937
15696539,613,105628,36561
15760121,712,100606,165693
15628279,624,0,163667
15766163,676,0,35645
15566467,683,138171,188204
15639049,489,139395,6121
15736413,739,0,164485
15634815,701,0,164268
15716381,666,109062,140136
15708162,565,89995,121084
15569364,666,0,35157
15791191,633,103997,103159
15621205,578,175111,74858
15704788,812,66079,91557
15775756,809,148056,199203
15641312,615,0,27012
15782531,684,0,188637
15724428,544,0,61581
15743617,713,95995,197529
15585839,633,0,182258
15658158,672,110742,80779
15637678,661,0,155395
15701809,749,0,3409
15676937,635,0,19368
15778975,850,96948,62283
15710375,641,0,65397
15579914,633,109787,139713
15595160,413,0,60973
15595391,538,0,1375
15630363,437,102721,22192
15692443,612,69479,8974
15593795,516,156674,118502
15642824,826,174506,161803
15683524,660,166070,90495
15713532,646,105957,15471
15719827,767,0,65147
15578435,640,110341,157887
15723028,778,0,85440
15595609,679,135870,54039
15622443,549,0,25685
15579112,598,0,186117
15648479,655,0,166831
15659234,494,85705,27886
15811970,653,0,5768
15774192,539,105436,80575
15595136,645,0,68988
15630580,751,108513,27098
15660646,528,156687,199321
15614365,696,150605,5567
15776128,716,155115,133872
15787035,602,0,152844
15792646,647,91216,41800
15726832,850,141784,92054
15773260,590,127763,100718
15624437,825,0,42935
15717138,850,82614,149171
15657317,789,69424,107499
15626948,701,86168,153342
15758901,713,0,107825
15777759,570,131407,47952
15773322,536,121899,131007
15697318,771,77487,33143
15678916,512,0,123305
15632118,698,164451,141970
15788118,656,138705,37136
15788930,761,132730,199293
15628583,709,0,161388
15635177,597,0,70533
15587690,592,116498,144290
15627630,599,0,96070
15610930,572,139979,185663
15657747,611,127216,17913
15568006,634,0,101040
15751748,666,148223,156954
15722212,696,0,28277
15658670,669,0,84049
15761654,726,134152,147822
15812210,497,111537,9498
15787051,750,119566,87068
15642991,850,0,23237
15713769,617,0,27239
15605826,652,121064,151482
15648898,560,124996,114670
15705309,629,0,116748
15734202,660,86892,90878
15658852,676,0,133693
15612633,581,78023,30663
15604818,798,154496,191396
15593900,705,189444,106649
15624995,714,152927,50900
15570087,664,142990,115453
15802617,697,115372,64139
15656029,609,0,22031
15739194,548,178057,38435
15607275,850,206015,42775
15629475,656,0,158974
15635034,727,101192,34551
15756333,642,0,101516
15777436,710,0,9562
15676835,710,0,168313
15574206,718,0,55100
15613017,586,149815,31830
15815131,617,115617,71519
15585455,630,0,32599
15692929,791,113657,139947
15758081,673,138160,110469
15667476,477,117701,74042
15738248,662,0,151872
15672152,850,122506,199694
15673372,635,0,58907
15587611,537,0,103800
15803415,579,166501,93836
15715673,651,89743,156426
15655648,610,0,123724
15763613,581,0,199464
15660385,592,0,83084
15733261,688,0,25488
15796231,681,98894,9596
15624866,658,168736,70370
15623730,792,0,86330
15668248,528,133201,168508
15694518,624,0,111606
15638028,562,127237,143317
15795895,678,117865,27619
15694376,705,153469,146574
15669204,650,93911,69055
15773779,593,76598,54454
15580682,652,79927,33525
15768530,554,0,135084
15672875,584,40173,137439
15617082,516,115196,11206
15760514,789,116644,60176
15761775,598,180294,29553
15799964,669,139873,188796
15693906,645,34548,11638
15739514,659,0,93156
15756926,833,96462,48986
15770984,697,130334,116951
15703979,580,119689,137041
15801821,691,0,44654
15711028,534,0,104035
15791842,478,71187,110594
15746127,572,0,36100
15663625,501,0,12470
15604891,624,0,95403
15589666,595,136422,151758
15627881,603,0,47536
15664895,602,0,101274
15676094,500,0,140268
15761720,422,153239,11663
15611961,615,0,150784
15680167,635,47536,119400
15762543,711,0,126188
15658475,834,142882,89983
15779743,633,0,29761
15661532,650,160566,27074
15782360,743,131936,96400
15767908,567,127679,45423
15677105,706,105215,108700
15641474,638,139860,38967
15624451,641,0,116466
15577985,574,112324,17993
15571666,642,134497,43251
15783691,722,120172,125241
15671172,623,106012,191416
15731760,681,0,90861
15585599,530,0,141873
15784958,797,0,49419
15734524,653,0,170427
15614103,850,119840,51016
15794895,581,0,81175
15772381,589,92219,99107
15710553,555,142055,79135
15649292,748,29602,163551
15792565,745,0,67770
15718245,730,0,126592
15703117,565,0,89603
15758136,778,141804,179422
15799932,812,0,156906
15633516,526,0,168486
15622532,708,126589,132730
15798960,680,108393,39058
15698664,567,115644,174606
15703614,564,132876,79260
15699195,709,110949,168516
15710543,629,130666,161126
15695499,510,103821,77879
15622321,506,0,80823
15715744,605,0,119348
15788151,650,132188,178331
15687153,850,98650,119175
15684958,489,126444,82663
15706116,659,154160,40441
15740557,753,0,109882
15707291,477,129250,157937
15583353,610,0,38277
15761024,619,167734,65222
15630709,619,56116,2182
15639590,758,141581,156249
15659399,516,139675,45591
15567078,789,66202,79458
15696373,687,0,103042
15786617,485,133658,70210
15657449,446,136203,176744
15672594,597,131778,10704
15714240,712,0,151426
15782144,522,0,3894
15665008,805,42713,28862
15581733,781,0,177703
15751392,689,0,136650
15785815,670,142632,175894
15664214,670,141205,76257
15579996,524,131402,193668
15675252,734,92637,125671
15579617,489,0,174098
15593976,578,102089,187866
15716041,622,0,100862
15654489,843,134888,10804
15736302,687,0,170894
15805909,700,159900,22699
15572762,410,102279,89822
15724632,537,0,175262
15670416,780,0,15705
15749528,652,0,170025
15578783,620,76990,17243
15580719,697,0,79734
15656293,786,0,92713
15691875,850,114492,99689
15596870,749,144769,93336
15780770,445,145057,175894
15751491,443,117206,42840
15706200,637,138014,140298
15808674,616,128353,144001
15641411,756,112568,113408
15764661,644,0,96421
15689492,850,176958,125806
15602405,703,99168,65721
15610271,684,103210,31002
15791780,706,104478,158249
15589147,580,125921,94678
15756975,777,0,17258
15729582,676,80697,101398
15742971,708,161888,84870
15568046,809,109558,183515
15694890,588,124271,75969
15736963,623,0,146379
15646490,537,190569,127155
15607314,536,143924,2020
15576745,769,96542,197886
15669606,690,0,138018
15737832,771,139826,170985
15681990,497,111769,55859
15758050,622,0,4460
15787848,602,113672,102136
15713594,543,147257,112772
15588186,520,107023,32904
15786739,669,125530,162261
15699467,631,0,87960
15680706,537,131835,166477
15645717,732,0,25439
15748597,844,99530,157230
15773709,838,0,197306
15629787,652,107304,44436
15661007,660,72783,181052
15686812,692,0,159069
15754113,588,0,155485
15749489,533,115744,43852
15574352,850,161257,140072
15701281,511,0,49089
15811985,530,0,55893
15713505,554,0,192661
15685653,585,162261,137029
15758831,754,74896,34430
15618774,474,0,108409
15764448,837,144038,145325
15611024,567,93522,81426
15738220,800,0,51553
15805764,646,0,52795
15580487,627,106923,84270
15675787,505,112973,145012
15583580,566,123042,66245
15780654,619,100489,36447
15695034,757,123322,137136
15805671,648,0,117323
15790658,621,68684,74158
15578648,543,59532,104254
15734987,658,140260,2749
15721740,633,88303,195937
15641822,648,0,22102
15765650,501,114656,126536
15788556,683,148284,44693
15576550,619,0,112443
15622230,705,0,66331
15653937,638,123917,16658
15743538,710,0,20081
15591740,590,0,93820
15650086,725,165896,130796
15718773,638,0,160130
15615140,791,111169,189970
15644361,702,103549,9713
15774536,607,0,196062
15618661,535,103805,125711
15605020,651,165902,23055
15762134,506,119152,170680
15685279,511,122950,181259
15582849,757,0,22835
15655410,768,133385,102397
15649129,757,0,115951
15702380,663,0,15877
15759067,537,158412,117691
15683027,570,122029,173793
15597487,850,0,80993
15763256,661,128752,189398
15620111,659,133437,56788
15623053,454,123177,148310
15595592,708,0,179673
15740072,720,120329,138470
15778005,785,130148,163798
15583278,743,92717,33694
15601263,493,0,48545
15709222,557,0,123428
15713949,850,76914,174183
15717706,799,106046,17938
15756071,756,103133,90059
15696564,752,145975,137694
15657637,696,0,65040
15755863,630,0,162858
15719858,659,0,35701
15688876,685,0,18826
15698528,599,0,130086
15770345,559,139183,143361
15761506,615,0,159921
15716619,580,74975,12100
15788367,487,61691,53088
15709451,646,121953,142840
15640421,811,0,178
15580068,526,0,105618
15677123,767,0,24734
15619801,548,80108,82246
15582246,737,0,177696
15711843,613,147857,107961
15680046,711,0,55207
15804131,850,65407,182634
15722611,752,114233,51587
15729224,710,0,115403
15811588,664,187602,186393
15702138,510,156834,44374
15749799,577,0,84033
15752885,529,157499,82277
15674932,757,0,177529
15743828,691,0,56851
15642022,621,0,47973
15746461,709,0,104982
15809991,756,130274,133535
15787322,788,0,25571
15575498,705,149380,96076
15691387,483,0,81634
15765457,719,100830,165009
15666173,793,96409,138192
15627377,593,0,99136
15656683,551,0,63585
15679810,690,0,160533
15606310,823,149105,162683
15756871,512,0,134878
15610002,802,0,134626
15567802,450,0,175481
15745452,651,90218,174338
15617252,697,87348,172525
15753248,611,0,25396
15610755,643,137812,184857
15662238,822,105563,182625
15799186,632,0,192506
15686941,575,0,112508
15601172,672,91126,177296
15723858,517,0,12466
15615896,621,0,36123
15737647,775,135121,37837
15582841,600,0,34747
15760090,640,0,131098
15588587,752,86838,105281
15683157,613,100447,149654
15694209,484,0,139391
15655875,511,0,132437
15805704,745,0,179705
15744789,786,114513,15797
15799357,727,136364,142755
15726153,622,106261,2578
15713346,794,146127,88992
15665053,636,111285,32936
15592379,741,121057,39123
15692599,687,128271,191093
15620758,660,0,129149
15637428,660,0,13219
15808389,617,0,160589
15807003,762,191776,179658
15702912,752,0,44336
15590623,561,85142,29217
15728078,609,126392,43651
15708256,803,0,159654
15582335,556,129860,17993
15649150,531,127642,141501
15691647,411,0,93826
15668270,587,125584,41852
15624820,683,50911,97629
15736254,654,91956,37066
15720814,670,84266,38615
15642997,655,147150,87817
15693200,752,0,184867
15624596,534,104822,160176
15807167,635,146767,164357
15660301,491,148746,17818
15593094,516,0,142681
15618239,530,0,85081
15574137,687,0,176450
15614740,684,135204,121968
15574071,706,93302,127187
15671148,490,96341,108313
15721921,796,165326,57206
15717995,849,0,157892
15632050,779,99786,86928
15647111,794,114440,107753
15759991,748,141574,82158
15790204,663,0,29136
15686780,645,133677,17095
15640491,464,147494,100448
15783225,737,0,83470
15734438,590,0,121847
15688760,522,95023,129108
15768124,648,0,54726
15661330,754,0,116142
15781272,669,149714,124872
15573888,648,107963,186439
15575858,763,0,134281
15645937,790,0,91044
15702337,581,0,74321
15764537,703,0,9705
15619616,571,102017,128600
15585133,657,0,6468
15573971,737,0,57899
15579433,793,96675,192121
15777045,783,81812,164214
15611580,751,79282,117548
15614778,579,0,26149
15771750,655,122314,9182
15593280,614,140734,166589
15569274,678,116933,195054
15654408,562,165445,85787
15657468,711,123805,102429
15614213,620,107549,71176
15589869,437,111634,166440
15693205,691,109154,148849
15797113,552,0,140287
15676958,765,86055,104221
15739592,707,98438,70779
15656263,764,0,65868
15636872,585,144706,171483
15589435,784,0,143204
15640464,605,91613,28428
15723851,699,0,78387
15722122,544,0,161077
15696852,803,192123,54277
15634936,735,179904,137181
15575935,673,178058,21064
15634491,652,176167,152211
15628530,694,156864,88891
15678720,741,0,190535
15627999,590,0,83090
15571244,809,0,141427
15739931,523,161589,51359
15806256,540,109349,88703
15787258,596,0,116697
15706463,597,0,7156
15691004,407,0,49161
15792228,748,152336,126743
15733447,562,124663,65390
15679062,734,91522,138836
15594409,710,0,36155
15613816,539,62052,59755
15681991,542,107872,125303
15796074,717,99473,94275
15625941,682,128039,102260
15615016,515,0,136029
15748414,526,114635,110114
15751203,702,56738,100442
15662658,651,90355,193598
15574868,792,115725,1871
15790282,817,114328,42831
15762927,674,100763,182157
15803456,641,0,151649
15771857,513,89040,146739
15700601,561,78830,12148
15569670,627,112373,118029
15772341,682,122029,50784
15661548,683,157829,129892
15787597,420,108378,9905
15806913,670,95507,63213
15804862,505,127147,137566
15792986,580,133812,17186
15625632,577,121092,143783
15727703,773,126980,36823
15606273,616,144236,154958
15799652,763,152582,31893
15715047,640,172478,191084
15784687,592,126477,179718
15615322,528,97474,159823
15722072,630,138054,114111
15646784,529,164003,60993
15644692,546,0,66408
15670354,753,0,136399
15716357,772,122486,140709
15786717,567,0,8556
15771383,628,53667,115023
15649793,658,0,187638
15731543,679,109328,3829
15684516,629,121151,119358
15677249,731,101044,192176
15581525,775,83502,128841
15628420,660,80462,150422
15600478,752,0,188187
15594502,655,109093,1776
15784361,543,140356,85087
15767626,811,0,3798
15632521,689,130171,150856
15665088,531,0,90537
15652084,515,109542,166371
15574761,466,33564,178994
15729515,782,148795,195681
15682070,611,0,53277
15743817,621,174127,172491
15572158,604,0,11820
15584477,655,106405,82900
15614893,689,0,82710
15665963,681,128393,180593
15612524,643,127842,172363
15596962,617,137295,91195
15744942,638,155828,108987
15573278,743,0,44265
15717056,828,144352,116613
15795881,776,106365,148528
15758939,540,127802,84239
15792250,616,122794,62002
15740406,628,113526,46044
15768137,667,136101,169669
15569120,615,0,156347
15723721,543,140917,157711
15777122,553,0,89087
15742681,554,121365,8742
15582090,684,0,117039
15711254,452,0,164242
15775067,606,93579,137721
15602851,629,0,107
15802857,659,115410,1539
15701175,493,90792,59660
15783019,794,123681,173587
15728912,554,92437,126034
15585580,796,167194,62809
15583480,807,0,147007
15620341,500,160838,196262
15613886,722,0,44560
15792916,559,144471,18918
15710408,584,0,4525
15598695,834,130169,93112
15649354,754,0,9658
15737556,590,81077,182627
15671610,740,0,13177
15625092,502,101465,43568
15741032,733,0,117831
15750014,755,113865,117396
15784761,554,87603,96929
15768359,534,120038,36276
15805769,656,0,116706
15719508,575,121205,168081
15609011,480,75408,25888
15703106,575,0,122489
15626795,672,0,113172
15773731,758,0,100366
15756196,682,121819,124151
15687903,501,0,112664
15777599,746,141806,183495
15754577,556,61354,198811
15584113,823,124955,131260
15669589,491,95039,116471
15632793,638,103418,15336
15711130,734,0,99593
15615254,555,43029,170514
15720583,745,119638,34265
15780432,728,122690,106978
15673223,626,0,164288
15807989,681,73179,25293
15761168,478,171914,51821
15651272,709,0,81452
15812832,562,92659,1354
15680517,769,137239,71380
15750569,684,102955,154137
15690743,536,65190,64308
15627741,631,96864,31613
15712121,657,154984,27738
15805429,699,106820,163570
15814923,606,128579,193879
15589230,612,126473,147546
15775490,660,110571,195907
15749727,829,0,178459
15619238,567,0,156126
15593468,850,0,11159
15718454,712,0,45739
15789498,562,111100,140650
15744691,755,0,4734
15708289,793,100914,10580
15790412,471,0,179656
15741416,707,16894,77503
15598894,784,122268,145760
15663294,703,125686,56247
15572728,704,127397,151335
15706729,662,105272,179833
15674433,636,115265,191628
15641170,640,0,173016
15806284,739,0,58470
15690958,767,139543,28038
15606386,753,111513,159577
15682322,714,148467,151281
15579915,707,0,139954
15681928,577,108155,105408
15734005,633,0,56866
15650432,849,84622,198072
15592578,614,146998,137791
15671243,558,0,103787
15775709,832,98590,30913
15702631,567,0,78652
15602282,587,134981,123310
15717879,712,108079,174119
15740878,655,0,85736
15794468,641,0,121139
15773277,676,106837,84200
15572657,472,102490,181225
15800295,644,112747,141230
15672397,598,125488,158112
15684921,792,142862,130639
15720676,700,0,17041
15731829,616,0,25662
15732672,743,79388,193361
15692406,427,0,121485
15764405,731,0,162453
15757537,610,107785,141138
15793307,724,142880,185541
15660679,653,149572,118383
15666856,774,142767,8214
15687372,547,121538,46521
15667289,719,0,10772
15624641,740,0,199291
15734610,543,89839,85984
15631882,688,103400,129871
15642709,474,0,63158
15811026,505,136856,171071
15596303,688,0,53222
15787255,650,140891,179834
15617166,610,0,114515
15742442,705,89365,139162
15758692,669,146011,50249
15568238,650,0,113470
15730353,550,145294,147484
15731555,595,106000,191449
15582404,572,0,119381
15721462,622,0,33277
15632899,662,104509,73108
15808526,783,127539,96590
15694349,714,0,6923
15718465,671,96891,176403
15682995,600,78535,64350
15584776,847,112712,116097
15777772,650,119618,29861
15576156,710,0,48427
15646756,682,74964,32771
15742886,642,138024,117060
15586135,536,0,136198
15616152,754,185514,27439
15721460,678,185649,192157
15727317,533,102287,69409
15649536,741,128016,58440
15754929,757,39539,192519
15572051,721,0,144875
15668142,700,77608,175373
15701176,663,141462,440
15708422,677,0,76637
15655632,655,131691,49481
15744606,832,93834,10418
15612140,721,137933,67977
15656086,542,105770,140930
15655298,654,0,47139
15644796,821,0,126241
15726250,508,166329,22614
15764432,588,164308,48498
15631721,691,163966,103511
15707479,664,125609,122073
15579826,439,0,65536
15668104,479,118434,160061
15641604,850,98488,155880
15587240,518,0,194417
15680767,717,98362,21630
15601594,698,144238,157144
15589969,850,0,52796
15703728,700,0,121799
15617790,626,105767,41105
15662500,774,0,10604
15778526,719,0,78564
15670584,646,0,170821
15748069,485,134467,113266
15680597,784,138515,171769
15628992,850,128648,54416
15719624,669,121859,130755
15812767,731,0,141181
15689201,721,120109,183422
15614716,515,196854,132770
15683618,774,121419,24400
15799631,585,0,180319
15692259,695,0,111565
15590966,729,97496,2003
15656426,713,0,82565
15675256,555,127343,121789
15751185,699,158634,193786
15789582,587,0,64593
15651103,762,183745,196994
15672299,510,0,175518
15772250,842,0,17268
15763922,608,79963,60902
15633870,850,0,100750
15624323,642,0,195225
15688612,850,140957,3510
15694644,455,0,81251
15587174,726,0,91844
15579559,544,145242,80677
15775430,651,138008,129913
15623695,814,0,142029
15760849,537,0,137652
15813095,553,0,33877
15705281,800,0,78744
15812594,791,0,96734
15626322,699,127571,164757
15723105,756,0,164395
15588449,591,107813,162502
15794849,850,91561,10541
15620000,760,121304,59325
15799720,569,161547,178187
15711287,661,128415,142626
15613102,670,57530,181893
15621440,694,0,156858
15677146,728,142244,33075
15801169,764,138342,50073
15722425,639,0,111340
15682421,683,0,100497
15691910,663,0,101371
15721779,826,146466,180935
15579548,735,0,105152
15681075,682,0,707
15607884,663,0,101169
15767757,562,120308,6796
15791550,696,87637,196111
15658589,850,94652,171961
15670822,719,114416,177497
15629744,804,0,147996
15660768,604,84315,36209
15726310,782,0,143614
15641298,512,93956,14829
15625675,569,67088,154776
15713354,597,101529,70529
15633866,753,110825,57896
15704231,430,0,69760
15735400,756,179960,89938
15632826,493,134007,89578
15751022,777,121532,73465
15664737,779,0,138543
15681126,702,0,161889
15738954,551,129717,86937
15662263,749,94762,42242
15621611,742,155196,121208
15783752,752,129515,102930
15709474,740,113386,65122
15701280,576,0,78498
15671104,637,172196,104770
15796434,724,97612,96498
15781505,685,104720,38691
15625819,625,0,164804
15753174,571,139593,104153
15654067,584,0,88867
15724719,550,139097,129891
15624695,662,140302,179259
15718216,803,0,72051
15586300,615,0,74581
15783349,481,111233,123995
15725767,701,0,38961
15791925,751,147738,94951
15793585,675,0,56643
15576641,733,125725,50783
15749519,822,128290,9150
15684960,559,0,21006
15591286,731,88826,33759
15668323,678,143444,196622
15608528,645,0,176354
15645184,701,0,176944
15702566,554,149134,177966
15660840,723,124120,162198
15750811,766,116823,197643
15733842,597,103219,60420
15581526,574,0,70550
15662751,655,81955,198798
15684319,780,95196,126310
15702190,672,0,64516
15588517,717,0,158580
15801863,521,136555,129353
15584271,633,0,137274
15700366,669,119452,171576
15804038,740,0,96528
15720820,462,69881,64421
15743759,619,0,158445
15749947,665,0,66549
15670496,655,0,108008
15746664,463,204223,128268
15745533,799,110314,37464
15761497,713,163761,157381
15628600,807,141069,194257
15627002,728,115935,139059
15614635,582,151458,40894
15731281,704,154206,40261
15814022,714,89929,46203
15659194,628,89182,13127
15745030,809,79706,165675
15691817,547,0,5459
15707488,560,0,131919
15784700,811,117799,182372
15710397,584,0,147601
15687648,691,0,92865
15732281,680,146422,67143
15607230,588,150186,65611
15567630,721,100276,138564
15587507,850,0,187391
15733904,529,147494,33656
15709511,622,0,100618
15579616,683,0,198135
15694852,575,121823,50369
15589924,577,0,108787
15799300,510,113689,33099
15731330,652,100471,124551
15694129,569,100033,5159
15620372,687,0,48228
15744622,822,116358,108798
15799815,656,163550,21085
15759250,745,99184,28922
15732643,386,131955,62515
15690540,684,134177,177507
15803078,635,0,90605
15652180,582,0,132030
15741195,613,0,176903
15743490,795,94349,29239
15575510,659,155584,153663
15732610,745,0,154389
15602909,604,0,166224
15734058,509,170661,21646
15801788,706,185544,171038
15702462,619,52831,112649
15683416,572,97750,193014
15794187,695,114008,118121
15792989,543,104309,25650
15613734,640,84719,113049
15606177,672,0,87372
15636700,701,140237,146652
15645766,634,0,8228
15671345,531,75303,57034
15652469,699,0,93003
15749638,605,104761,165575
15728706,534,0,13566
15735439,449,113693,82796
15778696,684,174180,119830
15624744,622,115766,72156
15584338,714,0,62762
15726178,712,0,183235
15794939,783,121216,105206
15788068,743,144677,22512
15572956,683,115351,122306
15780386,654,105684,173617
15791114,700,135179,160670
15708046,744,117551,158959
15719779,645,157404,93073
15591550,525,77910,67238
15639368,732,110943,172577
15699830,721,0,122580
15569264,622,179305,149044
15595158,654,150594,105218
15599126,529,123816,78464
15650575,720,0,160849
15641490,850,69385,87834
15680234,667,138032,166318
15592230,620,0,137309
15626212,616,0,166984
15700627,637,143501,166996
15782641,710,119670,188022
15784445,717,99107,194467
15813681,786,120136,125449
15596649,651,0,137453
15700460,530,120905,123476
15724076,815,0,38941
15784000,715,102278,177853
15733966,496,125293,31533
15612667,680,0,136377
15654025,646,101629,130541
15589431,807,171937,65637
15578238,727,0,193305
15566269,787,0,47308
15639217,806,0,100810
15688644,603,129744,109145
15662426,649,0,91167
15720511,547,151191,175296
15567246,684,102630,127433
15647965,477,114024,71167
15679048,558,124227,111185
15675749,695,0,141756
15782181,592,80285,72679
15795738,789,175477,172833
15773751,597,132144,158086
15655436,839,136911,168185
15691396,405,133300,72950
15796958,658,0,48378
15801832,684,117691,23136
15661349,633,0,65675
15719265,589,0,170677
15779985,750,133200,27367
15663410,771,135507,152480
15704144,812,127154,105383
15774104,539,0,48190
15812230,670,49509,100324
15742848,673,0,65657
15745326,538,75051,17682
15674541,575,123925,111343
15728564,682,0,134158
15580701,712,153820,79176
15688973,598,0,83103
15709412,776,0,63909
15607753,606,70418,90896
15705352,686,111485,76076
15602500,850,146344,103902
15672437,642,160541,142224
15720968,606,130274,147533
15730796,627,98993,169157
15768219,850,0,141243
15663883,850,141827,149459
15589296,724,110054,86951
15586425,579,0,176926
15679813,727,0,40357
15681410,813,98088,26687
15668283,642,118317,78703
15624072,669,0,176164
15669664,574,99775,4896
15682728,774,0,114899
15573851,735,0,92220
15733661,639,133807,6251
15710012,738,0,43019
15763327,835,124993,27548
15668853,637,157623,120454
15639303,589,126112,133961
15691011,591,161651,131754
15638513,723,142857,38020
15648933,831,111101,28144
15628904,733,102918,45960
15644788,731,0,189529
15598161,654,0,170482
15745624,828,0,94845
15733169,590,125266,161253
15801417,657,82500,115261
15592707,531,175755,60721
15593954,516,109387,121365
15714431,561,100443,101694
15638257,682,83103,54133
15690939,575,0,10666
15723613,623,0,41228
15813640,642,0,10713
15707322,779,115290,98913
15588918,671,0,197202
15600357,495,140198,150720
15747014,850,105245,74780
15809830,630,0,79377
15662245,588,0,8764
15651075,562,142296,177113
15594456,740,99097,85017
15583462,695,171069,88689
15757661,589,0,95986
15729117,607,102524,166793
15749671,794,0,68731
15566253,580,143391,146891
15595153,644,106023,148727
15698572,636,0,43135
15674149,599,128960,40318
15623082,507,0,97634
15797905,682,0,65069
15746028,714,0,166335
15582951,696,126443,121904
15616471,599,0,175236
15641575,577,127261,56185
15638803,733,0,131625
15808283,647,0,152323
15811200,831,0,165841
15733476,543,73481,176693
15633274,679,160515,121904
15582168,713,149525,123664
15807269,690,166523,119645
15602979,751,135537,66825
15660417,613,120482,94875
15590199,701,103421,76305
15641794,698,135659,39755
15779174,451,0,180142
15785547,665,191403,83238
15795124,726,94504,5079
15718912,608,126148,132425
15592028,549,0,109058
15580227,803,0,115677
15657830,663,87624,149401
15798256,558,153698,89891
15643819,714,0,82501
15754301,704,0,6417
15726855,805,116586,189429
15755225,659,134465,178833
15725221,738,83008,42766
15789055,635,113635,90883
15617507,530,0,80619
15668894,661,122552,120646
15589563,531,118899,41409
15693162,694,99714,112318
15750099,731,0,152128
15795540,556,134208,177671
15794941,647,85907,189160
15611848,850,137714,159404
15581237,573,160778,149536
15738150,591,0,155493
15678571,723,0,24847
15736124,617,102586,115387
15623202,704,102556,171971
15804201,457,126773,126106
15596863,787,158373,28228
15696277,651,0,138114
15748608,612,141927,43019
15723864,828,109877,83611
15802390,724,0,118863
15774336,648,111370,91948
15648766,569,116969,94489
15659094,765,136730,47058
15606397,577,152086,44720
15642619,603,0,174479
15666032,568,127289,45612
15595842,748,119852,73854
15753837,573,0,196517
15783882,771,0,92915
15799790,763,0,31373
15628155,410,117184,109734
15703778,728,129908,36084
15722322,655,0,188435
15639278,580,145387,169963
15568487,712,124616,69321
15682084,680,0,36146
15642821,383,95808,137702
15601387,721,0,71594
15642515,620,0,65566
15710421,774,117152,101828
15726774,563,106251,39546
15649078,850,111838,110806
15641877,681,97023,2168
15796496,631,137688,190067
15815690,614,113349,77789
15631739,704,122110,127654
15625584,786,120452,79603
15802466,534,0,80619
15697028,590,65812,160346
15575759,583,54428,109639
15567442,656,0,1277
15746805,597,0,49375
15636330,588,143280,31581
15714970,667,103847,20561
15653784,627,125191,84585
15693543,708,0,15247
15773283,641,38340,32608
15742534,527,123803,155847
15569878,592,96651,3233
15729454,465,0,177669
15578375,628,0,134442
15785559,678,133237,111033
15649414,570,142105,45214
15701605,815,166115,67208
15686696,817,81070,80986
15625586,717,0,167573
15654975,641,123836,160111
15782993,624,123401,127825
15774382,579,169377,123535
15689602,698,130015,41595
15756155,645,0,97628
15812647,691,133936,91360
15736043,638,114543,97755
15696744,705,119795,182528
15602572,720,0,142956
15674765,553,0,10789
15678725,658,0,130461
15694444,648,157139,190994
15795878,636,0,159464
15735346,527,136733,57589
15687094,717,82498,40438
15790067,614,151915,56459
15605742,737,80091,39920
15566740,587,83739,148798
15664897,682,181166,63737
15585777,710,130589,154998
15650864,507,0,34777
15806709,609,94127,93718
15633818,786,0,133112
15713845,688,148046,175480
15639662,710,0,96
15567013,779,0,30805
15777784,733,168166,197193
15800251,583,72836,96792
15651315,627,0,132720
15651450,666,123212,112157
15784218,620,0,38015
15572398,614,0,164019
15707962,606,119502,46775
15705663,700,144551,189664
15645355,677,126729,26106
15729557,850,119984,191535
15631436,564,0,158938
15583073,771,0,25223
15614361,620,121490,29297
15724684,610,91898,54394
15700083,609,139444,9234
15636541,683,144962,26797
15796015,633,126041,11797
15787222,676,69459,128461
15594270,693,198339,14278
15701524,709,0,46812
15645847,569,109197,109393
15708867,684,134169,3967
15613140,565,0,63174
15628893,681,0,66367
15764073,503,0,16275
15782879,656,0,180553
15635964,566,120100,107563
15726087,592,0,100942
15726313,687,0,110230
15578073,686,0,142332
15786249,616,0,199100
15812850,494,0,85890
15596972,534,0,143938
15620579,695,0,131644
15768270,579,0,112396
15656597,432,135560,71856
15699446,816,150355,35771
15615004,730,0,124365
15704771,593,133489,78101
15588372,715,105489,143096
15681439,775,60205,14073
15607509,539,0,47388
15670343,576,0,72306
15597968,617,0,184840
15658432,688,0,47886
15616431,608,0,130474
15796957,597,0,73181
15815552,670,112334,65707
15631871,616,116937,104379
15635870,579,117721,192147
15596713,786,165896,66978
15684211,704,153657,158743
15760521,796,94164,189415
15608408,598,0,159130
15804721,602,191809,97640
15730272,619,152199,86022
15741988,492,125396,10015
15771728,641,104406,17384
15605113,518,133801,143316
15661945,623,0,31669
15783816,733,0,12761
15721207,625,100047,93430
15764072,759,109849,42013
15689412,604,127849,15799
15798385,512,0,56408
15775339,520,95948,4696
15585256,805,0,25042
15797329,626,137639,130442
15780220,656,0,136522
15648951,785,0,199109
15752409,553,0,124597
15807524,569,0,134395
15766649,670,89417,144275
15696812,586,0,123410
15581295,617,0,143298
15663234,508,143262,129563
15741417,624,119656,4595
15695174,654,132955,146715
15665168,681,105207,163558
15601503,578,0,6947
15706131,621,83061,9171
15782758,632,147651,199675
15591091,644,73349,157167
15715877,821,0,46073
15756918,754,0,3525
15746662,568,116321,45564
15626679,584,0,59103
15793343,549,0,189558
15576774,729,0,45780
15801316,523,66251,21859
15800514,477,95676,162700
15662232,675,92617,8567
15737778,782,0,132944
15782096,616,0,12916
15783522,738,100566,128800
15785373,717,190306,99348
15756272,526,118536,40981
15615245,660,127650,40369
15600174,525,165359,94739
15752956,629,0,88843
15644882,616,78250,136935
15766272,521,125194,109357
15800620,691,0,199636
15569764,687,154007,158408
15747458,677,133215,95937
15573171,695,146203,126689
15736769,663,0,150850
15763381,496,90963,27802
15814430,747,0,32431
15638607,546,0,137332
15737133,706,114387,28602
15613945,472,0,108412
15659937,703,0,122519
15765287,850,0,9015
15661723,667,137261,94433
15766064,559,111060,110372
15649616,636,124448,141365
15719017,672,0,16245
15720919,667,0,108349
15706706,648,135310,171668
15709653,497,0,67364
15805104,743,0,107867
15622442,619,0,194310
15572801,639,139393,33950
15767598,540,0,197588
15757897,766,104259,428
15568104,749,0,34949
15763414,655,113447,82084
15732265,630,0,64805
15621974,778,111064,83557
15803947,757,161378,71926
15720706,529,82766,122925
15759290,620,0,13134
15651664,615,104268,62846
15795132,735,91719,28411
15811565,705,63489,28641
15713774,644,12459,156787
15691840,505,159864,125308
15682021,471,104593,131736
15612931,722,132089,128262
15676707,577,0,91366
15601383,744,120655,82291
15662662,573,0,66190
15752694,653,83773,23921
15590683,660,172326,45438
15773591,787,117685,93360
15723620,617,0,14497
15671779,567,0,168522
15672966,682,0,103318
15624667,684,135872,87219
15812888,447,0,197490
15724154,625,128505,126813
15749540,585,0,94283
15621063,516,56228,46858
15661626,732,98792,81492
15698703,628,181768,129108
15801431,682,101198,49733
15649451,746,0,88728
15626156,655,0,86981
15606158,644,0,3741
15589496,778,139064,67949
15730345,617,104508,147636
15572038,660,113949,188892
15643439,537,0,25483
15604158,554,0,18392
15657396,806,0,140168
15709478,611,117525,161064
15628824,665,160390,183542
15814519,648,0,194239
15636520,692,125548,7900
15794414,507,92784,51424
15643671,696,97036,152451
15700650,681,0,55816
15680224,687,0,32909
15784286,641,102145,100637
15693996,507,113453,142912
15764343,688,155682,26287
15704168,535,127475,60776
15680197,701,0,146258
15633729,488,112751,28332
15577683,539,0,100919
15800746,674,144889,102592
15788686,538,0,25554
15742798,829,150126,152108
15596647,768,69713,69381
15756070,585,0,101728
15775116,581,0,89041
15575428,682,117439,16911
15654074,653,119316,150468
15695872,712,89572,177613
15568885,620,102252,120672
15725036,709,118547,77143
15632665,832,0,127805
15571476,635,103257,158345
15776850,749,124209,167179
15623649,629,0,15405
15751131,836,150303,156036
15688128,542,108654,144725
15678412,645,85326,22559
15770291,844,0,147342
15583392,747,135776,85470
15690731,645,131411,194656
15697948,752,0,48505
15608328,760,0,101491
15766378,714,106432,164118
15600813,717,90306,124627
15706217,645,117466,34490
15601417,681,148884,90967
15610972,681,91116,24209
15674620,679,77374,174873
15785350,528,104745,170263
15749119,710,0,112289
15756535,733,91539,93783
15700965,724,0,150027
15791851,726,185735,102037
15717156,520,143397,899
15740846,556,125910,95124
15573284,579,0,11514
15729083,674,154526,27469
15611612,570,0,37092
15694381,631,100655,171588
15651737,623,83326,80829
15663168,665,110935,169288
15643426,523,113681,13197
15618245,706,117020,54440
15717527,619,145360,38187
15793478,593,151392,27275
15642248,608,123935,65758
15640377,526,0,97768
15723950,684,70291,115469
15590327,604,166031,98293
15706199,636,96643,182059
15671514,669,0,128538
15727041,624,0,108842
15738063,631,0,18582
15711733,753,0,146821
15652320,588,0,100728
15634180,729,97268,39356
15694566,602,0,169921
15726103,689,76297,42365
15646351,486,0,28823
15730044,809,64498,182437
15795186,562,0,115700
15784890,763,0,16726
15694125,669,0,56876
15565891,709,0,56214
15674254,554,0,193412
15775206,699,0,83263
15797627,732,134250,13404
15649853,625,0,184474
15610379,599,105444,121125
15659800,584,0,152568
15716236,499,0,10723
15672053,526,0,58011
15663933,625,86147,163441
15814236,537,96939,102607
15583597,696,106759,80591
15607395,679,112529,177362
15694556,684,116564,120258
15744109,850,0,180622
15800688,495,0,130405
15810878,537,141787,147798
15587835,850,136417,57844
15763515,513,0,162524
15725882,618,133246,54496
15788022,802,90758,169184
15663917,547,92350,80263
15656865,613,78778,8752
15667971,592,102144,102629
15800366,546,0,94824
15717231,721,98460,90822
15643188,671,114604,153194
15671351,624,0,87311
15573628,751,148075,146411
15698953,636,0,74048
15753888,607,108005,23387
15737961,509,107713,92898
15801701,653,0,45956
15684419,709,0,71739
15794266,559,145304,103561
15810711,684,138476,52367
15771270,635,127472,152916
15607786,709,156552,4411
15624519,656,97093,74771
15799910,793,0,193818
15602479,609,129313,26794
15617419,618,100315,32527
15657603,850,81685,824
15570379,669,88828,85251
15772996,594,152092,83509
15729574,616,0,173599
15737267,676,0,79342
15799128,608,102407,57601
15813327,710,109131,56192
15711921,695,0,6770
15654300,530,75242,101695
15569945,509,0,69113
15569666,517,0,172674
15681887,758,129143,26606
15608873,665,0,53353
15762091,631,139130,63748
15722053,576,0,190112
15782100,544,66483,110317
15765300,596,62389,148623
15743570,481,0,125253
15608541,498,91858,101955
15750671,512,0,168462
15813659,594,0,26216
15757867,570,176174,97045
15652914,721,0,53535
15723818,453,131835,8949
15713819,562,92348,163117
15656484,682,0,140746
15778515,748,95297,171516
15803840,729,0,150803
15735339,663,0,76884
15600392,735,123845,170455
15625740,627,143426,143104
15663817,713,0,55702
15734461,562,112708,186370
15780142,632,100014,24275
15709920,479,208166,50775
15684248,658,0,154280
15643158,598,0,68463
15693902,597,0,91037
15578307,512,121685,83682
15585379,704,111525,199485
15758510,474,0,152491
15692918,604,113546,134875
15705301,683,95697,184366
15718231,537,88963,189840
15567991,794,144880,175643
15772650,732,136576,3268
15574795,495,63093,47090
15706036,552,132271,46562
15723856,602,88814,62488
15812920,607,90595,181598
15691287,675,141816,64815
15804797,443,138548,70196
15708650,727,52192,160383
15712777,482,124976,35848
15786469,686,0,87278
15669219,588,104356,94499
15641004,605,150316,133486
15648067,583,129299,73108
15704014,738,140951,195334
15645136,744,128065,121525
15709604,781,107433,173843
15713637,699,117469,185227
15793901,639,0,125244
15569759,583,0,163113
15712930,587,0,123007
15586504,694,0,40463
15677317,570,153040,131364
15664270,692,142084,188306
15731519,511,0,143995
15745623,788,112080,89369
15813862,526,132045,158366
15641934,749,66583,78753
15713043,691,0,100408
15700749,481,0,24678
15697567,752,0,39571
15715414,658,102895,155666
15639530,679,0,168294
15726058,754,117578,87908
15725665,679,198546,191199
15698872,633,0,191207
15812184,674,0,128954
15742609,600,116623,59905
15815043,645,0,162013
15640648,698,0,19232
15627203,508,0,175749
15786196,555,105771,60534
15612095,751,0,137508
15674368,738,94435,189431
15783477,706,112890,6724
15757559,595,0,41372
15591036,577,127940,125141
15761241,578,129745,143684
15695078,699,0,170770
15645744,826,0,157398
15566988,656,141536,50595
15749300,556,139914,50391
15594340,569,120243,163150
15607065,765,91835,138280
15778089,544,0,135067
15773723,588,67178,163535
15697035,740,0,86657
15679668,850,115379,162088
15709861,766,127786,28879
15791958,849,0,169204
15791030,612,64900,102426
15695339,517,109173,54676
15658813,645,0,18369
15715709,696,114091,159888
15722533,716,0,167636
15683118,590,0,138889
15672798,656,145933,199392
15680112,473,131505,189560
15714575,742,107926,17375
15806808,834,112282,140225
15590637,721,0,61019
15657535,590,0,51908
15696141,516,0,47019
15811947,850,124782,33701
15649024,748,132866,59636
15594928,798,129055,157148
15765532,612,96167,191393
15741719,540,165298,199863
15665629,719,0,20017
15728917,598,120683,30636
15762993,796,102773,117833
15571193,579,144386,22497
15653521,850,104450,748
15802220,599,137103,76871
15644132,724,142476,107848
15600832,508,0,103727
15797919,773,103195,178268
15603743,526,112070,126282
15579714,542,0,196652
15634295,470,96474,5962
15786680,805,0,21929
15623499,548,108438,127023
15691823,672,153196,162763
15809279,773,96877,113951
15758039,614,0,104930
15807163,537,0,52338
15631639,704,95453,179965
15713770,586,63874,83754
15698167,677,148299,182914
15781710,558,0,166720
15801296,634,143259,192722
15704378,655,121342,180241
15767891,619,99153,48475
15640667,662,0,126551
15702145,705,68424,64873
15679738,527,0,98032
15636634,630,79657,93524
15809227,850,0,56992
15601811,668,110240,183981
15625494,573,125322,130235
15723737,680,0,32454
15682955,758,84379,75396
15758856,597,0,167756
15746065,580,136281,24799
15783865,622,119380,60429
15745455,638,108717,74241
15583033,640,0,78311
15644212,644,0,119419
15735688,753,106596,91306
15658577,629,99546,25137
15606887,775,0,193881
15783026,701,0,47857
15579892,708,112616,4492
15802088,521,0,101312
15589323,636,0,38831
15636395,529,0,26817
15712772,757,75381,199728
15700937,767,0,67446
15766659,525,0,161002
15814033,759,0,20778
15783007,520,123086,41042
15654183,738,0,67484
15609899,548,0,121764
15747323,535,109472,157358
15582591,615,155766,110275
15738835,850,101986,43801
15782404,487,96020,9085
15697480,731,0,143086
15697045,726,0,100557
15781234,609,147900,140000
15579891,714,100756,186775
15805690,694,0,133570
15612139,786,83036,154991
15568834,698,125427,27654
15709917,601,98203,137764
15718843,769,72510,25724
15799494,850,140394,186286
15673439,646,142645,142209
15669011,659,23503,169862
15581388,487,145730,41366
15743153,740,122295,30813
15579787,686,0,155024
15759966,612,119799,159417
15601045,655,163709,76259
15764021,617,61687,105965
15687218,674,79144,50744
15626452,711,0,147720
15700964,624,104849,167387
15768887,597,0,95159
15735358,682,0,4654
15749472,775,0,130377
15685872,727,146652,173486
15760851,629,0,93882
15734588,684,0,36377
15784594,549,130622,128500
15606435,593,187013,105899
15790247,536,0,11959
15676433,707,0,98811
15625905,592,0,65906
15626414,703,98863,151517
15623220,723,0,37214
15752857,452,98443,92034
15677908,552,0,195692
15773013,633,0,6343
15623972,479,123576,95148
15738627,768,0,21216
15643392,742,105239,19700
15684868,668,110994,134397
15627854,707,0,135077
15669253,754,157692,133601
15758023,544,105245,99922
15574558,718,0,41399
15635256,762,117687,159344
15680399,772,0,18364
15674720,691,123068,98162
15580249,502,0,84663
15675431,563,0,36537
15698285,676,101457,79102
15810775,576,100549,16644
15678173,629,174589,158420
15665222,625,121162,48988
15803908,628,0,96863
15586039,471,90064,96367
15802570,811,0,146123
15781451,504,134937,135179
15721019,687,110495,158615
15738588,660,133200,71434
15730657,548,82597,55672
15739292,609,103838,150218
15725945,659,0,162734
15813159,526,93590,21229
15636820,725,104150,62028
15603880,519,114142,60988
15619494,562,117153,108675
15596992,482,156353,72644
15735025,535,175535,9242
15730759,561,135637,153080
15752912,661,0,72197
15711316,771,0,199527
15738785,545,0,156598
15777896,850,83415,74918
15628963,601,141859,111250
15742126,712,132768,59116
15575623,589,110635,148219
15741652,600,177657,77142
15738884,642,157778,67485
15615050,575,107916,63452
15803005,570,86569,103660
15743498,532,137756,163192
15720463,796,137263,62905
15588695,833,0,44323
15665802,642,0,97939
15571144,655,0,126565
15750731,736,116309,185360
15605134,617,131245,183229
15626044,762,125156,106024
15737910,703,140691,167810
15761076,507,58820,138536
15710105,581,105099,184520
15577402,593,0,20492
15803337,648,168373,134677
15654372,462,94683,138478
15585867,596,0,125558
15662488,627,0,82970
15604813,494,0,158072
15611644,627,146330,43616
15674928,850,0,119970
15656100,632,167963,140201
15764293,490,0,80793
15636423,715,0,141359
15607629,679,0,23345
15577313,619,116968,5075
15714493,465,0,95501
15643359,736,0,79083
15687913,501,93244,199806
15790935,535,0,52710
15708693,759,0,56584
15672016,819,0,3385
15727605,533,80442,12537
15651144,632,150561,64723
15749401,686,0,75246
15691874,687,125474,198930
15620735,667,127077,69012
15769781,699,0,52404
15624611,497,128650,163642
15773071,780,145581,154599
15720371,652,0,173989
15717984,477,144901,61315
15806407,652,0,143393
15785042,488,97589,124211
15809302,572,0,151461
15677550,755,0,20735
15654096,779,122200,43706
15617320,693,151709,180736
15653065,530,0,104170
15649112,738,122134,27868
15690526,690,137260,55387
15806945,611,88594,196332
15670066,643,0,116046
15625761,632,127205,93875
15761525,727,96997,76614
15735080,508,0,6077
15619537,550,142200,122222
15598162,754,160761,24156
15694300,759,0,135395
15637235,794,0,91340
15612444,549,0,146090
15626457,671,116235,172096
15627995,756,155144,135035
15706128,632,0,84009
15666430,579,0,91764
15627385,748,84009,137001
15581323,488,139246,106799
15608109,710,170113,10495
15801942,619,0,79867
15567431,773,145578,186173
15810167,657,126274,91674
15644501,579,162483,18458
15785290,542,0,8342
15611157,709,87815,138578
15673837,617,113859,38129
15656822,568,87613,107155
15580560,769,0,29792
15760641,608,106649,7064
15587584,503,0,21645
15604146,608,103654,137080
15813974,731,116881,172718
15746986,850,97990,106691
15759741,591,150635,72275
15734892,579,0,32247
15797194,570,129675,80552
15723786,709,0,16734
15642726,611,83568,1235
15664339,775,178145,50168
15754526,699,147138,33688
15703037,618,0,178705
15751412,704,114370,66810
15609558,835,108289,45860
15572408,714,149887,63846
15613923,581,170173,100236
15747000,592,0,19646
15731781,551,0,178394
15727198,689,64808,78591
15794273,604,62733,124955
15804950,514,0,3757
15576304,698,95168,152723
15645200,581,152509,187598
15779627,573,134644,70381
15750755,449,0,156793
15569654,850,51293,35535
15753079,612,0,151256
15684995,690,116623,51011
15790763,599,0,111191
15766458,498,198114,69664
15616221,497,85647,63233
15776124,802,0,40856
15665811,644,141235,95673
15729804,714,0,80234
15714062,690,77642,189052
15592197,522,0,145491
15793116,502,117304,196278
15638231,730,0,162889
15697678,590,92341,174668
15800412,458,146781,3476
15597610,553,144975,19345
15726634,479,0,95271
15670866,693,0,107759
15667462,707,0,118368
15662574,636,115137,52484
15716926,807,101953,178154
15603554,513,164650,49916
15716800,582,0,33747
15679429,694,91956,59962
15616122,777,0,18614
15742172,598,123939,198894
15792305,762,123572,57014
15636016,588,120778,131730
15733138,663,90249,79170
15669741,777,0,106472
15616954,592,0,17014
15729238,631,106396,150661
15718242,725,104887,86623
15682914,850,72080,115768
15654274,540,0,141999
15691457,674,0,182787
15719649,553,99845,187916
15778897,630,0,133268
15589437,466,156816,137476
15682369,613,146035,77146
15626507,558,152283,183271
15571995,775,118897,26362
15673333,698,96781,153374
15748752,608,102773,70706
15725302,670,0,119759
15722083,591,0,42392
15771442,633,150578,34671
15803633,678,0,82106
15672185,590,0,171775
15806486,705,0,149773
15570895,608,163548,38867
15614520,682,148580,35179
15687492,596,96709,41788
15675337,395,106012,17377
15721047,578,135651,199428
15589017,547,111363,16922
15611186,609,39345,178292
15617301,774,130810,152290
15726046,712,133010,126809
15585748,585,135337,40386
15672826,666,112537,34351
15595162,708,122571,199006
15650026,513,63562,52630
15745826,445,0,180012
15708610,690,100369,35342
15624471,850,0,109291
15590097,537,136082,62747
15689328,705,114169,173273
15582154,670,47885,54340
15734626,652,0,19303
15702806,696,0,10884
15620756,747,202905,17299
15611331,511,0,115779
15576935,743,161807,93229
15661275,532,110792,148705
15814940,642,0,150475
15768471,554,108755,40914
15697391,604,0,38588
15793346,602,0,171261
15608338,757,117294,94187
15578546,491,102251,145901
15656921,850,0,152298
15761340,521,0,99828
15591135,726,132058,34744
15623219,596,0,121189
15655229,850,114285,129661
15805884,637,0,145477
15668289,690,76088,151823
15568562,689,160272,49656
15773276,633,114553,73856
15622801,555,102000,116757
15779886,563,0,16320
15713673,494,137853,90274
15783083,534,0,161344
15742824,696,162319,121062
15621550,535,140293,69531
15799480,600,0,3756
15625247,807,0,114448
15755241,714,0,144045
15575679,590,126432,58781
15668235,614,123475,179228
15683183,766,97653,127332
15684592,557,0,86642
15591169,788,137456,184178
15653455,648,0,9551
15732563,726,99046,56053
15656471,773,0,1118
15598510,583,105907,195732
15766427,565,97720,175071
15785342,705,0,112331
15641595,685,97392,43957
15798429,741,0,115995
15648136,658,152813,166683
15812482,575,139302,99844
15790810,844,76320,141175
15687421,559,125919,175911
15765643,725,124348,176984
15654878,450,117200,43481
15686835,738,148385,155047
15768340,642,113905,176137
15673599,618,133476,154843
15689096,590,117879,8214
15684294,735,0,147076
15615828,550,122360,116496
15746012,729,0,31165
15615797,743,108585,192127
15788494,555,145876,137491
15793856,667,121543,186842
15629545,790,109509,86776
15661198,727,146407,72074
15715117,744,0,10663
15701074,629,112331,91001
15793046,619,90413,20555
15623744,634,105303,123165
15611329,608,0,143463
15740428,507,0,92132
15781534,536,121520,77178
15618243,730,103960,193650
15784161,583,102945,52862
15700325,644,92761,35897
15659064,790,0,149418
15658364,807,134590,46254
15704340,581,104255,86609
15793455,627,0,91944
15579777,850,0,128892
15632345,754,0,44831
15814468,551,121400,84508
15754820,637,147128,84761
15707505,699,125928,147661
15699507,542,0,82393
15799600,640,111599,135996
15794472,553,0,159800
15646632,741,0,14379
15676353,598,114213,74323
15566312,660,0,189016
15570414,618,115252,136436
15776743,647,0,78488
15674637,491,107572,113696
15730418,652,0,54628
15739972,650,152367,150835
15661591,413,130970,158892
15675585,416,97739,160523
15814750,629,0,180595
15593454,678,113794,16619
15663421,527,128396,79920
15576196,743,118208,186489
15677324,683,124730,52000
15568742,536,0,121299
15693764,663,136299,144593
15714260,646,0,178753
15798200,707,0,94148
15656627,602,0,77414
15791111,635,125725,63237
15638269,597,0,108646
15807473,503,0,95153
15708534,524,0,136080
15640686,700,95873,98273
15588904,692,0,113506
15768763,562,0,52525
15770543,679,74260,194618
15642162,603,123408,152542
15714046,720,123784,142903
15575060,797,0,182258
15812040,594,153880,135432
15812073,529,0,175698
15706810,606,106302,59061
15584090,621,0,131284
15810807,513,0,152500
15582033,753,138076,15523
15687607,605,135422,186419
15588406,574,0,32262
15784099,726,126876,128052
15701352,611,96382,181419
15789371,593,119703,109783
15602845,466,152102,181880
15707918,741,127675,74260
15602812,684,133777,49865
15675888,550,72788,103608
15591822,593,76227,167565
15738501,601,163631,41816
15585907,676,0,179067
15579040,556,0,109184
15804211,719,155423,199841
15736126,850,98711,83617
15745399,649,0,84864
15760749,509,126684,114776
15637118,684,140701,103558
15657829,806,168079,85028
15738497,729,107727,153065
15690695,683,0,38784
15762351,689,0,186526
15791172,672,35742,28790
15598982,602,98269,45038
15734765,739,133801,150246
15642912,618,125683,57762
15769516,674,0,4293
15789379,762,130429,173366
15695103,790,0,119484
15801924,754,0,121821
15767804,729,0,151733
15718039,606,137138,53784
15579994,616,73113,62733
15595037,772,152347,17672
15600720,652,115145,188905
15782608,743,0,113079
15566894,793,137818,83998
15749123,743,157332,125424
15668943,746,0,143194
15577423,627,124587,93133
15623102,713,116981,76038
15728012,678,128398,168658
15683363,540,0,108419
15699335,615,137657,171658
15574369,415,167259,22357
15703167,628,0,193903
15754874,700,119010,141926
15723216,623,80002,104080
15725094,623,140212,93832
15647974,679,118743,1569
15583371,632,138207,60778
15772559,790,148636,16120
15711251,514,178828,60375
15719212,491,83134,187947
15764927,753,121513,195564
15731412,693,95900,38196
15719170,679,112543,179435
15596011,529,0,93208
15614834,619,141752,61532
15600510,680,124141,92826
15625706,693,116547,23140
15781409,834,0,74288
15722583,636,157576,101102
15677243,538,0,126934
15815070,566,141429,68409
15705899,597,127511,155356
15701522,711,0,3235
15755978,606,0,195209
15722090,615,81818,169149
15783526,589,100896,68075
15632125,606,63832,93708
15688395,582,0,156153
15666975,710,116085,58602
15682211,467,0,114449
15637411,749,0,126552
15591512,564,115762,112350
15606855,730,0,185809
15763683,678,139626,118236
15641782,540,0,183052
15677184,767,115576,27922
15775042,615,0,196476
15616630,583,77648,190430
15800233,850,0,35034
15588419,651,148962,66389
15595557,798,0,107615
15626143,695,0,99693
15566030,497,80543,88729
15701412,739,0,173322
15702464,549,0,139464
15573348,850,102050,3770
15704160,648,0,149946
15693704,679,114949,135768
15664752,606,136000,31709
15628292,850,156002,151677
15621195,619,147974,170519
15668629,719,0,196582
15635197,640,90403,3299
15592761,710,0,162879
15574283,580,0,64014
15598097,550,0,26257
15711352,841,162702,126795
15620751,760,0,164162
15656717,687,0,179207
15643121,753,82454,18255
15723671,661,100108,83950
15752846,699,0,22685
15640852,617,83349,7954
15789313,595,96554,143952
15793688,669,201010,158033
15770405,613,125168,199105
15702561,782,0,87567
15625964,582,153314,170564
15761364,679,0,157872
15590286,611,125879,93203
15587978,455,170058,54399
15773242,621,0,168779
15761053,596,131326,1140
15702095,585,128473,186477
15764253,742,160485,29023
15700801,850,84446,60021
15730590,738,115409,180457
15643916,619,62400,132498
15720636,628,143055,109609
15795429,487,133628,98570
15609254,513,107135,160547
15625141,563,0,6140
15810898,803,151660,6930
15775797,607,0,10675
15795246,628,155904,71160
15795275,521,82940,62413
15571869,669,112651,166386
15694143,686,0,133086
15748231,700,95853,192933
15632185,663,82229,71360
15806249,671,0,79270
15743293,651,163701,29583
15598157,728,106328,88681
15700946,574,152993,134691
15722692,464,116440,75574
15696506,604,101353,30252
15728823,836,0,111324
15808851,511,105609,105425
15675231,518,0,36193
15732299,756,0,93082
15706269,489,103894,107625
15590078,622,139835,152734
15776985,652,112519,110421
15756743,625,115895,48486
15782364,521,146409,72994
15604093,546,165363,25744
15749328,697,0,46808
15656322,571,71843,26772
15685564,748,105493,150057
15785831,591,183027,56029
15796218,814,131969,147694
15716218,709,104119,174032
15572735,433,0,153699
15633840,781,125023,108301
15608760,656,74323,22929
15627848,683,109346,102666
15792029,620,0,56139
15617331,637,109698,88391
15651740,525,0,149195
15636407,793,127758,143357
15607526,638,102645,168360
15632576,520,93249,77336
15581505,641,0,93149
15612207,840,87780,36687
15707242,504,0,146703
15721937,686,138131,115928
15773852,533,70363,104189
15719778,577,0,9902
15650538,445,168287,16646
15797475,720,86102,180135
15780359,643,115143,148099
15737104,652,126598,38799
15789936,663,0,153295
15709523,525,157989,100688
15593425,662,187997,111443
15776725,724,172192,136902
15604706,581,133105,105733
15790958,685,0,35885
15747534,595,0,73489
15574237,588,0,110114
15690332,647,192408,40145
15661290,785,107200,146399
15651883,794,115797,160526
15808905,823,164858,173517
15715532,687,117633,88397
15786078,850,0,185821
15652401,496,0,108098
15673074,527,126664,162268
15598744,576,140273,193135
15785975,525,0,168035
15613180,727,153345,163296
15584229,671,123943,159553
15773804,625,0,99801
15699515,643,98630,40251
15705313,707,58036,83336
15693817,539,0,48382
15673790,498,109201,165990
15674868,696,0,9003
15692110,758,0,188156
15645904,685,0,186785
15581332,655,83174,184260
15808544,747,0,57818
15734948,601,0,144660
15654531,477,82559,163113
15637774,558,73494,136301
15677141,586,132450,36177
15739578,850,128664,65769
15697360,505,79952,174123
15655213,591,132508,161305
15580872,761,120530,109395
15683213,554,74989,190155
15801188,774,94723,61451
15645029,771,0,8673
15633181,792,71270,125913
15598259,673,98612,151349
15576000,765,138034,67972
15766047,748,91622,71139
15596339,422,140014,86351
15715199,568,126816,118648
15615938,502,139663,100995
15679991,524,0,147101
15626135,689,165312,155496
15792934,661,0,196876
15744046,606,0,63177
15700826,678,123699,105222
15756301,636,97325,131924
15586517,647,97041,23133
15751297,732,0,161428
15710365,646,104129,181795
15679307,559,0,86634
15610753,581,104368,29938
15811036,565,135370,140130
15610912,657,112119,17537
15619932,847,123761,53157
15746199,558,0,143585
15584967,596,0,72402
15734365,579,0,39892
15726960,741,0,89805
15665177,613,0,136492
15779915,694,0,35593
15729110,729,0,58268
15575399,480,152160,101779
15678374,666,0,185123
15792679,575,0,119928
15668767,850,0,195033
15761886,740,172382,86480
15583076,588,106117,198767
15815615,681,141952,185144
15591942,611,0,3730
15724924,589,138498,18989
15762123,717,0,119314
15567893,556,124213,62628
15648989,850,126873,197267
15662021,685,0,199992
15691627,713,0,16403
15731751,437,120924,78855
15635277,605,142644,189310
15655252,758,79858,78088
15803941,600,95502,19842
15714380,827,0,103305
15666559,608,197716,116124
15799998,608,85860,142730
15703763,554,85304,58077
15795640,683,132371,186124
15780056,660,0,29664
15777873,628,0,147963
15584749,668,79896,38466
15765258,776,0,143301
15623346,820,0,31423
15614054,665,0,121506
15766185,850,146587,89875
15667632,703,0,72501
15599024,506,0,182693
15798709,588,109109,4994
15741921,622,0,124965
15793671,606,0,161971
15797900,517,142147,39488
15667932,758,0,55313
15795933,677,0,187812
15660403,827,0,184514
15736299,729,109107,121311
15759034,654,112263,12873
15724663,654,0,157238
15594556,619,0,123242
15737169,642,144239,184400
15632472,472,159398,57323
15722813,470,125385,68294
15588450,633,69365,10288
15736717,602,155272,179446
15680683,640,197200,141454
15710316,454,144838,93152
15746333,562,0,6555
15606861,636,0,38570
15641285,621,163086,131048
15662908,795,125903,127069
15814267,550,154377,51722
15614923,630,107512,46157
15579223,573,127407,192951
15651389,561,143657,180932
15677087,662,138107,19597
15665784,637,128940,46787
15576706,651,114454,175821
15615473,646,0,198208
15587299,567,0,55362
15655389,638,131763,47675
15784491,725,0,61326
15809999,709,150301,71673
15681115,787,108935,101168
15629390,653,135847,144881
15792668,661,109908,115038
15583863,681,142946,187281
15681878,436,104339,183540
15782875,663,157274,28532
15732235,662,98848,42730
15735909,607,105103,104722
15653448,754,0,65220
15587647,850,127121,118930
15701037,578,0,70564
15727499,666,129119,139435
15724838,599,0,170347
15666711,586,0,131554
15588933,825,146054,138345
15763111,808,124577,169894
15805676,515,151013,9771
15586674,663,216110,74177
15744553,444,144319,112668
15776629,650,0,186276
15647207,609,0,98464
15715638,824,27517,2746
15750602,662,147093,10928
15766810,699,92246,91346
15756625,752,0,139844
15639552,603,148897,105053
15633213,628,0,144367
15610416,745,0,19605
15715208,804,138336,80484
15619608,454,92896,154344
15628697,631,160737,93503
15643826,503,0,153037
15718588,548,0,98030
15709741,668,107141,193019
15723318,619,0,60811
15717328,842,132446,87071
15771299,707,92053,164064
15706223,715,96799,4555
15612358,573,134499,119925
15769191,509,132388,170360
15618816,670,147171,69850
15730810,613,100525,47299
15783463,678,0,45444
15616213,555,138215,198715
15611287,777,0,115612
15786454,552,0,40334
15768682,640,0,105997
15766172,541,128744,134851
15637646,756,122647,61667
15653404,684,79264,196574
15690546,618,0,111097
15735636,604,121390,48202
15605424,624,123907,135097
15568449,661,143007,15651
15688085,627,157598,34097
15683483,812,127118,174823
15659567,473,117103,85938
15766667,717,102990,49186
15624975,693,145119,77742
15660878,705,126076,34437
15586557,661,0,88280
15746183,573,0,157550
15631457,639,98187,173387
15754053,718,0,82782
15645839,570,0,187759
15689955,461,0,176548
15593510,638,129336,56585
15654964,608,75802,125763
15594039,599,0,113868
15625929,762,159317,24780
15815295,662,96480,120259
15621818,747,117726,175398
15652700,539,0,86767
15636860,625,122351,71217
15569432,656,0,85241
15751455,469,0,160530
15800583,621,0,102807
15770214,754,0,144135
15613463,679,132598,184018
15587066,535,119272,195897
15693752,487,0,126723
15714874,850,0,176883
15657809,585,106416,122961
15651955,603,0,9607
15570912,728,127772,152643
15640266,621,104632,95551
15652069,833,0,141861
15596074,502,0,76643
15800268,825,118051,52301
15809847,668,0,29388
15599074,487,136094,193408
15599591,600,88477,58632
15776096,606,161572,191076
15611669,623,126608,646
15694098,575,68333,144391
15713347,577,179852,193580
15713094,651,0,126761
15811978,693,104763,62368
15799925,800,88542,131718
15692575,760,162889,91099
15743149,711,0,67508
15776947,637,0,12157
15700656,662,0,65089
15594515,568,0,62371
15787884,692,0,18826
15577988,614,0,3343
15795586,478,92474,178626
15677739,562,0,32845
15720134,709,115479,134733
15688868,684,87099,106096
15642996,546,86352,57380
15771222,779,0,25952
15605059,576,148844,69414
15568088,481,163715,96124
15665943,445,0,119426
15795571,606,94154,120138
15662243,559,162702,150549
15593128,608,129255,142492
15589739,698,90605,14357
15787602,568,0,129570
15685019,528,102787,55973
15704209,802,120146,59497
15605264,669,63724,181928
15708265,581,159204,102518
15740264,640,0,88828
15615477,529,0,14161
15727361,547,0,56908
15760216,718,0,184475
15806134,707,162691,94913
15601351,735,127807,73070
15669262,765,157960,136603
15696989,469,139493,150093
15688498,594,87097,168186
15686964,675,84945,146231
15625035,703,160140,79314
15618391,810,0,77966
15591344,715,0,128746
15605455,664,0,194767
15680804,850,0,10673
15768282,724,94615,10627
15685826,563,90728,122269
15793491,714,119545,65483
15797787,614,118312,146135
15611171,740,129575,123300
15601627,587,148164,122925
15734085,465,117155,127744
15809309,689,154252,118320
15809462,656,0,17104
15634628,579,65668,164609
15775678,716,0,152108
15579526,551,50195,23400
15779103,527,96749,94711
15738715,600,0,7312
15593943,685,132667,41877
15754574,738,0,96881
15737814,622,127087,102403
15670889,528,125567,176763
15629299,546,106075,23548
15771569,576,137368,33450
15811927,733,157658,19658
15785654,727,114423,104679
15665524,605,103155,143204
15736287,586,0,6975
15765732,564,149592,153772
15797381,593,133903,85902
15598536,736,84588,188038
15664506,675,197437,52711
15575619,656,104254,17034
15587394,462,140133,131304
15654457,685,0,172576
15762793,850,136980,99020
15658067,636,120568,190160
15642816,850,43658,3025
15693088,628,0,34690
15793883,798,0,2305
15665283,610,72093,113229
15680421,591,0,171099
15695148,614,0,62023
15636592,651,181822,36924
15772618,665,90921,112257
15724453,570,0,198831
15565878,631,0,197963
15609160,586,0,31636
15678460,691,0,49594
15662571,639,0,170484
15606849,698,94921,40340
15670738,733,113939,3219
15662641,850,0,68570
15727539,618,0,29176
15651020,473,110666,46758
15673877,490,0,171060
15760865,754,141819,93551
15705009,649,156974,89405
15657540,578,151215,169804
15707441,690,116318,83253
15694765,610,113882,195814
15649086,596,0,121568
15650488,492,127254,92144
15760924,575,100062,126307
15700263,569,0,130784
15806922,674,126605,166695
15637522,507,106942,44001
15636548,457,0,185992
15566891,584,88595,178998
15627185,744,123737,141558
15754012,687,110752,47921
15627514,688,0,104903
15661433,519,0,68480
15610653,733,0,1272
15667002,666,0,29346
15709199,511,0,184119
15710087,705,125889,96014
15679884,544,78315,103714
15784180,564,206330,46633
15808849,702,145537,135334
15751549,658,77083,13482
15588235,654,145082,130075
15640418,649,115898,143544
15721116,597,108058,187826
15599084,782,191523,167059
15773394,644,0,79928
15625713,679,91188,6075
15766417,678,0,43822
15622578,806,113959,32126
15799924,668,147167,141680
15618363,659,82916,84133
15637138,660,0,9693
15781665,601,0,20709
15804853,781,57099,85644
15651627,628,115341,107674
15680685,751,165257,134822
15808930,531,0,4607
15570970,647,0,51363
15679961,708,68800,39704
15705458,550,116120,195638
15750396,670,0,86413
15679928,592,84102,116385
15711181,589,0,182077
15698324,725,0,67880
15807433,570,0,11417
15636590,575,0,65998
15628950,501,104014,114774
15617206,431,120823,126153
15603741,719,128389,176091
15742607,850,102801,87352
15747821,554,135471,107075
15612043,418,90145,69158
15809558,715,0,149971
15803750,750,161801,153289
15704681,766,99660,147701
15667392,652,123082,188658
15738889,658,102871,103765
15598838,659,151106,140935
15579109,574,163857,15118
15799042,611,0,63202
15697042,738,127291,16082
15696605,571,180614,523
15802274,686,55054,181757
15596808,679,96110,1173
15705403,617,106521,86587
15732903,673,82256,109546
15581968,745,0,174431
15683892,677,102396,119369
15595447,613,118201,23316
15569249,576,44582,67540
15656188,584,0,185202
15689661,663,0,131827
15644934,466,105522,10842
15721793,510,123937,23768
15687413,619,0,117616
15761286,696,119499,174027
15658240,554,135815,115091
15706232,595,0,106341
15583394,659,106260,198103
15715643,662,0,175315
15644856,556,115463,150680
15785488,701,0,110044
15711571,587,120234,194890
15778604,571,0,112367
15751180,539,81132,167290
15748360,644,122197,182100
15770039,572,112290,49374
15685096,753,0,861
15669501,706,0,81718
15622631,588,154410,49324
15586699,825,0,9751
15702377,627,132760,78899
15577170,532,76706,13890
15769451,764,0,11467
15811877,700,0,130789
15648725,660,0,108666
15752801,518,125962,160303
15808175,557,49573,115288
15681342,639,103015,139094
15589210,557,0,20516
15696826,633,104001,36643
15614962,623,87117,104382
15689061,611,82547,146448
15640074,666,0,166651
15776156,521,121326,164224
15739548,775,111168,149331
15662854,681,139714,73067
15687688,564,139875,15378
15715750,646,113064,53072
15571121,670,138340,3159
15726466,751,114974,125921
15660390,544,0,124113
15663942,639,0,93716
15638610,635,117326,155800
15644446,672,0,8815
15585892,639,0,164454
15609356,697,0,87803
15803378,850,0,183617
15599440,748,0,53584
15692408,463,0,1951
15683168,572,0,175025
15790254,741,78738,13019
15767729,646,182877,42538
15768600,805,130023,62990
15699839,637,152607,71693
15786237,651,0,824
15694530,672,167269,169469
15796813,493,167832,150160
15605791,524,144288,32063
15714087,624,151855,68794
15711446,569,0,75085
15588123,677,0,114686
15748552,464,155994,143665
15618410,718,147527,51100
15672432,594,0,5409
15610042,574,100267,103006
15580914,478,83287,44148
15583680,615,0,149279
15813718,651,0,193009
15767264,465,117438,74899
15686461,558,121235,116253
15678882,540,129965,19374
15789611,568,150837,64517
15668679,630,0,34475
15631685,523,163894,57062
15655658,678,0,32302
15753591,438,0,136860
15617348,544,0,69244
15704581,595,87967,156310
15738487,678,0,4989
15648069,850,0,190195
15737627,589,121093,3530
15731586,785,121692,81779
15757467,563,0,39297
15597709,602,154121,176615
15720529,591,0,108685
15596797,643,0,145764
15681755,605,0,42135
15815271,755,165049,16929
15682860,769,0,104394
15621546,620,127638,192718
15705918,725,0,59650
15684512,818,135290,63730
15671769,624,170252,73680
15642934,669,108269,174970
15594305,712,0,1704
15789201,603,145623,163182
15706762,597,145810,52319
15766183,580,130335,51672
15777994,718,0,145355
15568162,527,0,51712
15680643,729,0,149536
15761854,746,0,94105
15730793,699,111009,155906
15692137,759,0,138380
15608595,748,157372,97734
15709459,698,0,173577
15775750,686,134561,27596
15585855,679,0,16897
15752139,682,72374,36896
15768295,778,109564,113047
15766906,742,132116,129934
15725776,649,101195,133091
15682576,763,149437,106283
15704081,595,130682,57863
15719940,628,115280,12629
15672894,625,129944,198915
15667451,733,0,109128
15636767,665,0,22487
15571415,805,151802,46791
15575605,725,0,158697
15649160,554,138732,194138
15615832,675,155621,35177
15600975,556,150005,157016
15690772,635,0,136551
15565714,601,64430,96518
15763108,600,106262,93630
15723884,758,0,96098
15644453,606,132671,156476
15655464,640,0,42965
15783883,753,117315,122021
15787693,559,145874,56311
15664793,754,146777,150686
15642391,621,109979,177741
15756538,654,0,71492
15668830,650,108882,104493
15796569,831,0,47729
15677112,519,112957,97593
15815040,552,103362,186870
15590434,577,89016,135227
15597536,576,133618,135245
15723989,646,93680,179473
15767358,711,97486,50611
15594812,806,137794,75232
15688210,670,101929,89206
15681509,679,0,61762
15572390,850,0,103921
15801441,670,79586,198803
15783859,733,161885,9617
15575243,764,129069,187905
15773421,673,0,121441
15788776,588,132624,36293
15765257,564,121462,20432
15661412,715,175307,187051
15636478,621,136659,148689
15603683,796,146584,125446
15651868,672,0,22736
15815443,527,131415,54948
15682686,722,0,167985
15697460,596,99441,4802
15748432,746,0,72910
15698271,523,0,185489
15808662,624,0,88408
15690372,553,181110,184545
15781875,850,100476,136539
15801473,599,51950,85046
15704509,492,121063,85421
15694666,707,88442,119903
15731166,743,127023,138781
15728523,522,144148,14790
15788442,681,173306,131965
15689781,826,0,178710
15764226,630,106426,20345
15809837,430,135392,172852
15805212,806,0,103946
15716082,703,152685,183656
15643056,755,82084,10334
15654859,612,131629,122110
15761158,719,0,125042
15577515,554,108477,140003
15723827,683,114779,183171
15646594,749,57569,61128
15712877,724,0,52462
15598802,770,0,50840
15699340,680,0,61241
15691150,699,110559,127430
15608688,442,0,68343
15737998,529,0,126512
15735837,574,0,8560
15659100,605,128153,147823
15609070,515,120962,39288
15650313,632,129472,85179
15627699,558,105000,190020
15591010,434,109339,96406
15798895,525,55328,83343
15745375,640,72013,161333
15775235,690,110480,81292
15780088,607,132440,177748
15649379,850,0,187980
15713983,780,94109,177235
15709252,616,105174,29835
15699238,618,0,80204
15732884,676,131960,189269
15587297,507,0,85411
15684722,490,122953,154361
15621244,678,107380,84460
15744273,637,122642,65618
15682540,602,0,112929
15636521,744,124037,142211
15785339,640,117565,82560
15638983,684,133189,127388
15654625,495,120252,10160
15697310,559,152265,64242
15678210,684,105070,198355
15575438,613,115076,79324
15632789,794,0,24114
15621423,736,117280,41921
15573520,692,110540,107473
15740458,703,135095,143860
15762799,720,187861,104120
15686885,777,124656,79792
15565996,653,0,154640
15662152,552,134105,57850
15711742,708,0,62868
15701885,647,0,92357
15774262,597,83693,161084
15567839,501,114631,91430
15644400,709,128602,117031
15797246,621,91259,44857
15778290,799,70417,36484
15708714,675,0,34046
15586183,561,0,59982
15761733,707,0,152944
15773934,670,88295,66979
15705343,649,0,28797
15593959,524,93577,51671
15664615,689,136651,41866
15671014,573,98766,96016
15657778,657,84310,103914
15585192,686,136258,89200
15592914,683,0,48850
15770995,753,131161,197445
15570990,520,145223,145161
15596165,547,98142,52310
15788131,653,0,50696
15800773,648,102283,157891
15690153,639,116122,181851
15638989,711,190067,51345
15623210,484,149350,137520
15652658,721,155177,49653
15684440,548,98986,55867
15730287,679,147727,172749
15720353,553,0,90607
15767231,757,144852,130862
15761554,581,89300,5558
15706637,718,0,121538
15690492,625,97663,57129
15694237,744,95162,19410
15729771,799,154587,88605
15609823,751,127095,480
15793366,781,92526,173838
15614813,777,107363,487
15566495,704,0,35600
15707602,539,127286,166929
15635244,716,0,98999
15805627,670,0,54230
15607986,555,139930,105720
15799785,679,77950,121151
15699963,571,121405,154844
15624595,512,124581,18785
15629750,697,133088,64772
15651460,424,0,16251
15753550,684,0,131094
15594133,697,0,129188
15772329,580,103741,47429
15591552,600,98878,132973
15750921,521,105843,84908
15701687,664,77527,57339
15728906,634,0,161580
15670029,445,0,122626
15763579,702,105265,52910
15728010,485,0,170226
15663194,582,110150,191758
15736510,605,0,66653
15745804,628,0,195978
15631451,604,0,69056
15746995,724,138166,12920
15730673,567,122265,138553
15734649,779,133296,22833
15701081,785,0,61811
15632503,563,148326,191604
15585928,821,68928,25445
15648681,747,139915,129965
15747757,600,118723,6210
15718921,625,106957,134794
15571081,773,190239,57550
15734578,726,113538,28367
15579583,641,101090,51703
15622729,649,0,66603
15662189,434,0,2740
15692718,738,0,69227
15762716,762,168921,31445
15724851,507,111590,150037
15587266,606,172310,111449
15675926,655,118028,51226
15706268,697,147910,53581
15581871,504,131287,149698
15666166,653,121276,160348
15671582,660,109869,154642
15680901,652,97436,104332
15642336,669,0,135630
15653147,594,133853,65362
15571284,756,109528,56176
15591360,642,84607,60059
15810485,486,101438,51365
15611973,804,0,118753
15735572,629,113658,116849
15567860,581,189318,45026
15795690,667,99514,189657
15706464,667,97585,57213
15725028,679,0,63687
15751167,680,0,58761
15633944,644,136660,14188
15672637,571,85756,145116
15680895,627,0,187718
15793825,536,0,27150
15611318,599,51691,111623
15768474,744,0,27244
15716276,709,111670,57030
15623668,653,154741,25183
15696361,648,125682,129981
15607988,663,155304,118717
15637891,613,140682,20134
15789865,620,71903,190208
15627190,661,146607,68022
15788224,669,123950,110882
15702149,767,144753,132481
15708236,491,91285,7033
15568469,653,0,27863
15764444,679,125851,87008
15794204,687,108117,27411
15807546,837,0,46395
15782159,850,67640,194245
15618703,663,150200,151317
15793317,547,141287,118143
15740487,627,0,138701
15722479,707,0,6036
15688264,629,0,41264
15583067,687,97158,63185
15686670,588,0,92536
15593345,502,125241,158736
15811690,793,128966,18633
15734008,727,152581,71830
15771856,632,0,19526
15762045,474,142689,110953
15778142,850,130090,4466
15689268,584,0,105819
15721507,713,117094,149559
15750476,742,0,4070
15810723,607,0,132741
15787229,761,0,61251
15570508,600,90219,91348
15617065,650,194533,171045
15689786,850,169744,155850
15648876,501,0,27381
15802106,418,155974,154209
15773869,797,129321,93625
15711635,788,138650,64746
15795527,699,136488,82816
15759133,616,0,27309
15679394,651,38617,104877
15801072,654,0,151316
15646082,676,82909,91817
15796111,708,145151,125311
15670646,499,147188,14869
15578722,689,0,196112
15815095,850,108186,24093
15730360,502,0,66264
15763194,643,0,100304
15720725,762,0,167910
15567834,719,105918,16247
15720644,789,0,103604
15811742,553,0,7680
15813363,448,0,95216
15717629,632,59972,148173
15713160,669,157229,124383
15568878,654,0,159311
15809800,726,0,6787
15736420,596,210433,197298
15757933,733,102453,21557
15623072,529,0,56518
15683993,493,142987,158841
15570947,615,143331,126396
15797767,600,0,148088
15731989,666,120165,33702
15591035,644,0,84622
15586479,692,0,185581
15605872,707,66573,62769
15666012,603,102833,38829
15641733,671,164758,110749
15593178,568,153611,54084
15649183,598,0,88659
15736399,606,0,177939
15751137,850,169026,174235
15757188,644,153456,82697
15726167,655,0,142416
15624850,850,153973,62811
15717700,683,114610,25339
15716347,663,143626,176487
15696287,682,116520,49834
15638871,639,80926,55829
15765093,704,166595,155823
15592999,691,115466,60623
15641715,599,0,174197
15607746,573,0,56905
15625311,589,92619,101179
15573077,620,141826,73858
15735106,647,149594,102325
15672912,737,130052,55356
15589881,634,0,131285
15660144,660,0,88080
15664083,666,158469,93266
15690898,696,161890,75562
15808023,836,133682,153748
15676909,667,0,163831
15764922,596,187294,103456
15766734,430,0,95655
15795079,596,0,138351
15757434,599,119706,31190
15673747,519,0,167553
15808386,721,138523,59604
15603565,603,90779,162224
15744044,572,99353,196550
15577771,453,111524,120374
15769548,668,128646,92150
15802071,762,117459,178361
15677395,633,129189,170999
15632010,647,121260,77216
15779492,796,94231,121165
15694677,733,0,141841
15704315,556,163757,104000
15742009,489,0,191419
15766663,639,0,28189
15742297,715,141005,60408
15688059,807,105356,130489
15752344,714,0,193040
15698749,626,85898,109743
15631693,697,0,74760
15604536,850,164673,61936
15802869,737,99170,78651
15635598,812,0,168024
15592326,583,0,5572
15736533,730,124053,118592
15647191,677,0,7824
15622507,748,103499,38153
15765487,753,151767,180830
15646521,634,0,143961
15746258,622,101487,8788
15692430,699,123602,103558
15625501,570,127202,147168
15640521,552,144963,58845
15790630,619,0,18095
15664720,714,122017,162515
15750055,503,100263,157921
15644878,685,117303,68702
15754578,606,135984,186779
15705379,678,0,66562
15761047,724,160998,64831
15671293,779,128390,6589
15687527,638,0,165371
15647898,610,130555,184758
15671534,646,90212,13911
15591248,628,71996,34857
15676156,528,85616,156192
15812918,432,62340,53875
15604130,622,142319,100183
15700549,721,0,4493
15715519,614,0,130611
15707042,634,87413,63341
15605276,742,0,180067
15630592,516,0,95274
15636626,718,97560,53512
15740411,636,141787,109686
15593834,691,129935,75665
15804235,698,166178,71973
15679801,712,163098,23702
15673907,659,0,112572
15636562,573,0,62424
15702571,778,151958,131238
15627365,732,0,184351
15748499,550,118401,14000
15598614,790,0,168153
15668889,665,116322,35640
15800049,728,0,120088
15583724,645,0,74346
15622083,647,143139,2955
15645571,596,0,146504
15598266,610,0,149603
15667934,512,129804,53021
15569682,768,108308,41788
15772941,666,110153,74849
15586174,700,116377,134417
15803682,651,117791,75838
15627328,542,0,54870
15717065,686,105420,35356
15602456,850,99219,122141
15721569,658,119328,119440
15573798,448,83947,82000
15638272,609,99883,120595
15799859,704,165438,120771
15599152,698,156111,134791
15737909,759,111096,100138
15646190,677,119963,158326
15711249,544,0,70008
15671987,567,153138,88659
15812766,490,156111,190889
15778589,626,113015,56646
15750104,718,132616,32999
15784526,616,102016,178235
15646563,772,0,25448
15744423,561,0,84872
15593694,814,0,157823
15785367,651,0,84383
15687765,538,80380,119216
15789014,600,108909,82547
15703177,654,90866,86764
15660263,622,99800,197372
15776545,682,200725,82873
15683276,610,140364,129564
15599272,795,151845,135389
15589541,557,0,4498
15608804,824,133231,67885
15645820,698,0,111472
15659031,630,126599,134408
15790113,609,113317,108258
15652289,694,0,197529
15605341,681,93174,139761
15697844,721,0,136120
15652048,563,105007,197812
15587038,654,0,51973
15660528,659,0,99342
15700300,674,131594,171345
15642001,576,119531,119057
15580366,566,118615,172602
15657228,545,95829,104937
15729377,798,0,159044
15686913,757,0,83263
15631267,641,153591,130911
15632275,718,0,126337
15715907,699,113110,27981
15764841,623,130557,47881
15748649,644,93183,73882
15771409,586,151934,162960
15779207,500,125496,68807
15814116,583,0,144039
15665087,595,118548,151192
15611189,670,97792,120226
15729718,610,0,56119
15733602,814,0,130853
15620103,660,167181,185157
15770406,580,121355,35671
15800554,850,0,59568
15611409,676,0,139912
15646535,578,113226,56771
15575430,579,118393,157565
15711299,711,145263,131473
15642063,692,163505,90424
15706602,760,118114,156660
15592773,630,108449,88373
15786539,808,0,46201
15737542,611,103295,160548
15590234,697,0,1263
15773776,655,0,188639
15728082,601,0,14665
15609987,755,119919,156868
15735330,553,0,30462
15649430,723,0,123886
15768777,507,0,60688
15777893,777,0,21786
15791326,566,0,188136
15615176,732,0,154365
15735221,697,0,61312
15617991,555,128744,47455
15658504,584,137727,121103
15785705,705,106732,137420
15801817,688,123544,157664
15752578,626,133969,148690
15781574,636,126535,39790
15792107,719,0,165162
15569917,706,87610,137675
15721504,731,0,101372
15757306,738,0,65066
15647295,426,0,107877
15642098,622,108960,111180
15696120,701,0,115651
15675176,512,144953,165035
15700046,635,103545,193747
15782089,685,0,58458
15706394,609,0,52333
15759387,598,101487,75959
15623369,708,105356,123
15732943,574,77968,167067
15750545,629,0,117573
15809909,422,0,7167
15642448,656,120048,137173
15791944,697,175465,116442
15768342,718,79475,32421
15567919,586,167736,104666
15674750,481,0,44216
15778345,749,74386,20164
15687634,561,94754,26691
15666096,676,0,107956
15581700,615,86921,150048
15656417,582,132077,192255
15649101,601,127848,173246
15781975,708,0,121458
15700511,708,176702,104805
15770255,797,83556,69767
15643574,682,0,178373
15595010,694,0,99924
15580579,490,0,49594
15748532,828,0,186071
15773789,594,96858,77511
15600027,579,0,54817
15620832,723,0,61291
15568819,619,132796,191821
15748691,794,154971,156768
15583552,674,88902,73731
15588019,418,98739,122190
15713250,502,0,123509
15569595,678,0,8200
15794868,599,137456,14113
15576680,736,0,51705
15613699,430,73937,161938
15609758,537,158621,120893
15762392,683,113257,65035
15693382,828,0,164257
15791769,691,116536,51988
15712483,608,0,10900
15636454,691,101071,177356
15710138,718,0,63889
15571571,680,127331,176434
15638751,838,0,81314
15598574,695,0,13999
15796787,681,105969,5772
15615670,762,119547,42694
15705506,751,0,90840
15599535,678,138668,54144
15768449,634,51583,184313
15725002,749,0,20307
15611682,590,169903,128256
15749964,610,87262,182720
15678779,502,0,4083
15752601,578,0,102234
15758477,547,0,132003
15629133,579,0,126839
15604963,661,0,181461
15796413,794,0,195326
15812470,719,0,29132
15587443,728,0,131805
15689692,598,150348,173784
15779586,822,115074,26250
15667588,670,0,182650
15624423,850,99987,196583
15591107,723,110357,141978
15748986,705,166686,55314
15793896,677,95313,62945
15620570,736,202443,72375
15727811,661,109494,188324
15707681,501,88977,133403
15702030,516,104983,157379
15673238,517,154111,101240
15604196,766,185714,102503
15769356,520,116023,37578
15665590,541,0,83457
15572361,790,164011,199420
15667460,797,0,24749
15654760,811,101515,121765
15632669,722,0,113666
15613673,675,0,134111
15698522,660,134599,183096
15741633,566,147511,159891
15674583,768,78396,8316
15665374,610,0,63736
15588854,715,110581,94715
15810716,750,151836,68695
15776921,431,83625,36900
15569394,704,148197,182775
15788215,535,122925,62391
15641007,614,72594,76042
15594651,748,115221,70957
15575146,492,117809,67311
15608916,573,147755,110454
15666297,706,0,88479
15598586,680,113292,122640
15665014,458,0,79724
15701738,612,115163,97678
15650591,809,118099,100720
15652667,590,0,104731
15679622,602,0,22499
15730150,540,120826,28258
15813192,494,0,109988
15606554,797,0,149991
15611794,526,133845,45181
15672357,631,0,181606
15711759,576,108541,126469
15615296,405,0,160811
15699294,555,0,88147
15788634,750,113817,88334
15660871,665,137300,90175
15618258,640,158024,81298
15722535,457,127838,60013
15711977,695,161533,100941
15690169,645,161172,12600
15790689,647,80958,128591
15665181,808,0,23180
15633608,641,146194,55797
15805261,700,0,152097
15740356,660,115022,162443
15808223,615,126773,55551
15769980,705,92890,109497
15675450,718,0,72106
15776494,754,146622,41815
15592412,713,131038,74005
15777452,587,88820,70224
15692258,569,115407,145528
15791045,568,132952,124486
15807889,634,108892,10078
15602043,770,141789,164967
15807335,676,116954,91149
15629985,723,90450,103379
15679453,614,125997,128049
15637315,601,0,54343
15691513,592,0,13614
15622289,605,0,35522
15715184,752,144638,40497
15702801,677,86616,91904
15719931,850,0,178668
15806081,608,127924,32203
15796336,786,0,117034
15647306,777,131241,163746
15742369,667,0,20347
15655859,848,120047,84711
15675650,486,97819,120531
15574119,598,62980,152274
15754168,506,0,144346
15763029,612,161450,96961
15765048,545,0,170307
15786215,793,119496,29881
15707559,682,0,195105
15582129,517,43773,187756
15687540,684,100249,67600
15787196,692,0,105983
15670898,740,108028,25980
15775433,666,53013,112223
15700693,693,0,59865
15677955,757,122089,42581
15570086,684,90544,4777
15794875,691,0,178038
15673591,842,141252,128521
15631756,482,147813,109030
15757617,735,134141,2268
15612729,681,0,55054
15637857,616,0,76456
15681007,850,128548,75479
15593622,635,122198,179145
15629273,638,145178,193472
15765846,820,94223,103571
15596013,694,143212,102629
15722473,713,0,55772
15774936,543,143350,192070
15685640,649,130932,144808
15566563,777,137851,5008
15768746,561,0,173680
15689952,724,0,115754
15725906,665,0,38928
15634501,441,140614,174381
15571940,579,118681,49830
15741643,777,122918,76170
15806822,739,0,133466
15701166,660,131754,38762
15718531,554,0,176779
15628308,850,0,13160
15585287,842,119948,48218
15781619,785,0,134965
15805162,550,0,184221
15588535,750,0,19264
15775307,490,97266,92797
15777616,605,113691,33114
15692291,563,99056,154348
15680843,675,0,184842
15606232,621,116339,155743
15641585,850,97340,88815
15684358,711,0,193748
15806389,549,137592,116548
15641860,764,108760,166325
15814237,627,128771,40199
15808780,850,0,51919
15767064,614,44055,73329
15751177,685,119658,145387
15613427,683,108798,140763
15647259,643,0,67979
15748660,561,102025,133052
15726695,601,122447,86792
15757473,766,158787,47579
15809509,699,125689,151624
15715512,850,154640,164040
15614168,792,146711,16528
15679818,636,136709,66753
15609928,850,129305,19245
15731246,628,0,103833
15685243,736,0,503
15638730,711,82844,1409
15697034,583,0,5985
15699225,757,0,37460
15677387,749,76692,30396
15759184,705,117716,2499
15595991,585,87105,55346
15681332,437,0,148331
15756299,741,69311,59238
15750547,738,0,48645
15566380,586,66949,140759
15675963,627,0,107712
15674671,551,128411,181719
15621466,606,99898,37055
15607176,674,0,173941
15570299,584,152622,99299
15613197,590,0,62933
15798885,585,138227,55288
15714883,508,111396,48197
15604497,458,84387,178643
15773949,692,0,8282
15774164,502,174674,33301
15774127,518,0,76516
15619016,660,109020,33681
15795759,698,107907,168886
15798844,678,128915,191746
15717962,773,111180,93091
15691504,619,124099,23905
15693893,684,122471,15807
15672499,635,134692,83773
15750410,680,123817,90162
15568904,608,106289,36639
15649033,603,127723,139469
15780989,579,145844,198402
15771059,756,148201,194584
15687852,611,104146,159630
15695280,532,142755,34231
15592751,684,81246,69643
15598338,647,168560,90270
15735784,583,0,47849
15629128,774,132194,162866
15642870,677,0,168650
15637977,542,139330,54372
15600792,613,0,133897
15576131,666,0,147878
15686588,777,134572,118313
15761018,581,143829,181224
15616029,705,0,7922
15761149,673,133445,5708
15802758,594,104754,56757
15647838,648,116575,4121
15735968,605,0,97213
15581286,734,176915,12799
15625445,572,68348,50400
15600173,595,0,41448
15635143,749,56727,185543
15664849,573,65269,189989
15762455,624,66220,170819
15797165,703,0,85547
15788189,665,96148,137038
15780492,648,0,19283
15678497,850,0,169425
15588560,569,145330,132039
15606003,566,0,3626
15611756,537,124192,50882
15789563,706,111288,149170
15702416,734,107806,182506
15766288,586,103701,194073
15667633,612,0,9209
15622774,648,0,167932
15755416,557,87739,123097
15769915,643,133313,3966
15643908,433,0,87712
15627395,643,154903,49667
15679663,488,0,136675
15651581,758,112596,35865
15596379,743,119696,26136
15746674,730,0,33373
15801256,746,0,10096
15663808,666,152615,188782
15598521,580,131647,79775
15621457,850,96655,152740
15764726,563,137583,5792
15646374,766,62718,13182
15716501,659,95377,187551
15589948,607,135936,110560
15811343,644,161591,63796
15659677,746,142382,62087
15594436,588,0,12484
15748995,691,0,10963
15677062,666,127043,8247
15697201,640,0,156260
15666453,611,78886,26928
15693771,651,95923,84782
15569867,529,0,19842
15711602,676,91712,95393
15717736,639,110031,133996
15750441,782,81211,108003
15732791,641,122948,99155
15775104,697,182066,49504
15757607,623,0,196534
15793070,494,69975,188426
15760456,731,123712,171341
15665385,657,76495,79072
15612418,744,0,20941
15727138,774,0,34774
15732061,850,121875,6865
15776051,551,0,51143
15616530,638,188455,47031
15632344,792,99046,47160
15744979,666,0,158667
15745433,716,205771,65465
15683657,594,79341,78256
15718572,600,138456,103548
15665783,565,0,89609
15652782,678,101100,193476
15707025,648,0,5199
15647807,642,109220,52828
15718281,706,123277,86508
15660571,668,113034,100424
15727857,635,0,175612
15639252,603,129549,19283
15628144,635,74813,27448
15683560,642,0,183963
15653275,785,0,45114
15622182,628,153538,110776
15613962,499,0,183042
15618437,567,0,161572
15783338,449,155619,166692
15764491,701,159694,71174
15712960,613,171653,5353
15688157,683,47685,86019
15579287,581,0,86384
15570931,620,0,31642
15615177,561,123692,70549
15809906,558,148853,24411
15652169,642,133162,122255
15649450,805,143221,186036
15777179,687,0,73134
15803538,695,0,187734
15610936,562,0,111590
15590094,613,126266,15860
15572706,589,0,61325
15634564,593,112713,176869
15684296,714,141173,98896
15702293,588,0,108739
15642099,679,0,12266
15773273,730,118866,163318
15613337,833,0,182248
15800482,586,0,168261
15732644,567,92316,158591
15713426,637,122186,102566
15640789,711,123346,141828
15598892,828,73070,161671
15606436,500,0,192013
15751227,807,95121,127875
15812365,850,102801,60812
15616088,782,97072,131177
15803886,629,132877,130862
15587311,582,0,72971
15617401,468,0,28124
15775886,670,0,140754
15807305,805,0,166650
15761717,720,51963,45507
15628008,781,98760,112203
15583755,592,156571,37140
15661409,542,0,178257
15774250,532,159025,100983
15681476,520,73493,109626
15654870,759,0,99251
15790448,473,69617,143346
15785326,639,136526,59653
15592854,705,113736,196865
15617486,530,106723,109960
15806796,516,138848,127257
15644699,850,0,1100
15622305,746,107868,146192
15608209,622,96926,48554
15626898,743,77599,144407
15644297,732,178788,195761
15731569,850,0,44827
15582149,850,129668,88744
15802483,686,146178,88837
15686999,556,0,62113
15772479,673,0,163563
15778884,809,154763,174800
15623630,634,116251,42430
15774316,630,0,82648
15695097,564,100955,134175
15645404,625,124620,92244
15750574,677,0,6176
15636812,583,112701,29214
15712068,592,84693,67214
15652030,637,108205,169038
15577398,850,86449,188809
15756848,633,0,79408
15806929,751,73195,89223
15656005,592,124593,86080
15722632,716,119656,12944
15794356,641,121765,166517
15659656,849,110838,126420
15588341,647,99835,89103
15709142,608,91057,132973
15627042,555,0,93122
15627517,497,149400,167522
15803032,599,89112,157240
15665129,545,132528,107430
15628272,774,114997,75304
15678206,464,161799,182944
15678427,696,96129,5984
15678067,667,0,163655
15793331,812,133051,89386
15699532,516,120124,168774
15605827,645,0,96864
15643635,664,133706,134456
15787710,427,0,28368
15614137,685,0,103899
15754494,585,152805,63240
15713440,519,151701,170139
15803479,708,0,3837
15709639,717,112465,92978
15601719,465,156007,191368
15772482,829,132406,104889
15591489,826,142663,60285
15629002,747,102603,180694
15798053,707,0,126476
15753895,590,0,133536
15595426,603,105001,87412
15645815,615,0,164887
15632848,634,69519,116238
15703068,716,126146,138051
15791513,647,138937,101618
15587210,591,113582,1985
15793803,574,112572,165627
15787756,467,114515,177785
15723437,701,0,65765
15702715,747,0,50760
15809872,650,84906,163216
15644295,731,126816,74851
15778694,638,105250,23491
15759555,569,0,134273
15631406,459,109388,155721
15616676,632,122479,147231
15771154,683,137732,133210
15669491,850,157867,18986
15697691,512,0,100508
15665180,616,136789,59346
15752588,664,0,95373
15743051,694,144684,31805
15571873,655,107065,51960
15679743,607,91302,130825
15769412,684,207035,157695
15775124,763,0,933
15732113,671,0,2560
15578141,592,0,12906
15595874,666,0,176693
15755642,667,0,102909
15576526,850,0,41291
15792489,622,0,119127
15733705,577,92472,126435
15807221,555,0,103901
15573045,547,127739,85153
15756824,613,101243,12494
15773520,672,92600,167337
15627439,624,0,186180
15701439,698,0,88567
15785352,606,82374,172527
15616525,720,141356,137986
15717489,835,0,19794
15795737,771,72664,107874
15693877,811,123365,171995
15576111,734,121899,61830
15595713,548,0,31728
15808868,652,103697,155221
15708193,707,0,130867
15697801,605,74129,62200
15770121,623,0,24255
15800524,686,185379,64679
15686236,525,118088,88121
15659807,657,109402,66464
15736078,730,130368,15142
15620836,816,108411,102909
15698184,484,90408,48171
15717643,728,90425,11598
15776596,730,140095,172450
15814757,477,0,184061
15812607,663,95439,21039
15663888,549,204017,109538
15748882,714,0,129193
15690829,430,137115,146517
15695819,504,134740,181431
15696834,530,0,121451
15797710,619,98956,131713
15700654,617,49157,53294
15583764,791,130240,96547
15688849,609,108019,184525
15661473,780,126725,195259
15601030,777,96694,172619
15789557,817,129811,59259
15745250,850,156652,25899
15590349,732,0,3749
15741693,693,130662,101919
15618446,576,0,57803
15766552,643,0,142455
15668775,757,130747,143830
15757895,569,106629,44115
15774551,772,112030,186948
15684011,576,130575,173630
15736146,608,96680,49133
15656286,794,0,178123
15774847,593,171741,20894
15619340,597,0,41303
15815656,541,100117,199808
15623357,692,120597,180491
15601324,697,0,87401
15715510,768,95985,73687
15663770,802,142557,172498
15779267,584,0,89286
15597957,614,0,180083
15584620,850,143644,22102
15750772,671,132130,76069
15706557,626,0,32159
15594391,770,183555,159557
15661656,633,91903,107673
15631217,663,156218,33608
15588955,581,93260,141036
15758252,561,168085,115719
15740223,479,107715,86128
15805413,769,117852,147669
15635116,659,0,177480
15764892,590,84475,190937
15795936,560,0,84532
15655232,437,126803,161133
15640133,661,0,185556
15751524,677,68807,33075
15670552,560,115141,39807
15623966,578,0,26390
15752193,421,90723,12163
15607269,492,151249,167238
15700752,545,0,52067
15777901,640,94752,184006
15639117,624,0,583
15720203,577,0,143274
15586236,704,132085,54474
15676645,523,0,121428
15715988,793,0,79704
15603749,564,45472,41056
15608956,711,0,41590
15733872,791,130230,54020
15666982,629,123949,76053
15602647,729,127416,184977
15623063,651,110068,127679
15682928,695,65521,1244
15729246,847,0,76327
15588928,704,0,145339
15803352,613,155736,57751
15607485,692,0,138880
15656249,720,118308,136120
15761783,577,0,167621
15716605,710,103099,173277
15757425,716,0,99661
15603096,410,125790,66334
15588580,584,109647,70241
15770539,792,127188,113553
15572022,605,0,691
15571843,486,0,98803
15752502,615,130386,130662
15609058,676,107787,116379
15775108,571,99325,186052
15708904,850,0,100101
15600086,717,123765,169953
15814675,642,128264,61793
15572777,780,86006,37973
15585106,492,57068,188975
15738936,760,103607,86335
15750970,500,99004,152846
15725772,654,0,146652
15692106,606,147387,45482
15791533,367,93608,168817
15715715,799,0,59297
15785576,434,119497,125849
15798834,719,0,76264
15744127,641,0,3940
15637427,461,0,15306
15576990,790,152886,58215
15615352,588,99607,35877
15647333,621,137004,21254
15572050,768,122832,24534
15581370,681,99811,23532
15813503,606,154713,89099
15769783,542,0,807
15793135,713,147687,121593
15599182,597,0,4701
15689517,635,127010,161910
15641366,599,124738,90390
15588859,496,179356,2919
15732293,759,0,99087
15568032,757,127320,163170
15623525,564,125176,72757
15606601,561,186789,73287
15800811,702,148557,146056
15610711,678,128644,167673
15809654,707,127477,146012
15576077,610,159562,103381
15643378,744,112420,83023
15566790,598,129992,46041
15774402,562,0,182843
15694641,621,0,171364
15605916,659,0,183399
15812356,722,89175,152884
15644179,606,0,50560
15771674,603,162391,54703
15623314,506,190353,78366
15613292,715,0,68667
15813871,690,0,151376
15759480,644,139181,19960
15587712,589,114435,26956
15671165,592,149950,76268
15620746,632,126116,100999
15706537,577,111397,191070
15589312,588,115007,176859
15741180,617,102142,45325
15733888,668,133687,190958
15798532,810,120880,78897
15577359,767,0,121964
15614936,718,82322,11144
15747647,589,0,144181
15588566,778,116474,32758
15570141,724,132353,80320
15800793,477,182492,185831
15572415,580,0,160095
15635125,566,120787,52199
15636551,711,130181,31811
15600912,706,88348,104182
15768476,703,0,67667
15650266,679,146186,193974
15621004,603,0,198056
15748352,598,104488,43250
15788920,836,109197,55218
15743236,687,80539,131305
15637717,704,109027,43117
15635500,605,61320,186655
15634792,516,0,33266
15607560,572,0,555
15727177,557,177822,150944
15774358,443,110939,72847
15791304,604,165413,35280
15603328,483,77806,2102
15804937,702,0,94950
15804142,670,175576,99062
15608845,804,124197,74692
15702434,850,0,116693
15632609,554,160133,32824
15603550,588,70259,139608
15755239,758,162658,115525
15670528,787,132217,20955
15732704,582,148043,52341
15589019,633,92855,159813
15677796,766,129290,169935
15760177,564,100252,146034
15636595,602,107593,153123
15737275,649,113096,60335
15672905,679,0,163757
15753955,639,149940,156649
15708504,790,121439,176472
15592451,565,0,5388
15790455,478,0,93333
15572174,825,148874,71193
15656330,528,68138,170309
15569626,577,110080,109794
15608726,663,0,166311
15637366,505,114269,126728
15778049,633,117412,30339
15727421,586,0,37936
15688865,850,0,25329
15751032,629,35550,49676
15734737,744,0,169499
15746515,750,136493,26500
15664311,637,123676,166458
15708139,575,139532,181294
15768574,671,178714,21768
15738018,571,0,72849
15699753,590,89086,24500
15703199,619,96143,98995
15627830,640,32198,141446
15570855,670,0,77864
15772503,737,0,115115
15584453,555,0,168606
15710111,742,0,38550
15618562,618,140306,160619
15706764,560,0,3702
15798737,654,0,88659
15712608,787,74484,44274
15636736,611,0,156495
15703544,559,0,182989
15815645,481,152304,175082
15705739,753,159905,148811
15709643,675,0,85901
15669805,748,99558,199255
15737489,610,116887,107973
15775131,580,142188,128029
15765283,624,149962,104611
15628715,709,0,69677
15813283,605,0,35982
15745716,706,0,117939
15598485,567,28650,95141
15696552,747,81026,167683
15754569,664,0,56563
15701741,711,152463,90306
15572631,609,0,109895
15636069,632,155520,1843
15682467,725,118851,102747
15790744,850,92899,97466
15625023,682,0,105353
15731267,797,75264,85802
15742879,668,147904,69370
15757015,783,106641,176946
15770711,766,90697,21597
15569430,704,175510,152040
15617304,722,0,111893
15704466,692,0,195075
15664681,584,114321,15959
15605534,644,95560,72629
15792473,598,88380,64157
15802625,733,85916,23861
15766017,615,72309,85687
15762172,850,0,179451
15728333,521,0,93180
15792868,675,0,157097
15605698,746,0,80345
15777060,770,0,26081
15626243,618,133844,31407
15719898,556,154872,32045
15599976,749,0,132735
15752809,702,116122,61602
15589698,555,107105,41304
15609977,587,71027,57962
15750121,639,0,42863
15734177,643,0,152992
15781347,600,0,91194
15592025,651,0,130132
15670163,666,0,88751
15765402,520,145644,104119
15624343,650,129668,42028
15602354,564,109342,75633
15579183,586,0,53710
15584899,617,0,13066
15723658,712,0,152418
15803965,654,87486,3299
15682489,605,0,198092
15813645,491,53369,103934
15766787,707,0,70404
15687171,638,146680,102180
15690744,683,112499,30375
15707974,815,48387,184797
15673084,645,68080,166265
15814772,645,160134,88392
15743709,683,66190,115187
15610343,705,0,13936
15737414,647,123762,83910
15788480,786,122326,34712
15568519,534,0,13871
15792453,602,138912,139495
15658100,695,0,140725
15695197,553,128524,20682
15749807,516,0,124202
15773876,655,0,159639
15591698,849,132935,171057
15712813,520,150805,25333
15763898,568,0,29373
15793324,695,0,38534
15757759,807,165969,156122
15796230,642,124496,57904
15611729,703,141560,31257
15709531,556,114756,193214
15650751,585,0,137758
15641413,587,155394,13308
15753840,524,0,132862
15669994,556,128664,125083
15695301,504,113523,12405
15792004,731,0,37697
15603035,651,0,105600
15717286,675,79036,142784
15577107,657,0,168412
15754747,686,141918,184036
15705676,690,107944,48478
15751912,567,0,3896
15677336,557,120043,132371
15684395,446,125192,128261
15659949,850,96399,106534
15812422,637,0,102515
15806941,499,76962,83644
15637690,622,98676,138907
15632882,684,126817,29996
15807107,612,121394,164081
15661034,813,106059,187977
15811958,850,112755,158171
15785167,795,0,155712
15646720,628,0,85891
15658614,565,145401,83845
15704657,601,72648,41778
15567147,802,0,81908
15701319,614,96341,139377
15745266,434,0,73562
15650437,522,124450,165786
15764314,550,113877,174922
15612594,599,0,120790
15593501,493,148668,56093
15804150,755,0,158816
15649297,605,111066,125661
15641110,708,0,128401
15660608,699,158698,107181
15806570,763,0,77204
15715345,743,0,129740
15755521,660,90044,187605
15579074,619,84652,184754
15641158,739,102128,63981
15752507,769,148846,192832
15597983,692,154954,70849
15586069,560,108883,27915
15655082,607,112071,173568
15720155,630,131354,9324
15582116,767,132746,26629
15749365,543,0,145602
15632069,776,125212,144496
15663134,535,0,11780
15766683,549,139422,83983
15707219,844,0,123318
15709232,586,157099,65482
15801351,583,0,47728
15578747,701,83600,59195
15675626,726,0,98061
15583736,829,81796,90107
15590011,749,129378,13549
15609913,743,0,113436
15719479,619,0,42442
15575147,699,99339,68298
15597309,749,0,80135
15648367,600,74430,96051
15758031,760,91242,80682
15751771,528,99092,111150
15689288,630,0,182612
15731026,683,100062,109201
15775809,677,98724,151147
15743076,669,0,93902
15658258,693,128760,36343
15756321,612,144773,98303
15706799,719,0,84973
15775703,702,71281,108747
15642636,755,117036,21862
15704651,514,0,121552
15806771,753,3769,177065
15566735,548,108914,140460
15681671,850,101100,35337
15775949,612,110615,193503
15586752,628,152144,32174
15582519,479,121797,5812
15658233,724,109798,149594
15755330,512,122403,37440
15605072,638,145861,142764
15617538,834,0,45039
15591428,781,0,172097
15692142,707,105087,180345
15692931,670,114991,37393
15781127,663,96769,36864
15677136,624,0,132419
15677828,598,0,60894
15567897,619,132725,143913
15793641,792,0,172240
15678333,683,0,86620
15630511,691,0,164075
15792627,765,84558,69039
15717191,508,93817,132469
15625716,637,113914,65317
15710053,667,140407,57164
15580043,575,105229,34397
15601410,744,0,177432
15684669,567,137891,142009
15619083,502,0,80618
15692207,609,0,124218
15730705,715,165253,85286
15749688,541,0,40889
15728542,850,0,107237
15760063,595,0,168086
15658982,650,122034,146663
15758769,625,0,4792
15778481,817,118963,120820
15661162,526,0,114540
15568164,850,71380,154001
15601569,598,171178,137981
15772383,613,131307,83344
15667456,709,0,82195
15672983,678,87100,149551
15799534,720,183135,197689
15582847,662,0,72930
15612478,525,0,171045
15709621,662,0,27731
15802009,770,0,126132
15698816,721,72535,103931
15574830,633,128137,147635
15603082,701,0,61962
15685947,556,115916,125435
15643048,639,0,42241
15807568,632,0,57943
15597591,456,107000,153420
15747558,729,0,189727
15756655,632,0,165386
15589949,433,152807,19688
15601012,802,92887,39474
15724269,670,0,144723
15567506,738,114941,194896
15791877,706,140641,77272
15794360,592,71817,105097
15686538,522,0,176780
15585985,746,165282,153786
15699257,651,143146,43612
15804104,494,114732,79480
15727619,753,113910,92320
15740237,671,116695,193202
15801436,696,0,126353
15705735,577,0,135009
15649359,587,0,17136
15624892,712,93979,60652
15784918,498,121968,188343
15584785,660,97325,23292
15797197,678,0,64444
15574858,530,0,288
15794101,559,0,137961
15743245,624,145155,72170
15791535,592,137223,39609
15605215,767,0,175458
15771749,653,114268,89525
15616833,678,0,13221
15750728,586,0,102889
15769353,550,150490,166468
15770091,643,160858,27149
15716420,612,170288,59601
15740602,674,111568,22026
15796071,657,83889,153060
15811389,724,171983,167313
15783875,500,0,12834
15671800,688,137624,197583
15677288,599,121160,4033
15633525,631,0,125877
15634606,634,0,176913
15579207,545,91184,105477
15619892,644,0,59172
15567778,690,144028,108731
15711750,711,0,175310
15751084,712,140171,38170
15768945,627,62093,105887
15586931,694,0,95625
15636353,534,0,9541
15623858,603,0,148517
15703354,808,103517,113908
15663987,723,0,164648
15780805,585,0,98621
15768566,706,0,37480
15643229,671,0,15846
15754940,597,85162,5104
15676576,646,143062,61938
15800068,801,0,170009
15648030,731,137388,165001
15668594,620,137712,76197
15728709,484,106901,118046
15724181,647,105603,157361
15647546,688,150680,196226
15702601,680,108300,44385
15567725,689,52016,72994
15674179,513,60515,124571
15686957,553,158584,43640
15607690,689,118813,31121
15806546,517,0,22373
15632850,731,0,170338
15709016,687,91219,158845
15638068,507,0,67926
15749345,468,76319,194783
15791321,682,0,176036
15699095,603,0,198826
15638329,522,111432,168684
15575445,629,150149,6936
15752622,729,38550,179230
15774507,574,119014,103422
15570857,677,111214,147578
15599386,627,71097,130504
15744913,788,109633,16149
15647292,697,148368,118862
15728838,578,148601,143397
15584704,519,71084,137959
15749068,632,139625,93703
15622985,679,0,172939
15587676,699,0,108162
15779496,615,81564,35896
15733460,622,0,104853
15711457,755,124540,188851
15795290,767,133616,28616
15611223,752,101649,172001
15794159,633,124282,60117
15780677,717,0,170529
15690175,585,0,189684
15722599,751,183614,49735
15569976,754,136186,121530
15707011,495,137683,71071
15702277,650,106006,142995
15801915,529,152311,13054
15580213,585,0,89403
15637947,668,134446,111241
15715888,591,142289,119639
15732967,731,0,151582
15737047,754,0,73882
15694039,650,149004,176903
15649457,588,131341,7035
15742809,712,77920,122548
15637829,691,0,161559
15633194,771,108309,137510
15611635,678,0,185367
15638774,719,0,182224
15722037,610,115462,42581
15672930,722,0,31922
15668774,758,122739,102461
15780966,709,0,109681
15659694,634,113782,106345
15624424,678,0,102473
15708713,633,0,36250
15755405,710,128284,32997
15647570,640,120591,195124
15684348,656,0,57014
15702541,551,166968,159484
15646942,786,0,100930
15748920,561,0,12513
15694581,807,0,74901
15643215,602,71668,137112
15649060,727,82729,60213
15774258,678,0,187343
15731553,730,0,183285
15617029,596,0,8125
15780716,686,129626,103221
15577018,684,114035,96885
15809515,797,151923,8877
15789924,658,0,147530
15725076,653,107752,33389
15672481,641,0,45309
15574115,656,101179,35231
15661830,750,0,59816
15665879,768,0,69080
15673820,568,0,143451
15747772,706,58571,40774
15666197,430,153059,99377
15773639,745,98270,133617
15581893,747,130789,101495
15672447,657,99166,119334
15777830,639,0,167682
15713890,704,0,152885
15577598,651,115636,70401
15786042,706,185932,65413
15753462,632,72549,182729
15759690,751,0,81443
15801414,767,0,144251
15656141,741,0,40207
15608701,651,121890,54531
15582892,601,99786,32684
15632967,520,0,104704
15587573,626,115085,26907
15654891,811,0,180591
15611365,730,127662,60906
15749103,604,118908,47777
15810203,499,77627,108223
15813660,754,160625,3555
15605673,716,0,78617
15669282,636,124267,100567
15792726,470,127974,183259
15593241,444,0,159131
15683053,809,0,160977
15632736,850,104911,42933
15731865,637,0,91291
15760450,512,0,52471
15787204,774,110647,108804
15650454,641,0,122449
15573730,586,126704,41682
15705050,611,0,148888
15791342,660,84560,137784
15684316,532,0,190574
15700540,557,129894,102076
15770631,730,167386,56308
15790594,535,0,49776
15604020,773,105859,4395
15637599,510,123071,28461
15736578,539,0,28185
15666332,690,0,3149
15727291,821,0,194273
15785920,687,125141,148537
15658987,557,96173,116378
15687719,532,0,6762
15799641,540,0,81996
15758702,705,0,14393
15689526,542,127543,469
15586848,706,0,122380
15707637,765,0,13229
15719426,529,103102,154002
15639265,714,126113,112777
15576124,582,40489,128529
15757829,609,137390,170122
15633227,518,85146,2804
15753092,791,129829,181918
15782939,747,80214,115242
15746338,565,0,129956
15590676,735,141796,45858
15599329,697,195238,131084
15783097,813,111348,46422
15597885,772,0,57676
15597467,606,0,169742
15724764,667,64404,26022
15778418,637,154310,125334
15684769,542,129431,21344
15756167,762,134205,139971
15632439,698,0,47456
15755138,850,0,55594
15659092,621,0,191757
15742116,671,116711,76373
15801994,775,0,169279
15647572,504,54981,136910
15644551,751,99774,54866
15709135,691,101232,156529
15684469,841,117070,113482
15627637,709,73314,63446
15667093,673,0,13624
15690589,541,212314,148815
15595350,661,136068,65568
15777586,784,109052,6410
15804064,742,79126,126998
15717770,850,0,171763
15754443,443,108308,129031
15776939,778,102291,182691
15713517,529,102025,12351
15683522,678,113383,135124
15673995,516,102541,181490
15771054,469,0,186490
15578788,786,0,41249
15737408,703,109942,116267
15750837,579,141750,9202
15576022,565,0,80630
15635502,443,0,159166
15627298,589,85146,86490
15811415,691,134066,197572
15645059,711,0,105160
15689671,775,0,40807
15718667,621,87619,143
15803202,350,0,125824
15593683,668,0,138466
15703394,633,0,44009
15570289,697,103409,66893
15567437,734,123040,76503
15711687,434,108129,56784
15656592,646,169023,175658
15634373,764,0,105156
15769125,727,0,47469
15711386,724,0,64730
15714241,749,222268,101109
15642530,706,144090,140939
15713599,728,114835,37662
15744770,636,0,86414
15780498,634,145031,41821
15624397,627,71240,127734
15615219,518,138772,123872
15570908,687,93617,113051
15762855,622,0,131389
15661827,693,0,26590
15746035,450,74237,195463
15691906,664,127422,108877
15793424,663,61275,136054
15577905,660,106487,182263
15667216,579,73195,129209
15673971,655,146499,64854
15701238,683,0,148989
15644849,655,0,71048
15635531,575,0,185342
15632263,574,120355,137793
15720110,795,117265,198317
15619045,776,0,162138
15697510,707,0,109689
15784923,705,109974,36321
15567383,678,98009,31385
15732621,663,0,114084
15757981,748,0,163332
15727819,677,171672,50778
15738088,634,0,30773
15765173,350,0,113796
15665159,727,128214,188729
15618203,773,116198,86701
15791452,675,0,153129
15638159,649,86607,19825
15585466,552,0,12187
15677310,761,98854,86921
15646262,622,0,35409
15656901,615,0,165577
15621093,681,97338,48227
15592123,768,0,199454
15589200,617,0,118750
15602934,452,131699,151624
15812720,807,130110,172098
15695383,567,0,87677
15723064,603,165149,21858
15761606,617,101708,123866
15650322,701,105589,74694
15669782,820,111337,16770
15751628,438,78391,49425
15809057,600,0,172031
15617052,782,0,183021
15590810,638,144326,73980
15801293,850,101278,26265
15770968,741,108712,24857
15572356,689,108555,167969
15603247,743,146781,189308
15619116,493,0,99770
15691792,416,0,119713
15783276,725,0,168608
15766137,497,0,83087
15574554,537,103291,130665
15578671,706,209490,133268
15716608,651,0,67030
15690670,720,0,141031
15630466,797,0,125110
15630349,543,0,117832
15803801,454,0,198818
15647890,691,149405,146412
15606115,510,191665,131313
15714642,792,0,141652
15741181,721,135071,64477
15773973,765,0,191216
15758546,850,0,37090
15598940,681,181804,57518
15669783,586,47021,63241
15624993,753,128519,44568
15760568,593,142658,135337
15699047,674,120150,33964
15616168,610,81906,61623
15773146,652,137998,168990
15770375,850,123126,74425
15589725,740,0,178930
15710034,637,135645,101383
15800806,685,122449,180770
15570485,558,161767,92379
15575391,677,0,38252
15790750,592,123188,146111
15714832,652,150957,72350
15619953,662,105021,48242
15673929,543,0,148306
15578835,675,133205,8270
15752388,643,0,41550
15797081,611,115489,138657
15570194,412,0,12511
15580149,638,0,43889
15777708,824,0,192800
15769955,683,0,75762
15810444,562,130565,9855
15645593,599,91329,115725
15765345,753,0,106303
15760873,594,81310,183868
15794178,657,107137,153895
15589361,716,0,66696
15662483,850,0,173851
15809736,664,0,177423
15731148,558,108477,109097
15774328,606,144758,166656
15646969,776,0,176921
15718769,557,113110,98413
15610226,614,106415,77501
15616270,620,106921,119747
15790717,695,0,160388
15635703,729,131513,193715
15616365,571,0,28046
15630244,457,134320,150757
15734714,559,79715,82252
15721433,664,74306,154396
15590201,500,0,83866
15590828,782,126428,39830
15752097,708,99641,12429
15800031,681,66339,18773
15630857,674,0,9575
15689953,697,128226,188487
15759733,774,0,64716
15810826,624,0,84750
15668009,747,0,180552
15743456,715,0,60907
15725762,808,122169,174107
15761713,678,178074,110406
15769246,813,135078,187636
15781129,687,69434,66580
15599124,832,0,178780
15639004,668,0,70784
15810995,526,122727,46772
15653773,457,164497,163327
15708357,649,0,103761
15733597,669,150219,107839
15789560,668,187535,32900
15699524,466,0,193985
15626475,685,0,140889
15810839,610,103108,125647
15684318,582,96487,20344
15768120,702,90560,174269
15712807,556,131765,108501
15696371,812,92477,83247
15675794,645,152077,121840
15774277,809,0,132908
15603764,560,0,100075
15618647,744,43504,119328
15614643,731,0,136737
15707696,471,0,22357
15749583,686,93570,10137
15815125,668,102486,158379
15779620,575,0,94571
15768233,435,114346,981
15637788,743,110204,95583
15777046,580,128363,86045
15788723,599,143888,166236
15790489,534,170601,5241
15739476,680,0,150684
15612670,631,0,129509
15631222,485,75340,70665
15658972,699,122038,102085
15724691,712,0,195052
15740442,603,186826,93740
15760427,850,124788,65612
15677939,584,0,160095
15611599,604,0,49507
15633474,586,138554,92406
15671973,467,0,7416
15790019,520,105388,25059
15737735,683,95053,116817
15661745,557,0,144078
15797065,613,0,126676
15710671,786,137362,183682
15656522,593,158537,166851
15705085,670,0,27359
15744873,657,143596,101315
15781914,718,169947,27979
15637354,623,148168,109470
15717307,496,0,93713
15746695,429,48024,74871
15804962,606,155655,192388
15665378,499,0,73458
15757865,642,0,61121
15578787,641,0,90965
15794323,673,121241,116970
15697546,570,0,92119
15629519,472,0,48358
15624703,550,129848,197325
15570002,625,118773,135854
15808566,516,0,169123
15805463,682,105164,164170
15709136,620,0,199909
15801605,626,0,83295
15567855,623,0,39382
15675141,569,93935,184748
15665759,724,117867,62281
15761487,678,0,196794
15700394,713,122857,144682
15631162,631,0,196343
15630641,846,127104,41516
15585066,660,0,112026
15722991,567,96403,52035
15737404,731,132512,185467
15722409,693,107605,80149
15806420,772,0,170981
15658148,657,0,185828
15810660,774,120875,113407
15709780,667,71787,67735
15727350,516,113143,3363
15752312,551,150778,135757
15616745,542,174895,22315
15572294,623,0,129527
15674110,701,160417,37266
15662501,583,91247,60017
15649239,731,0,153015
15700424,461,0,54209
15636388,702,98775,114604
15713975,565,139756,165849
15592925,711,177627,16393
15581626,664,0,162720
15641319,518,0,107112
15723481,728,0,41823
15787825,585,152497,99907
15710726,573,0,178229
15627195,568,112930,22096
15657957,602,113674,197861
15676117,603,0,138328
15607874,687,144451,137277
15796993,741,171236,21834
15649858,469,96776,119891
15811032,477,145985,24565
15679963,737,96354,10210
15579131,835,0,83450
15572428,717,115777,81508
15622461,562,122822,32626
15636105,758,0,43982
15583849,408,0,124874
15718780,650,79450,118325
15739271,582,122394,22114
15697129,706,0,31963
15763415,567,134379,105747
15796617,720,0,39926
15626628,631,88162,127631
15765857,623,142412,28779
15742511,514,121031,10009
15786433,650,165982,24482
15685805,673,0,98619
15627971,504,206664,16282
15783025,723,94662,121240
15726289,645,174400,42669
15802118,664,123429,164924
15607990,760,175736,157337
15695932,766,78381,153832
15812279,634,115346,168782
15687558,640,118613,168470
15729065,784,109960,170830
15698902,547,142703,86207
15570192,608,121729,61164
15809265,547,0,133288
15745201,612,139496,77128
15580623,573,0,77660
15578156,615,138522,56897
15631063,710,0,72945
15692577,674,83728,45418
15810910,702,0,158527
15723217,616,0,111313
15733111,688,124179,138759
15610727,605,128829,190589
15792720,676,171491,79100
15723153,708,0,138613
15802823,745,0,194231
15756118,661,0,110253
15684934,726,0,106117
15776936,475,160818,169642
15729087,751,156368,116180
15786463,645,121670,92
15717498,775,133970,187840
15718406,540,0,121099
15799468,591,96127,30972
15626383,596,121908,30314
15597385,573,0,14479
15570271,577,0,196395
15690330,830,77702,19512
15680611,663,0,72319
15810227,421,0,96615
15807194,718,113922,30772
15712199,655,183998,161217
15694995,712,0,66796
15723400,663,0,123970
15654772,640,89799,13784
15574743,577,0,168924
15807593,546,85661,134778
15686718,802,115569,119783
15695299,590,81828,52168
15722701,594,132695,167690
15799635,577,108867,140801
15742323,541,0,19823
15658435,781,0,72970
15586029,806,96153,143711
15772337,723,153856,180862
15807555,535,0,125658
15603378,768,141335,125871
15792862,653,104584,15126
15657349,803,98173,22457
15777614,545,0,82615
15653952,581,135157,32919
15724336,513,171601,126224
15689594,731,179539,112010
15801920,727,80615,180962
15653347,560,0,128883
15749951,766,126286,177614
15648178,630,137965,174571
15738662,652,159434,178374
15640855,729,113575,103396
15584288,629,0,59130
15760988,667,124573,683
15569624,671,105865,145567
15597949,768,104553,48137
15604551,732,0,90877
15617476,546,0,198543
15645323,630,0,106202
15793311,765,119493,166896
15764153,704,130499,74804
15802560,470,140576,116971
15728608,688,91026,163783
15770474,685,0,70221
15724444,567,125878,107842
15753110,720,45753,79623
15711521,609,121779,138400
15632816,521,127949,182765
15693637,556,0,186648
15725509,662,115287,149588
15684645,704,62078,129051
15692235,750,0,47765
15777459,619,175406,172792
15656937,468,131643,64436
15610643,435,151740,167462
15777315,529,93616,98349
15611058,702,138598,41537
15630413,608,0,72462
15635942,576,0,112465
15648858,666,85225,64511
15810732,730,148749,91831
15705448,647,130013,190806
15730488,516,0,112311
15620443,711,0,72276
15741078,736,111729,84920
15753161,768,180169,17349
15711396,427,0,82871
15593499,686,0,32081
15579189,690,0,120512
15743545,647,0,179033
15791316,714,0,95623
15608246,736,103914,110036
15676526,608,88773,168822
15813911,809,0,77706
15630195,745,131185,49816
15736250,781,117811,65632
15671334,527,0,169362
15574169,595,92466,4721
15718839,850,102741,23975
15762331,569,178756,199929
15606901,728,0,40024
15713559,473,146602,72947
15768881,738,0,170421
15743075,659,0,58879
15660980,597,115703,25059
15810942,445,137655,29910
15728362,671,0,158043
15683339,656,59877,14033
15685476,658,100082,49810
15663650,698,107304,28806
15617434,655,0,90490
15622470,772,96032,75826
15703682,681,0,158336
15727391,688,144554,143455
15711062,633,86173,117279
15567339,735,0,114283
15760662,521,87213,995
15605737,541,0,124796
15692977,612,130701,77593
15672082,562,0,105986
15600280,703,0,33607
15804052,710,0,134188
15576065,731,171326,159718
15796838,703,92931,85149
15693526,618,0,119059
15748595,689,77557,122998
15679029,718,102874,117841
15753639,608,146093,160593
15604138,749,0,174189
15666095,753,79812,68260
15643487,630,105474,58855
15764033,693,121928,87995
15747288,838,61671,150659
15790599,756,149363,109098
15737705,775,152309,104112
15737194,635,0,122950
15726776,705,111629,21807
15804357,481,0,32320
15664432,727,96297,190458
15688984,595,95830,177739
15583026,535,135919,80426
15771668,578,185967,9445
15779904,597,0,174826
15784323,449,0,175744
15756277,850,92245,54950
15663312,494,112727,183753
15793197,676,100360,46038
15731463,818,105302,78942
15621768,712,112995,198399
15691323,672,89026,188892
15781326,636,95478,169287
15595640,698,0,145004
15814331,597,119127,55810
15602030,717,128207,54272
15747974,614,0,192441
15611315,708,71433,103698
15636977,507,118214,119110
15690337,581,102258,194682
15680666,579,151963,158949
15679551,504,163765,165123
15778915,737,128551,189403
15568849,540,118159,158028
15747762,609,118520,3815
15753679,778,0,162809
15750049,621,163823,89519
15606097,665,104470,25165
15802368,608,0,126013
15767488,680,0,20109
15669946,663,141727,58257
15612103,627,137853,172269
15645353,607,0,29818
15650018,681,154100,114660
15659002,766,0,147185
15616028,694,0,15039
15660475,411,0,76621
15652615,742,140005,92986
15653572,673,127133,6009
15628059,529,0,191371
15703413,519,125329,188226
15610433,573,0,11744
15770548,453,139987,136847
15645637,798,119788,164248
15590888,693,107556,154631
15568326,637,0,149666
15655368,672,0,91575
15665579,597,142706,127233
15676091,543,0,56650
15716984,695,0,84645
15715078,584,161614,148238
15569452,652,116353,193503
15628863,601,60014,38020
15778192,628,0,176751
15793723,607,144272,176581
15798943,646,0,133059
15764708,572,117697,100844
15791040,801,79955,30484
15631512,597,149989,42331
15640106,613,124340,193310
15710315,529,135759,112814
15771535,794,0,68009
15611947,557,83074,132673
15670266,499,141793,22002
15609083,544,0,100200
15567923,739,0,122604
15788183,458,106870,100564
15735782,528,120963,5419
15774401,773,0,123588
15737971,646,0,13935
15758750,564,110527,87061
15611767,624,133723,4860
15643770,682,112670,21085
15744717,726,0,26734
15570681,560,116084,89735
15792650,382,0,179541
15605531,457,0,173219
15605339,673,0,37411
15672216,584,82442,80852
15812893,629,0,43174
15624180,584,134172,70927
15701364,724,0,54266
15762588,644,0,41872
15806318,676,124442,15069
15712596,499,0,25950
15600399,598,0,197727
15576216,655,108863,79555
15620750,559,141099,15607
15623489,543,128844,134612
15667944,679,86844,159831
15584928,594,120075,162962
15779913,586,130232,192427
15644977,776,0,92648
15749679,699,109724,180022
15629010,847,111743,183584
15768465,582,121309,28751
15767781,648,82697,74847
15635364,618,44301,89729
15722004,543,138318,61844
15766044,642,120689,24770
15586680,462,176914,80587
15635388,640,89047,116286
15655175,740,114319,129334
15639133,773,0,129373
15799653,583,94754,18149
15723872,589,0,168369
15775627,509,0,67431
15630704,612,106521,177092
15815534,505,134006,93737
15697249,546,132838,131647
15681316,681,120549,175722
15682523,762,139433,85607
15650244,786,80895,64946
15648638,629,0,190348
15795747,787,171647,100791
15607330,713,109122,167873
15624013,541,109845,25289
15800805,451,140932,20389
15667321,644,0,145090
15601116,686,0,179093
15622033,847,101544,16025
15758451,765,102709,9088
15688689,678,149001,21472
15652674,539,83460,146753
15806327,800,75893,132562
15649618,799,167396,139537
15677117,629,0,133673
15751445,734,71283,38984
15749669,542,0,115218
15656351,414,0,93845
15667438,675,104017,22069
15682273,683,127617,123846
15580912,748,154738,172638
15785183,596,0,1591
15705383,642,125476,91776
15712903,499,176511,153920
15774285,649,110783,71420
15583138,739,141643,172150
15740160,616,0,54707
15793425,560,0,183358
15749265,427,75682,57098
15623989,435,0,156910
15604832,633,0,130225
15584580,443,161111,13947
15573854,727,0,38653
15614847,674,72495,140042
15679966,661,133964,166187
15799435,619,0,139919
15752186,562,0,28137
15705544,633,157201,50369
15713632,551,95679,94978
15586523,720,106231,69904
15609176,688,0,177608
15769308,635,81232,196731
15676810,561,81480,65235
15634591,850,73059,186281
15679804,636,117559,111573
15677764,461,186445,196768
15571917,771,137658,72986
15574608,713,133889,143266
15740868,658,134563,159269
15702442,586,100782,54448
15699797,737,174356,31929
15648047,742,190125,21794
15766826,824,146266,21904
15591628,701,164046,49406
15583857,623,123537,154909
15752534,744,0,182868
15741403,698,171848,16957
15783589,616,0,93718
15598046,662,139562,61636
15643330,594,0,95865
15680405,685,168001,167400
15728683,742,0,131535
15621644,678,123357,92934
15733032,651,0,119809
15608381,585,125846,9439
15658946,579,45409,18733
15757912,722,125978,160162
15645371,613,147262,53631
15653110,694,133767,36405
15766355,550,108807,61447
15585249,741,106037,194687
15611786,668,0,134483
15575486,529,0,37770
15780215,636,0,2383
15686099,563,82182,106827
15739042,767,0,39512
15815316,644,76817,196371
15778489,780,142550,122507
15786389,635,0,61994
15601787,641,103712,192464
15624715,593,0,5195
15763093,540,128370,198256
15572073,663,0,62635
15780256,630,0,114006
15659305,605,166133,107995
15638882,710,148214,48571
15714680,755,121207,76016
15777217,641,0,180808
15739123,737,127553,4225
15594450,695,159459,135841
15797751,466,102086,183536
15691543,558,142537,88792
15722845,665,182782,63733
15605804,737,0,1365
15702061,654,0,149184
15694321,619,0,53394
15798749,845,152064,97910
15720050,727,110998,101434
15758048,582,148942,116944
15805681,716,0,113267
15802809,660,84439,181450
15807239,664,93920,179914
15749093,801,158713,98586
15689344,615,0,120321
15606076,718,123205,100539
15610090,667,72945,98932
15693926,670,178743,194494
15791501,590,0,143628
15621870,739,0,167031
15734711,373,0,77786
15814405,418,0,81015
15729359,837,0,41866
15606944,645,140121,11303
15671934,552,132907,149384
15641773,580,179335,169304
15701972,684,137179,37264
15749114,634,0,19515
15780362,607,119960,103068
15753229,802,127415,134459
15656009,736,0,70497
15785024,629,137409,175878
15670492,737,0,106390
15795458,718,0,52138
15732438,561,0,18523
15781987,641,112495,32232
15775826,677,78133,174226
15807457,641,0,102021
15632538,658,145553,31485
15641389,659,123593,82469
15657306,567,0,110900
15709447,584,146286,105105
15762682,709,111827,12675
15626042,690,0,93256
15597109,627,94417,145300
15756148,765,91550,47139
15665634,645,59569,167723
15739997,716,94465,185901
15686242,771,0,85877
15759244,687,95368,1788
15672027,717,102185,23232
15594576,524,144876,187740
15707138,679,0,100061
15756954,538,0,80131
15619130,752,113291,132468
15639665,846,0,96202
15571065,532,0,94977
15686060,670,111678,178827
15615753,597,131101,192853
15800961,627,76102,177238
15763065,700,0,199754
15672467,766,92511,66194
15752915,488,0,181271
15744695,694,77652,25408
15584897,639,98360,20974
15601857,705,115518,76545
15674156,810,27288,110510
15695465,638,0,164248
15792232,595,0,105150
15807900,575,0,55869
15743760,850,131997,178747
15652835,419,121580,134721
15767818,640,132436,979
15591150,570,0,183387
15734659,640,107978,155876
15796115,689,78120,119259
15724648,725,98684,133721
15737732,751,0,170634
15632280,544,0,125692
15750407,768,129264,19150
15795370,648,131753,86895
15656829,577,0,57976
15643794,639,0,82939
15798605,686,57423,79189
15637324,657,0,5178
15589589,613,144094,44510
15778936,701,147510,190612
15757385,578,161593,177835
15666200,689,0,119447
15683977,687,0,50268
15675518,499,75226,144849
15584812,693,0,81902
15752984,737,87543,42577
15577913,651,144582,87610
15591980,753,122568,82821
15598948,523,172232,155144
15574142,458,171932,9578
15582903,643,0,170393
15733229,638,0,3946
15635752,685,111798,102185
15771000,684,0,75610
15804864,670,79337,26170
15641175,701,120917,144727
15692226,705,142906,58135
15584156,593,0,94620
15702656,651,96835,108765
15606552,741,105262,149504
15687001,596,123544,120315
15781903,581,127914,44206
15731951,689,95329,6130
15580953,544,73219,126797
15810390,718,0,27510
15628274,583,149996,42144
15615444,663,123674,87985
15784010,666,124125,81885
15571586,524,159035,2705
15748616,599,0,30546
15769402,667,156812,149403
15739248,727,0,118429
15603481,689,0,58442
15723604,639,150556,30414
15797822,678,109137,58814
15665064,523,158351,155305
15640580,650,0,187944
15581089,744,0,43037
15728605,697,0,26543
15737385,800,0,171928
15714789,664,0,35611
15786035,740,0,19047
15815259,835,0,39820
15592716,559,0,129014
15734850,676,82729,113810
15638047,613,142765,34750
15674573,713,121173,56269
15694859,751,132932,46630
15776404,523,123374,124907
15579345,775,161372,134870
15690733,608,0,36697
15631481,673,79563,172201
15620988,616,0,137136
15571529,650,138232,57595
15592104,655,0,36548
15651900,782,81571,182960
15596212,781,0,42118
15710687,593,95927,199478
15613787,505,116933,91093
15599211,707,0,14090
15675983,692,79551,178267
15622370,813,116417,85808
15656319,850,88141,109659
15605130,753,177729,161642
15672574,850,0,3831
15659355,671,123913,146636
15777907,791,0,144414
15655171,624,0,65801
15619674,649,108306,192486
15775192,732,102963,120853
15617657,664,103502,146192
15688951,789,119654,148412
15763460,680,183768,164119
15756992,701,0,163458
15617454,684,0,144978
15701932,586,140901,67289
15700813,522,94050,103269
15645600,739,98926,106970
15634146,835,142872,117633
15686743,790,46058,189778
15698792,671,119770,66033
15591724,560,143245,98661
15571281,651,79563,74687
15661380,682,0,149604
15728885,808,0,79889
15618950,644,96660,138776
15609804,688,0,154696
15735849,617,165948,168834
15652948,738,92676,105818
15618155,663,83195,48682
15566378,515,129388,147956
15565879,845,0,56186
15792922,639,130233,81861
15770567,557,123503,69827
15738042,543,140894,118059
15714920,585,163868,112333
15782121,610,0,14547
15673180,727,93817,126172
15660636,540,0,3560
15664504,418,0,88878
15790322,660,114669,84605
15739847,850,146757,78269
15699415,618,150214,120668
15665521,642,111184,10064
15682868,850,99816,163990
15584462,739,0,60584
15661708,508,0,94171
15584452,667,0,167182
15717010,741,0,38915
15643828,592,0,91197
15733361,651,86714,85870
15795488,773,0,57338
15581551,850,132838,175347
15632051,550,128707,63093
15780409,783,0,109743
15572767,777,0,124490
15590337,659,123192,56971
15634551,727,115248,130752
15669290,603,59361,191457
15621140,644,0,96443
15613518,647,112669,122584
15728043,648,138504,57216
15570073,721,0,195941
15777033,524,0,105449
15682454,626,0,37870
15758513,569,0,52535
15772604,578,157268,141533
15721715,769,133871,50568
15688563,694,141989,26117
15772009,664,0,152054
15809585,646,0,1528
15593778,779,46388,127939
15655360,782,148667,2606
15780909,769,115102,57842
15757310,655,148363,186995
15801411,623,0,5549
15761706,705,144102,11682
15658409,686,128877,106939
15810010,678,118448,53172
15627027,738,0,114389
15624374,703,0,2151
15720083,554,0,183493
15752294,582,135979,76583
15743193,644,117272,104218
15696733,724,0,8983
15677522,593,0,9984
15643523,710,0,19500
15624936,631,129205,79146
15716085,739,0,191695
15641688,644,0,59645
15796834,652,104016,55208
15720123,554,0,166177
15604732,483,0,136357
15723484,669,103873,148612
15807120,841,112383,85516
15810891,662,117732,55121
15640407,821,135827,131779
15778838,783,114135,153270
15709256,850,0,164865
15742285,559,118757,20368
15729019,602,98383,39542
15608588,563,100521,19413
15610557,695,79858,127978
15786418,546,0,20509
15653050,719,95052,176245
15744914,539,177729,105014
15669611,632,83117,27598
15594786,772,111566,121073
15649211,708,83016,101090
15766066,668,124511,114258
15772216,738,130653,22762
15619898,785,0,7009
15724543,597,0,81299
15755084,531,121854,147521
15730441,509,0,6178
15666767,508,86893,59375
15690456,749,79523,157648
15570533,621,131034,75686
15797692,659,89940,136540
15603135,634,95727,97939
15698927,675,0,36267
15687363,770,155048,186064
15733444,736,0,176153
15678057,524,118569,82117
15806918,674,0,151925
15638247,700,0,142288
15674833,741,0,36558
15812534,455,0,129975
15586522,608,130461,21967
15794297,776,0,53478
15737025,635,0,178067
15615931,746,0,171040
15664860,692,0,150802
15664539,683,61172,82951
15583692,591,90194,57065
15693131,581,95508,45755
15779973,684,99968,176882
15620557,561,101470,88838
15639549,718,70541,88593
15618750,590,112212,26261
15796790,573,154544,29587
15668309,350,111099,172321
15732437,504,131873,158037
15665158,813,137275,115733
15689322,641,153316,59928
15596624,662,0,44378
15601977,497,121250,79691
15801462,716,109578,51504
15566139,526,53573,62831
15791006,760,58003,90346
15668057,669,113001,40468
15580805,655,0,51621
15658768,547,0,65467
15613048,648,139974,668
15803654,790,151290,172437
15662337,744,121498,106061
15650924,761,103515,177622
15647203,750,0,191521
15682778,680,0,95687
15579820,704,106688,173777
15709354,521,0,113089
15728480,452,0,149615
15641091,695,106089,99538
15603111,850,69608,97893
15679693,625,0,90
15797190,608,96202,161155
15788025,715,0,333
15646168,834,0,66285
15580493,469,127819,163477
15726720,480,0,170333
15735799,527,137318,126145
15773098,834,0,53437
15668971,583,55776,26920
15603221,696,84422,52315
15740043,606,83162,116886
15712264,713,0,126264
15751926,821,87807,64614
15589401,550,0,89216
15742019,675,0,83419
15660611,748,0,123999
15607634,606,95294,96986
15595036,726,92848,146154
15745794,547,0,18472
15781689,758,0,95010
15696054,596,0,121176
15752467,720,0,77048
15597739,674,0,158050
15651336,756,0,147040
15636061,649,68346,142567
15723013,613,76656,185483
15784148,643,0,155871
15578098,600,0,121556
15638621,735,60375,40224
15720924,585,0,75504
15566531,724,88047,186942
15718064,635,0,117174
15605067,472,0,3453
15655335,590,0,48877
15607301,651,129969,11831
15694628,686,157732,162821
15607112,606,0,36541
15635775,781,89276,6959
15644280,593,138825,10829
15708362,793,103730,80272
15771997,791,75499,22184
15730579,850,169445,186335
15728005,698,111360,105715
15791674,846,142389,68394
15754599,765,123311,82868
15693690,574,115533,196258
15728963,617,167274,93440
15659710,581,77887,150319
15658675,710,135796,46524
15638788,550,97514,199139
15609735,533,127546,79559
15771477,779,106160,116894
15570145,763,0,153984
15797149,563,143680,63531
15636912,678,124484,126253
15687828,644,86006,73923
15667424,682,111094,64679
15759872,625,0,157073
15572374,733,0,108378
15754926,512,0,88827
15687431,642,115172,37674
15604515,737,111543,106328
15682839,575,137937,84475
15624677,543,122305,33999
15646366,521,120587,20491
15701768,637,0,197827
15623566,714,46521,96687
15681274,726,105474,46045
15762573,680,0,98950
15706458,812,115731,185599
15654222,757,145396,198341
15704053,710,131078,119349
15724321,516,128299,149614
15621815,803,165527,12328
15724876,560,83714,33246
15696588,679,0,2243
15612832,526,125540,86786
15804295,485,100255,12707
15712536,625,0,41295
15662494,773,138151,177357
15807728,530,0,190664
15764916,616,95984,115263
15615330,651,0,170099
15638487,586,136858,189144
15627859,607,102609,163257
15622192,724,0,95563
15789413,733,0,75273
15583221,667,77357,20882
15768495,700,110923,161846
15644103,659,151676,49979
15741197,710,0,107293
15664547,760,0,32863
15797293,677,0,179609
15572021,798,80204,70223
15637461,758,0,77952
15620577,715,0,55044
15609643,752,115587,101677
15785358,586,106969,79367
15603883,818,0,8037
15782550,490,139659,176254
15775761,610,86038,192743
15680201,627,102773,56793
15767594,533,0,187900
15591985,708,70754,92920
15789339,681,122782,140167
15781530,690,0,155783
15705174,656,153545,186575
15572114,673,121629,3259
15804009,806,167983,106714
15662698,648,81154,144533
15696047,501,99761,13592
15701160,556,125891,74855
15790093,627,0,125451
15632143,652,119149,149740
15736778,807,72949,17355
15734917,708,133974,50294
15643903,619,154484,156395
15569526,601,98627,77978
15777067,445,136771,43678
15795511,800,95253,13906
15610419,554,117414,12767
15644994,714,137987,51309
15703707,656,143572,127444
15659327,520,121198,72577
15771323,480,121627,82438
15750549,660,84440,60486
15698462,532,0,132799
15739692,679,0,71823
15744041,780,140357,117144
15700714,747,0,141706
15777743,705,92225,54517
15623143,732,0,183147
15712568,515,121356,138360
15617432,816,109003,79581
15650424,641,147341,157459
15728829,509,102984,171771
15680430,601,96253,104264
15687626,527,0,167183
15609187,455,155879,70775
15609521,803,142929,114870
15752626,553,64082,109160
15571756,724,0,59352
15814040,610,0,199657
15658211,559,0,121151
15742091,825,118337,26342
15787168,819,168253,102799
15772363,772,101979,90928
15659364,685,164902,141152
15738980,506,0,105569
15794236,642,111813,183045
15721383,627,0,194792
15652981,600,119755,21853
15722731,653,119556,78250
15640507,762,119350,47114
15578878,569,139528,33230
15744295,756,94773,114280
15776558,673,108345,38802
15596136,637,166940,72505
15704597,644,174571,43943
15648272,658,71829,68142
15594915,649,0,109180
15581115,603,76770,48225
15763907,820,104614,61538
15705994,712,0,94545
15772421,645,128928,2850
15711572,705,110942,163485
15691170,590,99250,129629
15600106,631,0,133141
15745431,604,0,188079
15649508,643,0,174729
15812611,690,0,78700
15619699,558,0,198269
15813946,637,104683,55267
15762762,648,118887,51637
15629793,652,156824,198252
15781298,808,124217,171442
15622658,551,144259,49779
15658980,711,128794,19262
15701936,467,126315,32349
15686917,789,0,137402
15807312,602,0,64038
15574523,576,0,68814
15724200,584,115342,173633
15738224,593,99162,128384
15593283,705,156848,99476
15814690,595,105736,89936
15807245,699,200118,94142
15799358,516,62212,171682
15616172,838,0,8223
15777958,587,0,170409
15809124,750,151532,46555
15616367,581,121524,161656
15687385,484,0,74267
15607877,576,0,34101
15736327,567,68239,109573
15746704,638,136809,106643
15778304,646,92398,18897
15588456,658,143566,189608
15664035,590,0,148750
15596405,546,127728,105280
15815097,603,0,167916
15762708,619,119658,8647
15776211,678,0,124593
15626012,459,149880,50016
15792077,671,119860,125423
15718765,501,104533,81124
15576615,719,145383,80409
15752650,681,121231,146366
15797502,706,141079,24403
15687329,763,108466,60552
15779423,716,70658,76476
15619514,507,120105,92075
15615430,678,129647,184125
15716431,775,191092,96170
15798341,544,0,98209
15651958,756,0,157933
15726179,757,131433,3497
15652999,742,137938,51387
15691950,591,0,50123
15632446,667,0,180330
15620936,787,0,13239
15587640,718,93143,167555
15782231,521,0,51454
15580462,607,112544,19842
15736371,633,123034,38315
15648032,588,0,187817
15610454,724,119278,197148
15671358,720,0,163471
15747130,521,0,654
15578374,620,169313,45414
15572182,505,106507,45446
15770041,728,128413,139024
15669414,486,118357,168035
15777054,584,137479,25669
15621021,687,0,8207
15785490,771,105230,16282
15577695,678,148088,14083
15686974,751,0,30165
15574584,670,126680,39451
15719541,675,90826,60271
15646310,684,143583,22527
15697606,637,125712,175072
15711489,760,0,114565
15670427,662,155187,48931
15731755,680,0,187008
15796370,604,155455,113582
15598331,764,100481,124096
15704795,521,0,49054
15796764,684,127586,80593
15589420,795,101891,183045
15810563,678,0,159939
15746569,589,0,95483
15811594,660,128930,198070
15645896,646,121682,61793
15802909,706,139603,86384
15797665,730,0,144099
15778959,606,0,155641
15722532,690,91760,135785
15784124,645,93925,123982
15776518,579,175739,193131
15611247,481,0,145216
15721469,492,170295,164742
15773338,739,101579,72169
15784042,624,118794,95022
15776229,682,115282,23766
15655903,701,107980,119375
15590177,718,133866,139049
15568876,496,102723,180845
15813140,543,0,143980
15770516,616,193213,137393
15755731,635,117006,123647
15574480,652,132863,158054
15798084,688,0,105785
15673020,678,204511,739
15643575,757,65350,64540
15596811,667,139753,79871
15786789,725,0,190777
15578865,632,107959,6985
15605672,694,195926,85523
15603674,803,0,149371
15759915,814,87773,188516
15686219,611,71019,2444
15696388,755,111097,19763
15713604,425,166777,172647
15647800,850,101267,33502
15813451,677,134797,114859
15765375,797,0,162668
15774586,692,118589,161242
15603454,735,160454,114957
15653037,609,0,18709
15782475,700,0,105306
15593496,526,91132,58112
15808971,693,0,135503
15791972,748,0,10792
15676869,657,0,123866
15683007,739,113113,129181
15659495,784,0,6848
15703923,744,190409,138361
15674000,645,0,166707
15618171,669,0,107221
15732202,615,83503,73125
15735078,724,139688,12914
15798615,850,137302,44352
15638494,625,129845,96445
15763874,635,0,60739
15696355,724,125489,118571
15655952,550,0,97057
15739850,645,155418,3449
15611338,714,0,37606
15707861,520,85217,117370
15672237,633,0,100599
15657771,537,0,17802
15677783,764,113607,91094
15681026,795,104553,120854
15566543,573,0,107124
15594612,702,0,59207
15814664,740,126524,136869
15642785,479,117593,113308
15690164,627,83199,159335
15590213,479,125921,20393
15603794,623,118469,158590
15733491,512,153538,23101
15806360,609,0,112585
15587133,518,151027,119377
15721377,833,144752,166473
15747927,758,155740,171552
15806455,611,0,157474
15695474,583,122532,13549
15666295,610,113957,196527
15656062,637,103378,84420
15579969,683,0,24992
15703563,774,93017,191609
15692664,677,90023,2988
15719276,741,74371,99596
15672754,498,152040,53445
15768163,655,137145,115146
15656710,613,0,151325
15696175,602,90602,51695
15586914,659,123841,96833
15581736,673,183580,34048
15588839,606,180308,1914
15589329,775,0,49338
15605622,841,0,179437
15798964,714,35017,53667
15769959,597,88381,69385
15657105,726,0,195192
15569266,644,155060,29180
15719294,800,0,167774
15606229,771,0,96271
15569892,516,57370,101700
15584532,709,0,42086
15682355,772,75075,92889
15628319,792,130143,38191
