Surename,Geography
Hargrave,France
Hill,Spain
Onio,France
Boni,France
Mitchell,Spain
Chu,Spain
Bartlett,France
Obinna,Germany
He,France
H?,France
Bearce,France
Andrews,Spain
Kay,France
Chin,France
Scott,Spain
Goforth,Germany
Romeo,Germany
Henderson,Spain
Muldrow,Spain
Hao,France
McDonald,France
Dellucci,Spain
Gerasimov,Spain
Mosman,France
Yen,France
Maclean,France
Young,Germany
Nebechi,France
McWilliams,Germany
Lucciano,France
Azikiwe,Spain
Odinakachukwu,France
Sanderson,Germany
Maggard,Spain
Clements,Spain
Lombardo,France
Watson,Spain
Lorenzo,Spain
Armstrong,France
Cameron,Germany
Hsiao,Spain
Clarke,France
Osborne,France
Lavine,France
Bianchi,Spain
Tyler,Germany
Martin,Germany
Okagbue,Germany
Yin,Germany
Buccho,Germany
Chidiebele,Germany
Trevisani,Germany
O'Brien,France
Parkhill,Germany
Yoo,Germany
Phillipps,France
Tsao,France
Endrizzi,Germany
T'ien,Spain
Velazquez,France
Hunter,Germany
Clark,Germany
Jeffrey,Spain
Pirozzi,Spain
Jackson,Germany
Hammond,Germany
Brownless,Germany
Chibugo,Germany
Glauert,Germany
Pisano,France
Konovalova,Germany
McKee,France
Palermo,Spain
Ballard,Germany
Wallace,France
Cavenagh,France
Hu,France
Read,France
Bushell,Spain
Postle,Germany
Buley,France
Leonard,France
Mills,France
Onyeorulu,France
Beit,France
Ndukaku,Spain
Gant,Spain
Rowley,France
Sharpe,France
Osborne,Germany
Heap,Spain
Ritchie,France
Cole,France
Capon,France
Capon,Spain
Fiorentini,Spain
Graham,Spain
Yuille,Germany
Allard,Spain
Fanucci,France
Fu,France
Hung,France
Hung,France
Bradley,Spain
Dunbabin,Spain
Mauldon,Spain
Stiger,Germany
Parsons,Germany
Walkom,Spain
T'ang,Germany
Eremenko,Germany
Rowntree,Germany
Thorpe,France
Chiemela,Spain
Fanucci,Germany
Ko,Germany
Welch,Germany
Duncan,France
Chidozie,Germany
Wu,Germany
Culbreth,France
Kennedy,Spain
Cameron,France
Calabresi,Germany
Zetticci,France
Fuller,France
MacDonald,France
Piccio,Germany
Kennedy,France
Fernie,France
He,France
Kaodilinakachukwu,Germany
Cocci,France
Alekseeva,France
Chinweike,Germany
Arthur,Germany
Li,Germany
Ma,France
Chia,Spain
Vasin,Spain
Groves,Germany
Tien,France
Forwood,France
Greeves,Spain
Taylor,France
Madukwe,Spain
Bennelong,Spain
Olisanugo,France
Chukwufumnanya,France
Harris,France
Morgan,Spain
Alexeeva,France
Metcalfe,Spain
Humphries,France
Milne,France
Chou,Spain
Li,France
Clayton,Spain
Maclean,France
Chigolum,Germany
Wilkinson,Spain
Wei,France
Treacy,France
Hu,Spain
Taverner,Spain
Sherman,Germany
Taubman,Germany
Robinson,Spain
Pinto,Spain
Wood,Germany
Hawkins,France
Sun,Germany
Yost,Germany
Ting,France
Rowe,France
Fu,Spain
Ho,France
Okechukwu,Germany
Campbell,Spain
Ashbolt,Germany
Rozier,Spain
Hsia,France
Ogbonnaya,Germany
T'ang,France
Cocci,France
Chang,France
T'ao,France
Ford,Spain
Marshall,Spain
Tsai,Germany
Onwumelu,France
Graham,France
Golovanov,France
Potts,France
Crawford,Spain
Aleshire,France
Moran,Spain
Samsonova,Germany
Jenkins,France
Volkov,France
Chiemezie,Spain
Jude,France
He,Spain
Onuora,France
Ginikanwa,Spain
Ku,France
McDonald,Spain
Collins,France
Hackett,France
Dike,France
Trevisano,Germany
Tan,France
Glassman,France
Miller,France
Kornilova,Germany
Watson,Germany
Marchesi,France
Millar,Spain
Shih,France
Fuller,France
Hay,France
Yang,Spain
McIntyre,France
Stevenson,France
Poole,Germany
Bagley,France
Ch'ien,France
Cattaneo,Germany
O'Sullivan,Germany
Lucas,Germany
Ringrose,France
Freeman,France
Sergeyev,France
Fiore,Germany
Smith,France
Dumetochukwu,Germany
Pacheco,France
Synnot,Germany
Johnston,France
Stevens,France
Grant,Spain
Tsao,Germany
Barnes,France
McIntosh,Germany
Madison,Spain
Ifesinachi,France
Glazkov,Germany
Dimauro,France
Wieck,Germany
Liao,Germany
Hughes,Germany
Morrison,Spain
Matveyeva,France
Ku,Germany
Cheatham,Spain
Yao,Spain
Kirkland,France
Rose,Germany
Jess,France
Welch,Germany
Ifeajuna,Germany
Morton,Spain
Rossi,France
Reppert,France
Kang,Spain
Ch'iu,Spain
Wallis,France
Clark,France
Fielding,Spain
Zetticci,Germany
Dulhunty,Spain
Bevington,Germany
Boyle,Germany
Newton,France
Bowman,Germany
Dubinina,Spain
Toscani,France
Chiazagomekpere,France
Allen,France
K'ung,France
Wilsmore,France
Hargreaves,Spain
Huang,Germany
Ch'ien,France
Wallwork,France
Chu,France
Kang,Spain
Davidson,France
O'Donnell,Spain
Nnachetam,Spain
Chidiebele,Germany
Ahmed,Spain
Booth,France
Chuang,Spain
Shao,France
Tsao,France
Tien,France
Chang,Spain
Johnson,France
French,France
Efremov,France
Hartley,Spain
Calabrese,France
Chiu,France
Brennan,France
Onwuatuegwu,France
Hewitt,France
Shih,Germany
Balashov,France
Doyle,Germany
Pokrovskii,France
Collins,Germany
Russo,France
Skinner,Germany
Robertson,Spain
Atkinson,Spain
Doyle,France
Ritchie,Spain
McEncroe,Spain
Pearson,France
Gordon,Spain
Ts'ai,France
Lung,France
Yuan,France
Pardey,France
Tai,France
Scott,France
Hunter,France
Mazzanti,Germany
L?,Germany
Beach,France
Hsieh,Spain
Faulkner,Germany
Knowles,Germany
Day,Spain
Hsueh,France
Tsao,Germany
Kennedy,France
Nwabugwu,Spain
Young,Germany
Kerr,Germany
Tien,France
Marrero,Spain
White,France
Pisano,France
Brown,France
Freeman,Germany
Russell,Germany
Seleznyov,Germany
Yusupova,France
Foley,Spain
Shih,Spain
Ikedinachukwu,Spain
Power,Spain
Amos,France
Reed,France
Simmons,Spain
Ricci,Spain
Yen,France
Campbell,France
West,Spain
Robinson,Germany
Bianchi,France
Chen,Germany
Madukaego,France
Ibrahimova,Spain
Nolan,Germany
Scott,Germany
Blair,Germany
Monaldo,France
Sutherland,Spain
Cole,Germany
Briggs,Germany
Gregory,Germany
Bianchi,Germany
Angelo,France
Gardiner,Germany
Kerr,Spain
Ko,Spain
Distefano,Spain
Farrell,France
Milano,France
Ting,Germany
Boyd,Germany
Onyemaechi,Germany
Black,France
Oliver,Spain
Greco,Spain
Whitehead,Spain
Ikemefuna,France
Morrison,Germany
Onyeoruru,Germany
Cunningham,Spain
Demidov,Spain
Celis,Spain
Cheng,Germany
Knight,France
Morin,Germany
Mills,France
Outhwaite,France
Tung,France
Pai,Germany
Carpenter,Spain
Fennell,Spain
Fontaine,France
Pratt,France
Mitchell,Spain
Franklin,Spain
K'ung,Germany
Ko,Germany
McKenzie,Spain
Pino,France
Fisk,Spain
Chiang,Germany
Moseley,Spain
Hsiung,Spain
Heath,Germany
Dellucci,France
Li,France
De Salis,France
T'ang,Germany
Richardson,France
Fitch,Germany
Stevenson,France
Estes,France
Lattimore,France
Chung,Germany
Utz,France
Wei,Germany
Boyle,Germany
Nwachinemelu,Germany
Kuznetsova,Germany
Pisani,Germany
Manna,Germany
Collier,France
Ricci,France
Carr,Germany
Hs?,France
Findlay,France
Hughes,Germany
Chukwuemeka,France
Genovese,France
Swift,France
Ugoji,France
Parkinson,Spain
Ross,France
Oleary,France
Turnbull,France
Uspensky,France
Cook,Spain
Newbold,Germany
Uchechukwu,France
Ch'en,Spain
He,Spain
Hilton,France
Sal,France
Eluemuno,France
Titus,France
Yin,Germany
Lettiere,Spain
Templeman,Germany
Chibuzo,France
Sun,Spain
Evans,France
Ogbonnaya,Spain
Enyinnaya,France
Olisanugo,Spain
Brookes,Germany
Padovano,France
Fisk,France
Shih,Spain
Hare,France
Muir,France
Fanucci,France
Elewechi,France
Johnston,Germany
Pisano,Germany
Ankudinov,France
Nwokike,France
Smith,France
Atkins,Spain
Burns,France
Obiuto,France
Pirozzi,Germany
George,Spain
Lewis,France
Moran,France
Dalrymple,France
Carslaw,France
Kirby,Germany
Houghton,Spain
Martin,France
Tan,France
Hsia,France
Westerberg,France
Hale,Germany
Kryukova,France
Sopuluchukwu,France
Barry,Germany
Selezneva,France
Chizuoke,Spain
Lueck,France
Udinese,France
Udobata,Spain
Freeman,Spain
Outlaw,France
Obiuto,Germany
Lo,Germany
Okechukwu,France
King,Spain
Forbes,Germany
Macleod,Germany
Gibbs,Spain
Isayev,France
Pisano,France
Belstead,Spain
Vassiliev,France
Schneider,Germany
Mazzanti,France
Knipe,France
Macartney,France
Madukwe,France
Watts,Spain
Humphreys,Germany
Wu,France
Chin,France
Chesnokova,France
Kung,France
Lu,Germany
Nkemakolam,France
Walton,Spain
Brookes,Spain
Baldwin,France
Mai,Spain
Shih,France
He,France
Fiorentini,Germany
Lucciano,Spain
Ferreira,Germany
Ukaegbunam,Germany
De Luca,France
Milne,France
Davide,France
Kodilinyechukwu,Spain
Little,France
Burns,Spain
Paterson,France
Han,Germany
Kryukova,France
Ijendu,France
Reichard,Germany
Day,Germany
Price,Spain
Bruce,France
Sumrall,Germany
Lu,Spain
Lazarev,Germany
Miller,Germany
Wentworth-Shields,Spain
Ritchie,Spain
Mackenzie,Germany
Power,Spain
Tan,Spain
Pendergrass,France
Evans,Spain
Hsia,France
Billson,Spain
Teng,Spain
Moretti,Germany
Jordan,France
Ts'ao,France
Osborne,France
Carslaw,France
Ch'ang,Spain
Hung,Spain
Gordon,France
Obialo,Spain
Gray,France
Lin,France
Hopkins,France
Dobson,Spain
McKay,Spain
Revell,Spain
Rickards,Germany
Begum,Germany
Onyinyechukwuka,France
Zuyev,Spain
Nwankwo,France
Hao,France
Ma,Spain
Okwuadigbo,Germany
Mitchell,France
Chan,France
Buchi,Spain
Greco,Spain
Lombardi,Germany
Uchenna,Spain
Coffman,Germany
Alexandrova,Germany
Fallaci,Germany
Hudson,France
Mai,Spain
Stout,France
Burke,France
Chadwick,France
Lawrence,France
Bellucci,France
Harper,France
Boyle,France
Duncan,Germany
Moss,France
Avdeyeva,France
Crawford,France
Lynton,Spain
Duncan,Germany
Gether,Spain
Davidson,Spain
Larionova,Germany
Loggia,Spain
Steinhoff,Spain
Guerra,France
Pai,Spain
Craig,Germany
Lazareva,Germany
Ch'iu,Spain
Alderete,Spain
Kung,France
Palermo,France
Ts'ai,France
Rahman,Spain
McMillan,France
Pickering,Germany
Mirams,Spain
Tsao,Germany
Douglas,France
Jideofor,Spain
Bell,Spain
Mairinger,France
McIntyre,France
Pagnotto,France
K'ung,Spain
Feng,France
Donaldson,France
Chambers,Germany
Marcelo,France
Ejimofor,France
Dale,France
Pokrovsky,France
Stonebraker,France
Liang,France
Anderson,France
Christian,France
Mao,France
Campbell,Germany
Ginikanwa,Spain
Toscani,Germany
Nnachetam,Spain
Sagese,Germany
Fleming,France
Grubb,France
Napolitani,Germany
Anenechi,Spain
Chandler,France
Howells,France
Akeroyd,France
Onwumelu,France
Wallace,France
Uwaezuoke,France
Loyau,Spain
Small,France
Bledsoe,Germany
Kao,France
Wickens,France
Wertheim,Spain
He,Spain
Jarvis,France
P'an,Spain
Repina,Germany
Pugliesi,Spain
Blakey,Spain
Nucci,France
Higinbotham,Spain
Achebe,Germany
Russo,Germany
Trevisani,France
Dobie,Spain
Maccallum,France
Watkins,Germany
Mitchel,France
Ferdinand,France
Otitodilinna,Germany
Mamelu,France
Beneventi,Germany
Perrodin,France
Chinagorom,France
Napolitano,France
Edgar,Spain
Walker,Germany
Steele,Spain
Elkins,Germany
Hao,France
Toscano,France
Savage,Spain
Okwuadigbo,Spain
Mordvinova,Germany
Welch,Germany
Kent,Germany
Campbell,France
Cooper,France
Mazzi,France
Fisher,France
Summers,Germany
Brady,Spain
Nicholls,France
Yuan,Spain
Robinson,France
Golubov,Germany
Chen,Spain
Oldham,France
Kambinachi,France
Fleming,Spain
Cunningham,Spain
Obinna,France
Chinwemma,France
Carpenter,France
Yin,France
Olsen,France
Ts'ai,France
Jen,France
Preston,France
Ozioma,France
Cody,France
Ponomarev,Spain
Martin,Germany
Milani,Germany
Tang,France
Romani,Spain
McIntyre,France
Davis,France
Onyemauchechukwu,France
Gell,France
Rossi,France
Chiwetelu,France
Kirillova,France
Shaw,France
Smith,France
Hsieh,France
Onyemauchechukwu,Spain
Martin,Spain
Okwudilichukwu,Germany
Onuoha,France
Muecke,Germany
Hsieh,France
Anderson,Germany
Azubuike,Spain
Nnonso,France
Fuller,Germany
Ashley,Spain
Ts'ui,France
Buccho,France
Chidozie,France
Maclean,France
Burns,Germany
Chu,Germany
Kenenna,Germany
Beluchi,Spain
Williamson,France
Bobrov,Germany
Kerr,Spain
McKenzie,France
Pitts,Germany
Standish,France
Cartwright,France
Johnstone,France
Nikitina,Germany
McElroy,France
Shen,Germany
Archer,Spain
Otutodilinna,France
Shih,Spain
Denisov,France
Owens,France
P'eng,France
Verco,France
Bergamaschi,Germany
Lorenzo,Spain
Outtrim,France
Hou,Germany
Galkin,Spain
Pagnotto,Spain
Echezonachukwu,France
Young,France
Summers,Germany
Munro,Germany
Brennan,France
Ball,Germany
Virgo,France
Trevisani,Germany
Padovano,France
Tao,Germany
Perez,France
Fraser,Germany
Alley,Germany
Howells,Spain
Cameron,France
Hooper,Spain
Rice,France
Cox,France
Martin,Germany
Ikenna,France
Davide,France
Alexander,Spain
Piazza,Spain
Ni,Germany
Black,France
Harker,France
Hughes,France
Chiabuotu,Germany
Kuo,Spain
Gallagher,France
Calabresi,Germany
Shaw,France
Zhirov,Spain
Lloyd,Spain
Palmer,Spain
Ch'eng,Germany
Avent,France
Huang,Spain
Shaw,Germany
Yuan,France
Hawkins,France
Trentini,Spain
Cameron,Germany
Koehler,Germany
Wu,France
Manna,France
Okoli,Spain
Ch'eng,Germany
Nwokezuike,Spain
Artemiev,France
Esposito,Germany
Abbie,France
Fanucci,Germany
Jen,Spain
Moss,France
Lo,France
Averyanov,Germany
Unaipon,France
Clamp,Spain
Lim,France
Wu,Germany
Wan,Germany
Chambers,Germany
Pettit,France
Baresi,France
Newbery,Spain
Iheanacho,Germany
Duncan,Spain
Barry,Spain
Landry,France
McGregor,France
Nucci,France
Pirogov,France
Oguejiofor,France
Ugochukwu,France
Rohu,Germany
Cary,France
O'Loghlen,France
Quinn,Germany
Page,France
Evans,France
McGregor,Germany
Andrews,France
Stanley,France
Chiazagomekpere,France
Chidiebele,France
Gregory,Germany
Bednall,Spain
Jen,France
She,France
Simmons,France
Fraser,France
May,France
Seabrook,France
Herrera,France
Kincaid,France
Sleeman,Spain
Hung,France
Artemieva,Germany
Barwell,France
Wright,Spain
Bellucci,Germany
Moore,France
Ball,France
Sung,Germany
Mello,Germany
Mistry,France
T'ien,France
Fallaci,France
Hill,Germany
Burns,Germany
Hunter,France
Li,France
Ku,France
Ch'en,France
Chukwukadibia,France
Zikoranachidimma,France
Oluchukwu,France
Rivera,Spain
Niu,Spain
Bennett,France
Wollstonecraft,Spain
Thomsen,Spain
Palermo,Germany
Chinwendu,France
McKenzie,France
James,France
Lamb,France
Olejuru,Spain
Hay,Spain
Lu,France
Chiawuotu,Spain
Yeates,France
Gallagher,Germany
Heath,France
Ts'ai,Germany
Thurgood,Spain
Pai,Germany
Lorenzo,Germany
Knupp,France
Baryshnikov,Spain
Azubuike,Germany
Shephard,Germany
Scott,Spain
Williamson,Spain
Avdeeva,France
Tang,France
Hsu,Germany
Buchanan,France
Yeh,France
Palazzi,Spain
Y?an,France
Lin,France
Schofield,Germany
Lombardi,France
Wall,Spain
Milani,Spain
Ejimofor,France
Blackburn,France
Wickham,France
Bird,France
Ch'en,Germany
Wood,Germany
Brizendine,Spain
Ch'in,Spain
Yusupov,France
Jibunoh,Spain
Ts'ui,Spain
Ndukaku,Spain
Wilder,France
Maclean,Germany
Ch'iu,Spain
Cox,Spain
Nepean,Spain
McNess,Germany
Coles,France
Benson,France
Gilbert,Spain
Wilhelm,France
Sinclair,Germany
L?,France
Buckner,France
Padovesi,Germany
Gray,Spain
Lu,France
Wright,Spain
Palerma,France
Y?an,France
Wei,France
Padovesi,France
Tsao,France
Franklin,Germany
Clark,France
McGregor,Germany
Pan,France
Kenniff,Germany
Spencer,France
Lees,Spain
David,Spain
Hsing,France
Burke,France
Watson,France
Hawkins,Germany
Ginn,Spain
Sozonov,Spain
Sun,Spain
Hunter,Spain
Manfrin,Spain
Artamonova,Germany
Hansen,France
Pai,Germany
Larsen,France
Owen,Germany
Murphy,France
Ekechukwu,Germany
Ayers,Germany
Johnson,Spain
Millar,France
Farrell,France
Sanders,Spain
Herrera,France
Eberechukwu,Spain
Bardin,France
Nwankwo,Spain
Talbot,Spain
McGregor,France
Onyeorulu,Germany
Goold,Germany
Zikoranaudodimma,Germany
Garner,France
Onyinyechukwuka,France
Genovese,Spain
Mai,France
Marshall,France
Naylor,France
Pinto,France
Fulton,France
Palerma,Germany
McCaffrey,Spain
Collins,Spain
Zuev,France
Crawford,France
Genovese,Spain
Maclean,France
Fabro,France
Price,Spain
Chatfield,France
Volkova,France
Archer,France
Ch'iu,France
McKay,Spain
Craig,France
Abramovich,Spain
Chien,France
Timms,France
Williford,Spain
Hamilton,Spain
Cheng,France
Su,Germany
McKenzie,Germany
Akobundu,France
Ko,Spain
Marcelo,Germany
Chukwuebuka,Spain
MacDonald,Spain
Lampungmeiua,Spain
Tai,Spain
Enyinnaya,France
McKenzie,Germany
Kline,France
Ma,Spain
Wood,Spain
Riggs,Germany
Capon,France
Smith,France
Davison,France
Ingram,France
Dilke,Germany
Gibson,France
Iadanza,France
Hebert,Germany
Pinto,Germany
Dumetochukwu,Spain
Ross,Spain
Jamieson,France
Chiganu,Germany
Burgess,Spain
Cheng,France
Woods,Germany
Liang,France
Bluett,Germany
Chapman,Spain
Andrejew,Spain
Udobata,France
Ejimofor,France
Spyer,France
Walker,France
Palermo,France
Philip,Spain
Fallaci,France
Perry,Germany
Henderson,France
Bergamaschi,France
Fokine,France
Mackay,France
Wu,France
Maslova,Germany
Wei,France
McLean,France
Sung,Spain
Paterson,France
Fanucci,Spain
Thompson,Spain
Tisdall,Germany
Onochie,France
Mironova,France
Ndubueze,France
Stephenson,Germany
Golubev,Germany
Liao,France
Mullan,France
Glover,Germany
Northey,France
Paterson,Germany
Maclean,France
Howarde,Spain
Teng,France
Colman,France
Johnson,Spain
Butcher,Spain
Stanley,Germany
Jackson,France
Hu,Germany
Hill,Germany
Pan,Spain
Han,Germany
Wilkie,Spain
Bray,Germany
Ann,France
Souter,France
Greco,Germany
Mao,Spain
Anderson,France
Ma,France
Black,France
Medvedeva,Germany
Benson,France
Duncan,France
Onwudiwe,Germany
Mitchell,Spain
Ferrari,France
Russo,France
Hazon,Spain
Henderson,France
Hardy,Germany
Piccio,France
Dickson,Germany
Holden,Germany
Hsieh,Spain
Doherty,France
Page,France
Samuel,Spain
Malloy,Germany
Fitts,Germany
Iadanza,Spain
Wu,France
Yefimova,France
Pan,Spain
Ts'ui,Germany
Liang,Spain
Tsao,France
Abramov,France
Millar,France
Demuth,Germany
Genovese,France
Lawless,Germany
Brooks,Germany
Ignatyeva,France
Balmain,France
Millar,France
Ecuyer,Spain
Parkhill,Germany
Li Fonti,Germany
Beneventi,Spain
Despeissis,Spain
Atkins,Spain
Williams,France
Wright,France
Hancock,France
Hsieh,Germany
Wilkins,France
Longo,Germany
Mancini,France
Madukaego,France
Winter-Irving,Germany
Stewart,France
Grant,France
Brennan,France
She,France
Murray,France
Rischbieth,France
Lung,Germany
Otutodilichukwu,Spain
Thomas,Spain
Fiorentini,France
Hughes,France
Whitworth,Germany
McIntosh,Spain
Ayers,France
Trentino,France
Boyd,Germany
McMasters,Germany
Alekseyeva,France
Miller,France
Baranova,France
Mitchell,France
Yobachi,Spain
Huang,Germany
Genovese,France
Sorokina,France
Gray,France
Ervin,France
Vance,Spain
Noble,France
Milanesi,Spain
Parkin,Spain
Cremonesi,France
Burns,Germany
Docherty,France
Ugonna,Germany
L?,Germany
Bevan,France
Hsia,France
O'Neill,Spain
Johnstone,Spain
Pham,Spain
Bergamaschi,Germany
Murphy,France
Osinachi,France
Muravyov,Spain
Igwebuike,Germany
Zack,Spain
Crawford,Germany
Chidiegwu,Germany
Lucchesi,France
Pan,Germany
Trevisani,Germany
Yudin,France
Wade,France
Chung,France
Septimus,France
Hargraves,France
Chukwukadibia,Germany
Sidorov,Germany
Bunton,Germany
Cameron,France
Kung,France
Hay,France
Conti,Spain
Sims,France
Carter,Germany
McGregor,Germany
Lo,France
Chu,Germany
Dumetolisa,France
Peng,Spain
Drake-Brockman,France
Wan,France
Cameron,France
Tretiakov,Germany
Ball,Germany
Sal,Germany
Chung,Spain
Lai,France
Gether,Spain
Davidson,France
Justice,France
Osonduagwuike,Germany
Ewing,France
Chin,France
Chiang,Germany
Ahmed,France
Marshall,Germany
Tsou,France
Chien,Spain
Ubanwa,France
Kapustin,Germany
Calabresi,France
Hsiao,Spain
Grant,France
H?,Spain
Chia,Spain
Ugoji,France
Gregory,France
Mackay,France
Nnamutaezinwa,Spain
Findlay,Spain
Ferri,Spain
Ku,Spain
Amechi,Germany
Kirk,Germany
Andrews,Spain
Murray,France
Griffin,France
Longstaff,France
McWilliam,Spain
Coffee,Spain
Hancock,France
Clark,France
Creswell,Germany
Dodds,France
Ewen,Spain
Carter,France
Ch'iu,Germany
Tsao,France
Burgess,Germany
Fanucci,Spain
Blackburn,Spain
Bennett,France
Boniwell,Spain
Vasilieva,Germany
Longo,France
Kwemto,France
Lawrence,France
Duncan,France
Bocharova,Spain
Morres,France
Shih,France
Vogel,France
T'an,Germany
Wisdom,France
Lorenzo,France
Shahan,France
Bryant,Spain
Liang,Germany
Chidozie,France
Hayward,France
Liu,Spain
Alexeeva,Germany
Calabresi,France
Lettiere,Spain
Chou,Germany
Nnamutaezinwa,France
Nnamutaezinwa,Germany
Greece,Germany
Yin,Spain
Larionova,Spain
Golubev,Germany
Norman,France
Capon,Spain
Chukwudi,Spain
Fedorov,France
Avdeeva,Spain
Reid,Spain
Kennedy,Germany
Chan,Spain
Wofford,France
Mai,France
King,France
T'ao,Spain
Hsu,France
White,France
Stephens,Germany
Frolov,Spain
Lombardi,Spain
Munro,Spain
Hayward,France
Fields,France
Onwumelu,France
Suffolk,France
Tsao,Germany
Judd,France
Hamilton,Germany
T'ang,Spain
Degtyarev,Germany
Kang,France
Hudson,Spain
Jibunoh,Germany
Kinlaw,Spain
Chizuoke,Germany
Lucciano,France
Omeokachie,France
Gorbunova,France
Tikhonov,Germany
Campa,France
Mancini,France
Donoghue,France
Tuan,Spain
Johnstone,Spain
Romani,Germany
Fuller,Germany
Baxter,France
Pirozzi,Spain
Sung,France
Rogers,Spain
Mills,France
Osonduagwuike,France
Byrne,France
McIntyre,France
Aitken,France
Macintyre,France
Simpson,Germany
Simpson,Spain
Metcalfe,France
Lees,France
Zetticci,Spain
Dale,Spain
Byrne,Germany
Praed,France
Laurens,Spain
Woods,France
Bykov,Spain
Vorobyova,France
Pirogova,France
Sturt,Spain
Panicucci,France
Cook,Spain
Hardy,France
Chu,France
Franklin,France
P'eng,France
Chiang,Germany
Grant,Germany
Udobata,Germany
Siciliani,Germany
Evans,Germany
Young,Spain
Mitchell,Germany
Lucchese,Germany
Hewitt,France
K'ung,Spain
Swaim,Germany
Quinones,Spain
Kennedy,Germany
Endrizzi,Spain
Ludowici,France
Larson,France
Chigolum,Germany
Maclean,France
Lu,France
Tuan,France
Glover,France
Landman,Spain
Trevisano,France
Longo,France
K?,Spain
Muir,Germany
Alexeyeva,France
Norman,Germany
Simmons,France
Chukwualuka,Germany
McCall,Spain
Moore,France
Ingram,France
Okeke,France
Shao,France
Iloabuchi,France
Nebechukwu,Spain
Diribe,Germany
Macgroarty,Germany
Artemova,Spain
McDonald,France
Mazzanti,France
Kelly,France
Davison,Spain
Reilly,Germany
Ojiofor,Spain
Shelton,France
Lange,France
Trentini,France
Gardiner,France
Wan,Spain
Hsu,Germany
Hovell,France
Zhirov,Spain
Espinosa,France
Wallace,France
Barbour,Germany
Ozerova,France
Wright,Germany
Ulyanova,Germany
Steiner,France
Akabueze,Spain
Aleksandrova,France
Pinto,Germany
Griffiths,France
McNeil,France
Bruno,France
Johnson,France
Okorie,Germany
Moen,France
McGuigan,Spain
Fancher,France
Matthews,France
Kaeppel,Spain
Shih,France
Yudina,France
Akabueze,Spain
Kornilova,Spain
Ozioma,France
Su,Spain
Jamison,Germany
Esposito,Spain
Hardiman,Spain
Woodard,France
Chienezie,Germany
Okwuadigbo,Spain
Chineze,France
O'Brien,Germany
Tao,France
Mao,France
Buckland,France
Flannery,Germany
Jamieson,France
Swift,France
Doherty,Germany
Payne,France
Genovese,Germany
Lucciano,France
Rowley,France
Hsing,France
Vincent,Spain
Pearce,France
Lamb,France
Riley,Spain
Honore,Spain
Blackburn,France
Endrizzi,France
Duncan,Spain
Macarthur,France
Gould,Germany
Medvedev,Spain
Sholes,France
Shaw,Spain
Ts'ai,France
Rolon,Spain
Reid,France
Chinwendu,Germany
Fu,France
Mackenzie,Spain
Bligh,France
Davidson,France
Lamble,Germany
Moore,France
Jose,Germany
Trevisani,Spain
Schofield,France
Stewart,France
Jamieson,Spain
Howard,France
Onwuamaeze,Germany
D'Albertis,Germany
Brooks,France
Gordon,Spain
Nwachukwu,Spain
Chinweike,Germany
Simpkinson,Germany
Walker,Spain
Diribe,Spain
Trentini,France
Conway,Spain
Maslow,Spain
Clark,France
L?,France
Swadling,France
Gallo,France
Onyemachukwu,Spain
Samoylova,Germany
Dickson,France
He,Germany
P'an,Germany
Leak,Germany
Artemieva,Germany
Frost,Spain
Warner,Germany
Kennedy,France
Ifeatu,Germany
Evans,France
Chu,France
Hsueh,Germany
Shih,Spain
Fan,France
Whiddon,France
Onyekachukwu,France
Ermakova,Germany
Marino,France
Niu,France
Manna,Spain
Onyemere,France
Archer,Germany
Mitchell,France
Everingham,Germany
Huie,France
Crowther,France
Swift,Spain
Skelton,France
White,France
Giordano,France
Bateson,France
Hu,Germany
Day,Spain
Beneventi,France
Elizabeth,Spain
Atkins,Spain
Serrano,Germany
Willis,France
Stevenson,Germany
Ch'ien,France
Cunningham,Germany
Stephens,France
Gordon,France
Bevan,France
Mashman,France
Tu,Germany
Milanesi,France
Romano,Germany
Goliwe,Germany
Hsueh,France
Gray,France
Wright,France
Chiemeka,France
Chung,Germany
Pinto,France
Kellway,Germany
Sopuluchi,France
Spitzer,Germany
Potter,France
Matthews,Spain
Nicholls,France
McDonald,France
Fiorentini,Germany
Kovalyova,Spain
Miah,France
Builder,France
Baddeley,Spain
Hu,France
Hs?,France
Ford,France
Todd,Spain
Johnston,Germany
Obiajulu,Germany
Azubuike,Spain
Padovesi,France
Farmer,France
Ignatieff,Spain
Lu,France
Artemiev,France
Okonkwo,Spain
Dore,France
T'ang,Germany
Ashbolt,Spain
Bazarova,Spain
Buccho,Spain
Burn,France
Andreyev,France
Endrizzi,Germany
Brown,Germany
Nock,France
Okeke,Germany
Cunningham,Spain
Kelley,France
Wilson,Spain
Woods,France
McFarland,France
Cisneros,France
Borchgrevink,France
Rozhkova,Germany
Bradley,Germany
Obialo,France
Hudson,Spain
Veltri,France
Mazzanti,Germany
Thorpe,Germany
Golibe,Germany
Udinesi,France
Stewart,France
Curtis,France
Hayden,Spain
H?,France
Campbell,France
Green,Spain
P'eng,Germany
Cremonesi,France
Liang,Germany
Gough,Germany
Bates,Spain
Padovesi,Spain
Yin,Spain
Kharlamov,France
Nicholls,France
Burns,Spain
Fleming,Spain
Watson,France
Obiajulu,France
Han,France
Ferguson,Germany
Tao,Spain
Le Grand,Spain
Valdez,France
Cunningham,Spain
Godfrey,Spain
Mai,Spain
Walker,France
Pirozzi,Spain
Feng,France
Akabueze,France
Robson,Germany
Yevdokimova,France
Ijendu,Germany
Colombo,Germany
Akubundu,France
Francis,France
Marshall,Spain
Rhodes,Germany
Y?,France
Bell,France
Kerr,Spain
Jideofor,France
Robertson,France
Kao,Spain
Palmer,Spain
Mackay,Germany
Burgmann,Spain
Davis,France
Milano,Germany
Dellucci,Germany
Coles,Spain
Gray,Spain
Macvitie,Spain
Townsend,Spain
Pope,Germany
Jensen,France
Thomson,Spain
Chiazagomekpele,France
Ozuluonye,Germany
Wright,Germany
Lung,Germany
Lombardo,Spain
Leonard,Spain
Johnston,France
P'eng,France
Amechi,Spain
Fang,France
Docherty,Germany
Horton,Germany
Vincent,France
Onio,Germany
Schiavone,Spain
Chandler,Spain
Fiorentino,France
Butusov,France
Wang,France
Alexeieva,Germany
Vinogradova,France
Hughes,France
Ts'ao,France
Bage,Spain
Yudina,Germany
Naquin,Germany
Endrizzi,France
Tang,Germany
Schroeder,France
Swearingen,Germany
McGregor,Spain
Onyeorulu,Germany
Clarke,Spain
Smith,France
Kozlova,Germany
Nekrasov,Germany
Olague,France
Holt,France
Olsen,France
Mazzi,France
Niu,France
Graham,France
Millar,Germany
Bell,France
Kelly,France
T'an,Spain
Davila,Germany
Willis,Spain
Dumetochukwu,France
Giles,Germany
O'Meara,Spain
Yao,France
Wallace,France
T'ien,France
Ndubueze,France
Chukwuraenye,France
K'ung,France
Stevenson,France
Marshall,Spain
Hayward,France
Tipton,Spain
Gibson,France
Fraser,Germany
Fang,Spain
Dubinina,France
Morey,France
Todd,Spain
Forbes,Germany
De Salis,Spain
Barry,Spain
Afamefuna,Spain
Ibbott,France
Marshall,Germany
Law,France
Pinto,Germany
Chinedum,France
McKay,Spain
Otutodilinna,France
She,France
Pai,Spain
Kruglov,France
Chin,France
King,Germany
Hansen,France
Ting,France
Stone,France
McLean,France
Zikoranachidimma,France
Fu,France
Trevisano,Germany
Fallaci,France
Wiley,Germany
Chiagoziem,France
Murray,France
Chuang,Germany
Huang,Spain
Chukwukere,Spain
Hsia,Spain
Lee,Spain
Theus,Spain
Jennings,Germany
Parker,France
Tan,Germany
Barry,Germany
Tuan,Spain
Patterson,Spain
Ofodile,Germany
Chandler,France
Nash,France
Atkinson,France
Brenan,Germany
Obidimkpa,Spain
Terry,Germany
Spring,Spain
Mahmood,France
Campbell,Germany
Bellucci,France
Amaechi,Spain
Foxall,France
Bentley,Spain
Baird,France
Howard,France
Henry,France
Sopuluchukwu,Spain
Rocher,Spain
White,Germany
Komar,Spain
Russo,Germany
Loewenthal,France
Aliyeva,Spain
Montes,France
Kuo,Germany
Cheng,France
McIntosh,Spain
T'ao,France
Tyndall,France
Bailey,France
Onyekaozulu,Spain
Nwachukwu,Germany
Romani,France
Chin,Spain
Bellucci,France
Christmas,France
Moore,France
Genovesi,France
Cartwright,France
Johnstone,Germany
Warner,Spain
Stephenson,Spain
Ellis,Spain
Nebechi,Germany
Chu,Spain
Onuchukwu,Spain
Steele,Germany
Quaife,Spain
Scott,Spain
Yeh,France
Y?,Germany
Conti,Spain
Holder,France
Burgess,Germany
Ozuluonye,France
De Luca,Spain
Li Fonti,Spain
Freeman,Spain
Pisani,France
Ignatieff,France
Lahti,France
Perkins,France
Conway,Germany
Hayes,France
Rizzo,Spain
Krylov,France
Li Fonti,Spain
Talbot,Spain
Matthias,Germany
Boyle,Spain
Ch'eng,France
Mason,Spain
Bruno,Spain
Smeaton,Spain
Miller,Spain
Gotch,Germany
Fu,France
O'Toole,France
Ledford,Spain
Iadanza,Spain
Alaniz,Spain
Saunders,France
Lin,Germany
Pinto,Germany
Streeter,Spain
Shaw,Spain
Chen,Germany
Barclay,Germany
Kodilinyechukwu,France
Otitodilichukwu,France
McKenzie,France
Woods,France
Hsing,France
Wheare,France
Yobachi,France
Fang,France
Pearson,France
Brown,Germany
L?,Germany
Padovesi,Spain
Soto,Germany
Greco,France
Giordano,Spain
Bogle,Germany
Grimmett,Germany
Ayers,France
Miller,Germany
Webb,France
Lombardi,France
Wei,France
Ross,Germany
Jideofor,Spain
King,France
Nwokeocha,Germany
Humphries,Spain
Olisaemeka,France
Yobanna,Germany
Ch'iu,France
Fleming,Spain
Trevisan,France
Aleksandrova,France
Onwuamaeze,France
Knox,Germany
Chia,France
Townsend,Spain
Dike,Germany
Moyes,France
Beavers,France
Tretiakova,France
Fuller,France
Dellucci,Spain
Ritchie,Spain
Aikenhead,Spain
Douglas,Germany
Kung,France
MacDonald,France
Okwudilichukwu,Germany
Ni,Spain
Simmons,Spain
H?,France
Hancock,France
Cran,Spain
McKay,Spain
P'an,France
Parkhill,France
Golubova,France
Nwankwo,Spain
Johnson,Spain
Mao,Germany
Echezonachukwu,France
McElyea,France
Rosas,Spain
Phillips,France
Palerma,Spain
Morris,Spain
Pavlova,Spain
Lu,Germany
Yamamoto,France
Angelo,Spain
Zaitsev,Spain
Cawker,Spain
Froggatt,Germany
Gorbunov,France
Tai,Germany
Rowe,France
Mikkelsen,France
Kovalyov,France
Mbanefo,France
Ts'ai,France
Enderby,Germany
Lombardi,France
Hamilton,France
Hsia,France
Mao,France
Ugochukwu,Germany
West,Germany
Hughes,France
Chukwuemeka,Germany
Lira,France
Li,Germany
Castiglione,Spain
Paterson,France
Blair,France
Dellucci,Germany
Udinesi,France
Yuan,Germany
Yuryeva,France
Wilson,Spain
Dean,Germany
Ross,France
Kent,Germany
Vasiliev,Germany
Golibe,Germany
Chukwukere,France
Fedorova,Spain
Chien,France
Rossi,Spain
Samson,France
Fenton,France
Mackey,France
Payton,Spain
Cowger,France
Banks,Germany
Pugliesi,Spain
Fantin,Germany
Bentley,France
Freeman,Spain
Wong,Spain
Onwuamaeze,France
Shen,Germany
Huang,France
Yeh,France
Shih,Germany
Henderson,France
Fang,France
Dellucci,France
Chou,Germany
Conti,France
Roberts,France
Lo Duca,France
Glover,France
Johnstone,France
Ashton,Germany
Melton,France
Marshall,France
Kenenna,Germany
Zakharov,Spain
Chukwualuka,France
Chu,France
Capon,Spain
Cattaneo,Spain
Patrick,Germany
Taylor,Germany
Stephenson,Germany
Yeh,France
DeRose,France
Vavilov,Germany
Browne,France
Collingridge de Tourcey,Spain
Rowe,Germany
Jibunoh,France
Korovin,Spain
Hammonds,France
Ward,Spain
Olisanugo,Germany
Gallop,Germany
Gartrell,France
K'ung,Spain
Oluchi,France
Jamieson,France
Barlow,France
White,Germany
Stewart,Spain
Buccho,France
Benson,France
Thompson,Germany
Todd,Spain
Burgin,France
Nnaife,Germany
Okwudiliolisa,France
Johnson,Spain
Parkes,France
Lo,Spain
Martin,France
Kapustina,Spain
Page,Germany
Amaechi,France
Munro,Spain
Panicucci,France
Greathouse,France
Ts'ui,France
Napolitani,Spain
Beers,Germany
Tretyakova,France
Lin,France
Costa,France
Ibezimako,Germany
Marcelo,Spain
Hay,Germany
Moore,Spain
Lumholtz,Germany
Simpson,France
Hill,Spain
Mouzon,Germany
Wu,Spain
Pirozzi,Germany
Ibeabuchi,France
Garnsey,France
Synnot,France
Wildman,France
Anenechukwu,Germany
Tai,France
Plant,Spain
Azubuike,Germany
Galkin,France
Johnston,France
Babbage,France
Walker,Germany
Rice,France
Norton,France
Bogolyubov,France
Gibbons,France
Chia,Spain
Smith,France
Hunter,France
Ekechukwu,Germany
Bellucci,France
Ford,France
Scott,Spain
Gregson,France
Moore,France
Wallace,France
Cook,France
Speth,France
Boag,Spain
Grave,Spain
Streeten,France
Fox,France
Artemyeva,Spain
Giordano,Spain
Perkins,France
Walton,France
Hay,France
Gardner,France
Milne,Germany
She,France
Hu,France
Uwakwe,France
Bird,France
Anderson,France
Bellew,France
Cocci,Germany
Krichauff,France
Cameron,France
Becker,Spain
Ainsworth,France
Biryukov,France
Redding,France
Wood,Germany
Scott,Germany
Gould,France
Hao,Germany
Power,Germany
White,France
Thorpe,France
Tuan,Germany
Inman,Spain
Hanson,France
MacDonald,Spain
Parkes,Spain
Stanley,France
Fischer,Germany
Chinweuba,Spain
Henning,France
Ogochukwu,France
Narelle,Spain
Bergman,Germany
Sagese,Spain
Anenechi,Spain
Palerma,France
Okwudilichukwu,Germany
Harrison,Spain
Jamieson,France
Goodman,France
Ko,France
Norman,Spain
Ugochukwutubelum,Germany
Uvarova,Spain
Chia,Spain
Piazza,France
Power,France
P'eng,France
Johnson,Spain
Walker,Spain
Innes,France
Francis,Spain
Chidozie,France
Mackenzie,France
Craigie,France
Manfrin,Spain
Onyekachi,Germany
Pethard,France
Nwabugwu,Germany
DeRose,Germany
Ch'eng,France
Padovesi,France
Obielumani,France
Stephens,Spain
Emery,Spain
Dufresne,Germany
Lee,Germany
Hsing,Germany
Longo,Germany
Vial,France
Chukwudi,Spain
Grant,Germany
Ma,Spain
Sun,Spain
Moss,France
Booth,Spain
Ross,France
Ndukaku,France
Pruneda,Spain
Neumann,Spain
Calabrese,France
Yobachukwu,Spain
Tung,Germany
Marchesi,France
Hess,France
Pickering,France
Mazzi,Germany
Madukaego,Germany
Trentino,Germany
Paterson,Spain
Marchesi,France
Anayolisa,France
Poole,Spain
Zhou,Germany
Bates,Spain
Olejuru,France
Bustard,Spain
Wade,Spain
Tan,Germany
Ngozichukwuka,Spain
Calabrese,France
Lane,Spain
Forbes,France
Davy,Spain
Ma,France
Barrera,France
Alexander,France
Ngozichukwuka,Germany
Murray,France
Hall,France
Padovesi,France
Lysaght,France
Kelechi,Germany
Nebechi,France
Hanson,France
Kao,France
Tu,France
Palerma,Germany
Fallaci,Germany
Shen,Spain
Ts'ui,France
Chikezie,France
He,France
Dreyer,France
Short,France
Hunt,Spain
Ricci,France
Teng,Germany
Ijendu,France
Kibby,France
Obiuto,Germany
Ramos,Germany
Calabrese,Germany
Vasin,France
Munro,France
Keeley,France
Archer,Spain
Murray,Spain
Chidiegwu,France
Tang,Spain
Farrar,France
Shaw,France
Napolitani,Germany
Greenhalgh,France
Martin,Germany
Hu,Germany
Y?an,Spain
Odili,France
H?,France
Chiemela,Spain
Yuan,Spain
Clements,France
Kolesnikov,France
Rutherford,Germany
Hsiung,Germany
Angelo,Germany
Mendes,France
McGregor,France
Bronner,France
Mironova,Germany
Ku,Spain
Evans,France
Henderson,Germany
Smith,France
Russell,Spain
Sun,Germany
McDonald,Germany
Wong,Germany
Niu,Spain
Fanucci,France
Zetticci,France
Hsia,Spain
McIntosh,Spain
Kozlova,France
Meany,Spain
Thompson,France
Le Gallienne,Spain
Cheng,Germany
P'eng,France
Lloyd,Spain
Wheeler,Spain
Christie,Germany
He,France
King,Spain
Favors,France
Vida,Germany
Thomas,Germany
Wayn,France
Tan,Spain
Gibson,Germany
Y?,Germany
Calabresi,Spain
Enyinnaya,Germany
Ritchie,Germany
Chia,France
Wang,Germany
Lorenzo,Germany
Pai,France
Nuttall,Spain
Osborne,France
Ferri,Germany
Hamilton,Spain
McEwan,Germany
Lai,France
Hs?,France
Thompson,Germany
Boyd,Germany
Trevisani,Germany
Lucciano,Germany
Holman,France
Bazhenov,France
Douglas,Germany
Hill,France
Lo,Germany
Forbes,Spain
Lin,Spain
Sinclair,France
Kemp,France
Ebelegbulam,Germany
Woods,France
Genovese,Spain
Tseng,Spain
Chiang,Spain
Williams,France
Wilson,France
Wang,France
Moore,France
Iadanza,Spain
Wallace,France
Clark,France
Y?,France
Yermakov,France
Wei,France
Chukwunonso,Spain
McIntyre,Germany
Ts'ai,Spain
Chung,Germany
Tsou,France
Aitken,Spain
Dawson,Germany
Ward,France
Pai,France
Ifeanyichukwu,France
Briggs,Spain
Morrison,Spain
Wall,Germany
Nebechukwu,Germany
Yao,Spain
Liao,France
Ch'ang,France
Burke,Germany
Kay,France
McIntyre,Spain
Chidiegwu,Germany
Musgrove,Spain
Boulger,Germany
Gow,France
Amaechi,Germany
Robe,France
Bibi,Germany
Niu,France
Palerma,France
Cocci,France
Artemieva,Spain
Arcuri,France
Owen,Spain
Franklin,France
Lorenzo,Germany
Muriel,France
MacDevitt,France
Chijindum,France
Gibson,Spain
Whitehead,France
Johnstone,Germany
Endrizzi,France
Burke,France
Johnson,Germany
Yeh,France
Marshall,Germany
Kao,Spain
Browne,France
Taylor,Germany
Gibbons,Spain
Nott,France
Lei,Germany
Alexeeva,France
Sheets,Spain
Tokaryev,Spain
Ts'ui,France
Johnston,France
Kung,Germany
Unwin,France
Hsueh,France
Hao,France
L?,Germany
Frater,Germany
Brennan,France
Pisani,France
Golubev,France
Vanmeter,Spain
Hs?,Germany
Scott,France
Crawford,Spain
P'eng,Spain
Rearick,Spain
Genovesi,France
Glenny,Germany
Marks,France
Fleming,France
Davison,France
Chibuzo,Germany
Wilson,Spain
Endrizzi,Germany
Yuryeva,France
Ugochukwu,France
Lo Duca,Germany
Gallo,Spain
Trout,Germany
Morley,France
Chou,Germany
Shao,France
Trentino,France
Mazzanti,Germany
Endrizzi,France
Monaldo,France
Otutodilinna,France
Allen,Germany
Milne,France
Somadina,Spain
Chieloka,France
Chukwuebuka,France
Chioke,France
Kovalev,Spain
Doherty,France
Baranov,Spain
Rossi,France
Robinson,Germany
Bidencope,Spain
T'ien,Germany
De Bernales,Spain
Wade,France
Chung,Germany
Stevenson,France
Chienezie,France
Cashin,France
Seppelt,France
Brownless,France
McDonald,Germany
Mamelu,France
McGregor,France
McDonald,Spain
Crawford,Germany
Feng,Spain
Genovese,France
Pirozzi,France
Gibbs,France
Milne,France
Dickson,Germany
O'Connor,France
McGuirk,France
Toscani,Germany
Ruth,France
Hughes,France
Onyekaozulu,Germany
Aksenov,France
K'ung,Spain
Meng,Germany
Nwoye,Germany
Calabresi,France
Milano,France
Kirby,Spain
Ho,France
Chukwuemeka,Spain
Hale,France
K?,France
Rice,France
Brown,France
Sagese,Germany
Aksyonova,France
Findlay,France
Walker,Germany
Hao,Germany
Hammer,France
Abbott,France
Lucas,Spain
Davydova,Germany
West,Germany
Smith,France
Mai,Germany
Fiorentino,Spain
Freeman,Germany
Nkemjika,France
Ramos,France
Mario,Spain
Chien,France
Dubinina,France
Wang,France
Hsieh,France
Moran,Spain
Hung,Spain
Moss,Spain
Fedorova,France
Li,Spain
Nebechi,France
Obialo,Germany
Bateson,Germany
Long,Spain
Nelson,Spain
Bell,France
Udinese,France
Mao,France
Fanucci,France
Yeh,Germany
Onuoha,France
Moore,Germany
Thornton,Germany
Warlow-Davies,Spain
Champion,France
Mazzanti,France
Macleod,Spain
Lei,Germany
Lucchese,Germany
Lombardo,Spain
William,Germany
Wright,France
Ozoemena,Germany
Boyle,Germany
Chinwendu,France
Uwaezuoke,France
Archambault,France
Ko,France
Udegbulam,France
Greene,France
Hunter,France
Blinova,France
De Garis,France
Okwudiliolisa,Spain
Ts'ai,Germany
Tuan,Germany
Tseng,Germany
Holmwood,Germany
Thompson,France
Y?,France
Chidubem,Spain
Trevisani,Spain
Hsiung,Spain
Randall,France
Leach,Spain
Godfrey,Germany
Wallace,Germany
Wei,France
Mitchell,Spain
Light,France
Capon,France
Hou,France
Rowe,France
Holloway,France
O'Sullivan,France
Udinesi,Spain
Nwebube,France
Chibueze,Germany
Walker,France
Gregory,Spain
Kuo,Germany
Wilson,France
Lanford,Spain
Meng,France
Yeh,France
Onwuatuegwu,Germany
Goliwe,France
Anthony,Spain
Scott,Germany
Genovese,Germany
Onyeorulu,Germany
Myers,Germany
Davey,Spain
Parsons,Germany
Chikere,France
Hs?eh,Spain
Sal,France
Ts'ai,Spain
Witt,France
Skelton,Spain
Kazantseva,France
Bowhay,France
Beyer,Germany
Fries,Spain
Tao,Germany
Kaodilinakachukwu,Spain
Ni,France
Hsueh,France
Connely,France
Becker,Spain
Clayton,France
Connolly,France
Graham,France
Ch'ien,France
Manfrin,Germany
Kuo,France
Fomin,Spain
Chamberlain,France
Barber,Germany
Zimmer,Spain
Brazenor,France
Cocci,Germany
Caldwell,France
Yirawala,France
Donaldson,France
Ozerova,France
Bruce,Spain
Kang,France
Rossi,Germany
Ts'ai,France
Moran,France
Jennings,France
Tokareva,France
Pagnotto,France
Castella,Spain
Du Cane,France
Ferguson,France
Odinakachukwu,France
Woronoff,Germany
Meng,Germany
Sinclair,France
Hsu,France
Panicucci,Spain
Burns,France
Onodugoadiegbemma,Germany
Darling,Germany
Maggard,Spain
Thomas,Spain
Lettiere,France
Ponomaryov,Germany
Oliver,France
Chienezie,Germany
Mao,France
Ho,Spain
Lucchese,France
Prokhorova,France
Alekseyeva,France
Blacklock,Germany
Sazonova,Germany
Henty,Spain
Li,France
Azuka,France
Alexander,Germany
Brock,France
Shen,France
Padovesi,France
Bulgakov,Germany
Mazzanti,France
Lord,Spain
Ramos,France
Pai,France
Yuan,Spain
Mao,France
Uspenskaya,Germany
Powell,France
Brown,Germany
Poole,Spain
McChesney,France
Lucchese,France
Clements,France
Yuriev,Germany
Endrizzi,France
Pan,Germany
Manfrin,Spain
Kennedy,Germany
Conway,France
Lablanc,France
Dodd,Germany
Muir,France
Milanesi,Germany
Shen,Germany
Dillon,Germany
Hoelscher,France
Bell,Spain
Liao,France
Udokamma,Germany
Sinnett,France
Palerma,Germany
Chimaijem,Germany
Porter,Germany
Fan,France
Palmer,Spain
Younger,France
Burke,Germany
Nwagugheuzo,France
Young,France
Watson,France
Tseng,Spain
Drake,Germany
Hanna,France
Padovesi,France
Loftus,Germany
Buccho,France
Lorenzo,France
Ibezimako,France
Wei,Spain
Ross,France
Oluchukwu,France
Walker,Spain
Wu,France
Chidalu,France
Ingram,France
Ch'en,France
Iredale,Germany
Gallagher,Germany
Padilla,Germany
Potter,Germany
Mao,France
Schneider,France
Ibragimova,France
Huang,Germany
Anderson,France
Nakayama,Germany
Gardener,France
Aksenova,Germany
Milne,Germany
Onwumelu,France
Kudryashova,France
Hart,Spain
Teng,France
Kruglova,Germany
Palerma,Spain
Brookes,Germany
Hsing,Spain
Shaffer,Germany
Laurie,France
Chung,France
Whitfield,Germany
Thomas,France
Rioux,Germany
Osonduagwuike,France
Matveyev,Germany
Hayward,Spain
Nkemdirim,Germany
Brim,Spain
Trevisano,France
Soubeiran,Germany
Wilson,France
Helena,France
Duncan,France
Hale,Germany
Macdonald,Germany
McKay,France
Chiekwugo,France
Skinner,Spain
Sorokina,France
Weller,Germany
Bess,France
MacDonald,France
Gray,Spain
Ogbonnaya,France
Udegbulam,France
Mai,France
Yeh,France
Babbage,Spain
Franklin,France
Randell,France
Paterson,Germany
Pickering,Germany
Uspensky,France
Macleod,Spain
Nnaife,France
Randolph,France
Kudryashova,France
George,Spain
Robertson,Spain
Yuryeva,Germany
Hurst,France
Ch'iu,France
King,France
Esposito,France
Fraser,Spain
Trentini,Germany
Nicholls,Spain
Montalvo,France
Tien,France
Chuang,Spain
Fang,France
Kosisochukwu,Spain
Young,France
Scott,Germany
Yeh,Spain
Vigano,Germany
Windradyne,Spain
Curnow,France
Ugonna,Spain
De Neeve,Germany
Ricci,France
Nnaife,Germany
Ebelechukwu,Germany
Keating,Spain
Tuan,France
Shearston,France
Tien,France
Hamilton,France
Arnold,France
Ting,France
Chao,France
Powell,Spain
Williams,Germany
Cheng,Spain
Zhdanova,France
Tsai,Spain
Nebechukwu,France
Fetherstonhaugh,France
Ojiofor,Germany
Severson,France
Speight,Germany
Greenwalt,France
Grover,France
Milani,Spain
Akobundu,Spain
Anderson,France
Chien,France
Kennedy,Spain
Castiglione,Spain
Marshall,Germany
Duncan,Germany
Uspenskaya,Spain
Thomson,Spain
Calabrese,Spain
Herrera,Spain
Muse,Germany
Marsden,Germany
Artemyeva,Germany
McKay,France
Chuang,France
Nicholls,France
Dennis,Spain
Knight,France
Webb,Germany
Pugliesi,Germany
Nebechukwu,France
Ward,Spain
Nixon,Germany
Chidubem,France
Rivers,France
Sochima,France
Heydon,Germany
Lombardo,France
Holland,Germany
Tien,France
Bryant,France
Hao,Spain
Genovesi,France
Kovalev,France
Hsieh,France
Debellis,France
Chibueze,Germany
Padovano,Spain
Yen,France
Kibble,France
Lori,Germany
Enemuo,France
Lu,France
Nebeolisa,Germany
Stewart,France
Ward,France
Milanesi,Germany
Chikwado,France
Douglas,France
Sal,Germany
Douglas,Spain
Yates,France
Watt,Germany
P'an,Spain
H?,Germany
Perry,Germany
Lavrov,France
Chiekwugo,France
Macdonald,France
Jenkins,Germany
Korovina,Germany
Manning,Germany
Wilson,Germany
Begum,France
Ingrassia,Spain
Maclean,France
Olejuru,Spain
Enyinnaya,France
Watson,Spain
Langdon,France
Frolov,France
Chikezie,Spain
Zetticci,Spain
Yang,France
Lin,France
Goddard,France
Rogers,Germany
Zubareva,France
Onochie,France
Ts'ui,France
Newsom,Spain
Genovese,Spain
Thorpe,Germany
Horton,France
Williamson,France
Shoobridge,France
Peng,France
Gray,France
Watson,France
Fyodorova,France
Bazhenov,France
Solomon,Germany
Layh,Spain
John,France
Tuan,France
Slattery,France
Onyekachi,Germany
Genovese,France
Daniels,Germany
Caldwell,Spain
Chiemenam,France
Wanliss,France
Bruce,Spain
Wright,Spain
Fang,France
Eames,Germany
Sutherland,France
Cavenagh,France
Dumetolisa,Spain
Mackay,France
Dellucci,France
Kenyon,Spain
Parry,Germany
Kennedy,Spain
Arnott,Germany
Hanson,France
T'ao,France
Shen,Germany
Steere,Germany
Abbott,France
Sutherland,Spain
Thurgood,Germany
Johnson,France
Lung,France
Cocci,Spain
Matveyeva,France
Moore,France
Yobachukwu,Spain
Fleming,France
Dickinson,France
Evseyev,France
Aksenov,France
Fleming,Spain
Ulyanov,Germany
Summers,France
Clements,Germany
Kazakova,France
Pirozzi,France
Jamieson,France
Ferri,France
Mai,France
Hannaford,France
Fomin,Spain
Mahon,France
Shaw,France
Volkova,Spain
Miles,Germany
Madison,France
Scott,Spain
Voss,France
Colebatch,France
Wilson,France
T'ang,France
Gibson,Spain
Hs?eh,France
Pan,Germany
Chikelu,France
Allan,France
Yefremova,France
Chuang,Germany
Fan,Spain
Dellucci,France
Garran,France
Moretti,Spain
Yao,France
Lucchesi,France
Nkemdilim,Germany
Anderson,France
Sagese,France
Rubensohn,France
Baldwin,Spain
Iqbal,France
Monaldo,France
Mahon,Germany
Muir,France
Burns,Spain
Dyer,Germany
Lyons,Germany
H?,Spain
Gardiner,Spain
Cameron,France
Chapman,France
Taylor,France
Namatjira,France
He,France
Leibius,Spain
White,France
Wall,France
Moretti,France
Patterson,Spain
Coppin,France
Tsao,France
Kao,Germany
Stewart,France
Tuan,France
Barnes,Spain
Sun,France
Fallaci,France
Buccho,Germany
Tien,France
Pirozzi,France
Liu,Spain
Long,France
Scott,France
Gerasimova,Germany
Ifeatu,Germany
De Luca,France
Ogbonnaya,Germany
Humffray,Germany
Degtyaryov,Spain
Monaldo,Germany
Cawthorne,Spain
Graham,France
Carpenter,France
Kambinachi,France
Tyler,France
Martin,France
Walker,France
Khan,France
Iroawuchi,Germany
Summers,France
Bottrill,Spain
Hu,France
Jones,France
Vincent,Spain
Sanford,Germany
Brown,France
Lei,Germany
Toscani,Germany
Chien,France
Uchenna,Spain
Lori,Germany
Fanucci,Germany
Chimaobim,France
Jowers,France
Miller,Germany
Kirsova,France
T'ien,France
Ku,Spain
Chin,Spain
Law,Germany
Chung,Germany
Cockrum,Germany
Greaves,France
Grant,France
O'Donnell,France
Maclean,France
Hsieh,France
Hs?,Spain
Mazzanti,France
Chiu,Germany
Reeves,Spain
Castiglione,Germany
Ferguson,France
Nnamdi,France
Wu,France
Chu,Spain
King,France
Charlton,Germany
Marsh,Spain
Walker,Germany
Chang,Spain
Pottinger,Germany
Buckley,France
Folliero,France
Olisanugo,France
Kent,France
Jessop,France
Hodge,France
Ignatiev,France
Chambers,France
Mansom,Spain
Yen,Germany
Azikiwe,France
Allen,Germany
Komarova,Spain
Mackay,Germany
Yu,France
Curtis,Spain
Fang,France
Page,Spain
Olisaemeka,Germany
Brennan,France
Sutton,France
Hyde,France
Nkemakolam,France
Chimaijem,Spain
Sung,Germany
Chiganu,Spain
Beneventi,France
Esposito,France
Owen,France
Smalley,Spain
Hsiung,Spain
Ch'ang,Germany
Barton,France
Lucchese,France
Hsia,Germany
Pope,France
Horrocks,France
Tai,Spain
Chikezie,Germany
Frye,France
Toscani,Germany
Mellor,France
Kang,Spain
Sutherland,France
Hs?,Germany
Ting,France
Chuang,France
Chu,France
Ozoemena,France
Howells,Spain
Lucchese,France
Nnonso,France
Gerasimova,Germany
Woronoff,Germany
Wilhelm,Germany
Nebechukwu,Spain
Anenechukwu,France
Meredith,France
Chinomso,France
Stephenson,France
Chimaoke,Spain
Winters,France
Napolitani,France
L?,Germany
Williams,France
Giles,Spain
Wang,France
Robertson,France
Murray,Spain
Greco,France
Marchesi,France
Chao,France
Hawthorn,Germany
Bibi,France
Hawdon,Germany
Moss,Spain
Briggs,Germany
McIntyre,France
Russo,Spain
Ballard,Germany
Hs?,France
Pisani,Spain
Tao,France
Thomson,France
Hsu,Germany
Morrison,Spain
Joslin,France
Scott,Germany
Bidwill,Germany
Cameron,Spain
Cartwright,France
Yao,Spain
Tate,Germany
Neal,Germany
Yao,Germany
Burns,France
Onyinyechukwuka,France
Fulks,France
Christie,France
Lloyd,France
Ball,France
Genovesi,Spain
Alexander,France
Siciliano,Spain
Ositadimma,Spain
Kazantsev,Spain
Giles,France
Hao,Spain
Martin,France
Hartley,Germany
Allan,France
Dolgorukova,France
Nnamdi,Germany
Romano,Germany
Chuang,France
Owen,Spain
Singh,France
Nwagugheuzo,France
Shipton,France
Paterson,Germany
Rivas,France
Lung,France
Allan,Germany
Fetherstonhaugh,France
Lung,Spain
Davidson,France
Mai,Germany
Dellucci,France
Mitchell,Spain
Sun,France
Napolitano,Germany
Bailey,France
Hoolan,France
Kent,France
Chou,Spain
Pepper,Germany
Abramowitz,France
Lord,Germany
Wilson,France
Abazu,Spain
Harriman,France
Frankland,Spain
Pinto,France
Kwemtochukwu,France
Chiu,Germany
Yu,France
Onyekachukwu,France
Castiglione,Spain
To Rot,France
Anenechukwu,France
Henderson,France
Ellis,Germany
Nkemdirim,France
Kang,Germany
Lear,France
Jamieson,France
Mazzanti,France
Marino,Spain
Winter,France
T'ien,France
Hughes-Jones,France
Cody,France
Hunt,Germany
Estrada,Spain
Dickinson,Germany
Fanucci,Spain
Yang,Germany
Forbes,France
Heard,Germany
Efremova,France
Morphett,Spain
Lenhardt,France
Burns,Germany
Ch'ien,France
Sun,France
Jamieson,France
Nolan,France
Barry,France
Saunders,Spain
McMorran,Spain
Phelan,France
Fu,France
Hotchin,Spain
Aksyonov,France
Rossi,France
Hughes,France
Duncan,France
McGarry,France
Aksenov,France
Akhtar,France
Pisani,France
Pisano,Spain
McDaniels,Spain
Tennant,France
Donaghy,Germany
Todd,Spain
Tobenna,France
Vicars,France
Chao,France
Tien,France
Hsing,France
Yang,Germany
Walker,France
T'ang,Spain
Chukwukere,Spain
Ch'iu,Spain
Pai,Spain
Franklin,Spain
Y?,Germany
Peng,France
Otitodilichukwu,Germany
Pagnotto,France
Vessels,Germany
Heller,France
Donaldson,France
Ifeanyichukwu,France
Kao,France
Dunn,Germany
Calabresi,Spain
Holland,Germany
Calabresi,France
Butusov,France
Atkinson,France
Vasilyeva,Germany
Mollison,Germany
Webb,Germany
Obiajulu,Germany
Aiken,Spain
Brabyn,France
Su,Germany
Traeger,France
Ekwueme,Germany
Thompson,France
Chinwenma,Spain
Tuan,Germany
Tsai,Germany
Liu,France
Robinson,France
Carr,Spain
Palerma,Germany
Chineze,France
Fang,France
Simpson,Spain
Moretti,France
Hale,Germany
Benson,Germany
Estep,Germany
Mishina,Spain
Abramovich,Spain
Lavrentiev,France
Alexeyeva,Germany
T'ang,Germany
Kilgour,France
Chin,France
Fiorentini,Spain
Lori,Germany
Marchesi,Germany
Sheppard,Spain
Nnanna,France
Norris,France
Vincent,Germany
Bradley,France
Bellucci,France
Clements,France
Knowles,France
Chidiebere,France
Kelly,France
Okwukwe,France
Onyemere,France
Murphy,France
Elliott,France
Loggia,France
Walsh,France
Mahomed,France
Dolgorukova,Spain
Bogdanov,France
She,Germany
Cook,Germany
Bruno,Germany
Moysey,France
Beneventi,Germany
Ferri,France
Skinner,France
Angel,Spain
Toosey,France
Chin,France
Lung,France
Mellor,France
Hassall,France
Richardson,France
Poninski,Germany
Dore,Spain
Bonham,Spain
Ibezimako,Germany
Hunter,Spain
Bold,France
Wan,France
Bradley,Germany
Tretyakova,France
Graham,France
Izmailov,France
Calabrese,Germany
Valentin,France
Osonduagwuike,Germany
Williamson,France
Pan,France
Carpenter,France
McIver,France
Trevisan,France
Rozhkova,France
He,Germany
Moretti,Spain
Fishbourne,Spain
Gibson,Germany
Zikoranachidimma,France
Palmer,Germany
Chukwueloka,Spain
Real,Germany
Chikelu,France
Fiorentini,France
Yefimova,France
Ball,Germany
Ch'in,France
Odell,France
Enemuo,France
Hunter,Spain
Nepean,France
Nwebube,France
Enticknap,Germany
Lu,Spain
Ugochukwu,France
Mann,Germany
Murphy,Spain
Docherty,Germany
Adams,France
Hirst,Germany
Horan,France
Cumbrae-Stewart,Spain
Kinney,France
T'ang,France
Muir,France
Toscano,France
Wallace,Spain
Fraser,France
Iqbal,Spain
Nina,Spain
Chuang,France
Ch'ien,France
Bruno,Germany
Kennedy,Spain
Lawrence,Spain
Mort,Spain
Goliwe,Germany
Martinez,France
Vasilyev,Spain
Black,France
Napolitani,Spain
Ch'en,Spain
Sagese,France
Fraser,Germany
Hughes,France
Giles,Spain
Lacross,France
Pisani,Germany
King,France
Maughan,France
Palerma,France
Tochukwu,France
Slate,France
Ch'ang,Germany
Romani,Germany
Genovese,France
Chiebuka,France
Liao,France
Berry,Spain
Fallaci,France
T'an,France
Wilkinson,France
Palerma,France
Lazarev,France
Boylan,Spain
Warren,France
Trevisani,Spain
Trevisano,Spain
Liao,France
Burgess,Spain
Liston,France
Thompson,Spain
Milanesi,France
Mazure,Spain
Rudduck,France
Darwin,France
Uvarova,France
Buccho,Germany
Gallo,France
Tomlinson,France
Carr,France
Ts'ui,France
Coates,Spain
Hickey,France
Norton,Germany
Mancini,France
Tien,Germany
Stobie,Spain
Drakeford,France
Pisani,France
Murphy,Germany
Kovalev,France
Crawford,France
Maclean,Spain
Blackburn,Spain
Bermudez,France
Savage,Spain
Wyatt,France
Chiemenam,Spain
Shao,Spain
Langdon,Germany
Napolitano,France
Kung,Germany
Blackwood,France
Marcelo,France
Yin,Spain
Storey,Spain
Fomin,France
Nkemjika,France
Glasgow,France
Chen,France
Ch'ang,France
Evans,France
Crotty,Germany
Cocci,Germany
Iroawuchi,Spain
Chia,France
Hysell,Spain
Williamson,Spain
Ginikanwa,Spain
Chigolum,Spain
Morley,France
Roberts,France
Tokareva,Germany
Fleming,Germany
Chinomso,France
Compton,France
Wan,France
Taylor,France
Kambinachi,France
Chang,Germany
See,Germany
Dyer,Germany
Campbell,France
Cremonesi,France
Harris,Spain
Threatt,Germany
Lane,France
Grave,France
Stanley,France
McIntosh,Spain
Watts,France
Alekseyeva,France
Davies,France
Matlock,Spain
Fedorova,Germany
Chiedozie,Germany
Marcelo,Germany
Cooper,France
McMillan,Germany
Hardy,Germany
Madukwe,France
Adamson,France
Watt,France
Mazzanti,Spain
Mishin,France
Feng,France
Kang,Germany
Kelly,France
Yu,France
Bull,France
Serra,Germany
Ferguson,France
She,France
Hamilton,Spain
Nnanna,Germany
Summerville,Germany
Allan,France
Tobenna,France
Volkova,Germany
Nucci,Germany
Wright,France
Astorga,France
Pokrovsky,France
Mazzanti,Spain
Blesing,Germany
Ku,France
Pisani,Spain
Hsueh,Germany
Ricci,Spain
Azubuike,Germany
Nevzorova,France
Odili,France
Kung,Spain
Lei,Spain
Sheehan,Germany
Kung,France
Kelechi,France
Anenechi,Spain
McElhone,Spain
Chigbogu,Spain
Atkins,Germany
Colombo,Germany
Tilley,Spain
Sopuluchi,France
Udinesi,France
Onyekachi,France
McCartney,France
Thompson,France
Onyeoruru,France
Shih,France
Golibe,France
Lucchesi,France
Townsend,France
Chao,France
Shen,Germany
Booth,Germany
Chan,Germany
Yeh,France
Badgery,France
Hsia,France
Zarate,France
Congreve,Spain
Hayslett,Germany
Robinson,France
Wong,France
Nevzorova,Germany
Page,France
Quinn,Spain
O'Donnell,Germany
Pisano,Germany
Sinclair,France
Loving,France
Artemova,Germany
Robertson,France
Genovese,France
Ugonnatubelum,France
Corbett,France
Reilly,France
Wright,Spain
Vincent,France
Carr,Spain
Eiland,Spain
Omeokachie,France
Mackenzie,Spain
Pinto,France
Gardener,France
Fang,Spain
Cattaneo,France
Labrador,France
Dettmann,Germany
Gibson,France
Hope,Spain
Ives,France
Greece,Spain
Omeokachie,France
Mao,France
Savage,France
Brierly,France
Docherty,Germany
McDonald,France
Rapuokwu,France
Bergamaschi,France
Manfrin,France
Bergamaschi,France
MacDonald,Germany
Lees,France
Senior,France
Nwokezuike,Spain
Ekwueme,Spain
Garmon,France
Enyinnaya,France
Chizuoke,France
Hyde,Germany
Cameron,Spain
Lord,Germany
Biryukova,France
Carpenter,Germany
Lorenzo,Germany
Madukwe,Germany
Hutcheon,France
Sleeman,France
Milne,Germany
Williamson,France
Bruno,France
Palerma,Germany
Wang,Germany
Onyemere,France
Dawson,Germany
Nebechukwu,France
Bateman,Spain
Lord,Spain
Loggia,Spain
Graham,Germany
Dean,France
Jarvis,Germany
Haugh,Germany
Micklem,France
Bennett,Germany
Roberts,Spain
Onyekaozulu,Germany
Kegley,France
Manna,France
Thompson,Germany
Romano,Germany
Brown,Germany
Su,Germany
Mackay,Germany
Watt,Germany
Milani,France
Hsu,France
Valenzuela,France
Sung,France
Lo,Spain
Giordano,Spain
Connolly,France
Bellucci,Spain
Jamieson,France
Fomina,France
Aksenov,Spain
Turnbull,France
Dixon,France
White,Spain
Long,France
Han,Germany
Belov,Germany
MacDonald,France
Parsons,France
Cross,Spain
Milanesi,France
Lombardo,Spain
Collins,France
Alexeieva,France
Cullen,Germany
Johnson,Spain
Rudd,France
Findlay,France
Mai,Germany
Morrison,France
Monaldo,France
Gidney,Spain
Sagese,France
Wall,Germany
Dalton,Germany
Hsing,Germany
Warner,Spain
Williams,France
Dunn,Germany
Kerr,Germany
Marchesi,Germany
Endrizzi,Germany
King,Spain
Griffiths,Spain
Hartzler,France
Chukwudi,France
Denisov,Germany
Endrizzi,France
Baresi,France
Nnachetam,France
Lambert,France
Game,Spain
Chinagorom,Spain
Noble,France
Haynes,Spain
Cattaneo,Germany
Yobanna,Germany
Fraser,France
Rhodes,Spain
Jimenez,Spain
Pharr,France
Jerger,Germany
McIntyre,Spain
Onio,France
Tomlinson,France
Onuoha,France
Panicucci,Spain
Piccio,France
Ramsden,France
Vorobyova,France
Todd,Germany
Cremonesi,France
Bradley,Germany
Stanley,France
Jowett,Spain
Yefremova,France
Wilson,France
Abramovich,France
Venables,Spain
Monnier,France
Hsieh,Germany
Gadsden,Germany
Ni,France
Chibueze,France
Chinwemma,France
Kang,Spain
Kuo,Germany
Ositadimma,Spain
Smith,Germany
Okwudilichukwu,Spain
Porter,Spain
Kung,Germany
Trevisano,Germany
Naylor,Germany
Ponomarev,France
Udinese,France
Aliyeva,Spain
Bailey,France
Jackson,France
Yin,France
Akobundu,France
Byrne,Germany
Robinson,Spain
Stephenson,France
Chiemenam,France
Forbes,France
Douglas,Germany
Okechukwu,Germany
Russell,Germany
Ermakova,Germany
Oster,France
Chizoba,France
Bianchi,France
Peyser,France
Cocci,France
Seleznev,Spain
Huang,France
Alleyne,Germany
McKenzie,France
Zikoranachukwudimma,France
King,France
Nkemdilim,France
Anderson,France
Ejikemeifeuwa,France
Adams,Spain
Christie,France
Yeh,Spain
McGregor,Germany
Pisano,Spain
Ginikanwa,Germany
Hawkins,Spain
Otutodilichukwu,Germany
Rickard,France
Andreev,France
Steele,France
Black,France
Shand,France
Chiagoziem,France
Fedorov,Germany
Tien,Germany
Stehle,France
Sung,France
Alexander,France
McIntosh,Germany
Sung,Germany
Yao,Germany
Chinweuba,France
Chinweuba,Spain
T'ao,Germany
Ch'ien,France
Su,Germany
Yu,Germany
Loyau,France
Conti,France
Alexeeva,Spain
Power,Spain
Hill,Spain
Freeman,Germany
Hsing,France
Esposito,France
Belonwu,Germany
Tsao,Spain
P'eng,France
Baker,France
Matthews,France
Garcia,Spain
Field,Germany
Gordon,France
Jefferies,Germany
Palermo,Spain
Chou,France
Ewing,France
Mazzi,Spain
Thomson,Germany
Nkemdirim,France
Lockyer,France
Murray,France
Black,France
Torreggiani,Spain
Atkinson,Germany
Richards,Spain
Azubuike,France
Ignatiev,Germany
Miller,Germany
Cox,France
McMillan,France
Napolitano,France
Lane,Spain
Kennedy,Germany
T'ao,Spain
Hsiung,France
Heath,Germany
Parry,Germany
Herbert,Germany
Kang,France
Andreyeva,Spain
Bowen,France
Golubev,France
Hancock,Spain
Fowler,France
Sutherland,France
Rowley,Spain
Gibbons,Germany
Lockett,Spain
Akabueze,France
Phelps,France
Frederick,Spain
Beneventi,France
Bruce,France
Green,Germany
Carlson,Germany
Tang,France
Yudin,Germany
MacDonald,France
Watt,France
Mbadiwe,France
Chuang,France
Sabbatini,France
Caldwell,Spain
Ewers,France
Tsao,France
Hannam,Germany
Wood,Spain
Ko,France
Lo Duca,Spain
Endrizzi,France
Ch'iu,Spain
Mofflin,Spain
Fiorentini,France
Chiekwugo,Germany
Bogle,Spain
Ifeanacho,Germany
Owens,France
Ch'ien,France
Chung,France
Sung,France
Wang,France
Sun,Spain
Maitland,France
Ma,Spain
Pollard,France
Hsieh,Germany
Gerasimov,France
Johnson,France
Fiorentino,Germany
Chioke,Germany
Rossi,Spain
Siciliano,Spain
Efremov,Spain
Brigstocke,France
Olisaemeka,France
Tang,France
Lucchese,France
West,France
Pai,Germany
Tang,Germany
Fedorov,France
Gboliwe,Spain
Ko,France
Le Gallienne,France
Seleznyova,France
Joseph,Spain
Bevan,France
Allan,Spain
Lavrentiev,Germany
Walton,Spain
Salier,Germany
Evdokimov,Germany
Ponomaryova,France
Millar,France
Grosse,France
Hsiao,Germany
Belbin,Spain
Ifeajuna,France
Wright,Germany
Komarova,Germany
Titheradge,France
Dellucci,France
Hobbs,France
Beggs,Germany
Luffman,Germany
Caldwell,Germany
Mancini,Germany
Evseev,Spain
Hs?eh,Spain
Chinedum,France
Hagins,Germany
Kirwan,Spain
Little,France
Milligan,France
Ch'iu,France
McKay,Spain
Crawford,Spain
Onyemere,France
Azuka,France
Ch'en,Spain
Royster,Spain
Parkin,France
Kozlova,Spain
Hu,France
Ma,Spain
Coates,France
Burns,Spain
Gouger,Germany
Ignatyev,France
Douglas,Germany
Fiorentino,Spain
Ignatiev,France
Munz,France
Paling,Spain
Clark,France
Akobundu,France
Fanucci,France
Hsiao,France
Clancy,Spain
Macdonald,France
Palerma,France
Holden,Germany
Moore,Spain
Gallo,France
Otutodilinna,Germany
Rios,Spain
McGregor,France
Hill,Spain
H?,Spain
Ferrari,France
Onyemauchechi,Spain
Nkemakonam,France
White,France
Kirillov,France
Iadanza,Spain
Stiles,Spain
Ankudinov,France
Gaffney,Germany
Udinese,Spain
Romani,Germany
Kambinachi,Spain
Hawkins,France
Tsui,France
Ifeatu,Germany
McIntosh,France
Armit,Germany
Fang,France
Chou,France
Okeke,Germany
Ramsbotham,Spain
Scannell,Spain
Edman,France
De Luca,Spain
Vasilyeva,Spain
Tuan,Spain
Ejimofor,France
Hs?,France
Shaver,Germany
Wallis,Spain
Coupp,Spain
Perry,Spain
Bezrukova,France
Lucciano,Spain
Ingram,Spain
Lo Duca,France
Wan,Germany
Cohn,Germany
Yen,France
Peng,Spain
Little,France
Meng,France
Adams,Germany
Hill,France
Boyle,Spain
Pagnotto,France
Feng,France
Endrizzi,France
Shen,Germany
Lay,Spain
Wu,France
Shephard,Spain
Schmidt,France
Davidson,Spain
Lamb,Spain
Hussey,Spain
Ferrari,Germany
Macfarlan,France
Szabados,France
Yuan,France
Matveyev,Spain
Cheng,Spain
Palerma,France
Wang,France
Teng,France
K'ung,Germany
Sinclair,Germany
McKelvey,Germany
Yuan,Germany
Moran,Spain
McConnell,France
Iheatu,France
Giordano,France
Alexander,France
Gordon,France
Tang,Germany
T'an,France
Davies,France
Sanders,France
Winifred,France
Holmes,Germany
Riddle,Germany
Chinedum,France
Aleksandrova,Spain
Conti,Germany
Watson,Spain
Davison,France
Cook,France
Udinesi,Germany
Siciliani,France
Bell,France
Jackson,France
Onyemere,France
McClemans,France
Ma,Spain
Morrison,Spain
Chambers,France
Basedow,Spain
Nwora,Germany
Howey,France
Pai,France
Ni,France
Forbes,France
Baryshnikov,Spain
Kramer,Germany
Sochima,France
Marchesi,France
Todd,Spain
Mai,Germany
Pinto,Spain
Reynolds,Germany
Sal,France
Miller,Germany
Scott,Spain
Herrin,France
Stevenson,Spain
McKenzie,Germany
Gardiner,France
Atkinson,Spain
Onyemauchechi,France
Ross,France
Newland,Spain
Hu,Germany
Sanders,Germany
Tsui,Spain
Marino,France
Akobundu,Spain
Morrison,Spain
Mai,Spain
Hs?eh,Germany
Wright,France
Demaine,France
Chien,France
Dickinson,France
Kazantseva,France
Marchesi,France
Pan,France
Harewood,France
Kao,Spain
Yeh,Spain
Bischof,Spain
Ashton,France
Napolitani,France
Wilson,France
Uren,France
Okechukwu,Germany
Ku,Germany
Onyemachukwu,Germany
Kao,Spain
Russell,Germany
Woronoff,France
Ferri,Germany
Ruggiero,Spain
Wilding,Spain
Yashina,Spain
Yevseyev,France
Rapuokwu,France
Maslov,France
Cole,France
Sullivan,France
Hsiao,France
Rossi,France
Allsop,France
Chamberlain,France
Jackson,France
Dumetochukwu,France
Uspensky,France
Garcia,France
Soto,France
McDonald,Spain
Castles,Germany
Stephenson,France
Davidson,Germany
Tu,France
Colbert,France
Owens,Spain
Chimezie,France
Genovese,France
Daluchi,France
Sheffield,France
Bailey,Germany
Dyson,Spain
Davide,Germany
Uwaezuoke,France
Hs?,Spain
Onwuka,France
Flores,Germany
Nicoll,Spain
Hughes,France
Romano,Spain
Norman,France
Davison,Spain
Manna,Germany
Reed,France
Daniels,France
Hunt,France
Feng,France
Waters,France
Yuan,France
Yudin,France
Calabresi,Spain
Onyemauchechukwu,France
Martin,Germany
Hung,France
Maslova,Germany
Zetticci,Germany
Pisano,Germany
Sutherland,France
Lai,Germany
Watson,Spain
Gorbunov,France
Padovano,France
Raynor,Germany
Ting,France
Eberegbulam,France
Chin,Germany
Manna,Germany
Chang,Spain
Kent,Spain
Buckley,France
Micco,Spain
Avdeev,Spain
Bremer,Germany
Davidson,Germany
Gadsdon,France
Connolly,Spain
McDonald,France
Chiawuotu,France
Milne,Germany
Fleming,France
Hicks,Germany
Logan,Spain
Hammond,Spain
Weber,France
Lettiere,France
Schnaars,Spain
Tao,France
Algarin,France
Onyemere,France
Korovina,Spain
Chidubem,France
King,Spain
Greco,France
Beneventi,Germany
P'eng,Spain
Metcalf,France
Greco,Germany
Lupton,Spain
Ibeamaka,Germany
Hsiung,France
Rueda,France
Li Fonti,Spain
Alexeeva,France
Madueke,Spain
Torres,Spain
Chukwubuikem,Germany
Holloway,France
Evdokimov,Spain
Anayolisa,France
Semmens,Spain
Tu,Germany
Anderson,Germany
Fang,Spain
Fanucci,Spain
Boyle,Germany
Milanesi,France
Davidson,Spain
McKay,France
Bogdanova,Spain
Lavrentiev,Germany
Corser,Spain
Alexeeva,Germany
Madueke,France
Barber,Germany
McCardle,Spain
Radcliffe-Brown,Germany
Ni,Germany
Chukwumaobim,Spain
Dennis,Spain
Hayward,France
Jones,France
L?,France
Nelson,Spain
Cardus,France
Whitehouse,France
Johnstone,France
Tsui,France
Chia,Germany
Su,France
Calabresi,Germany
Ts'ui,Spain
McCulloch,Spain
Koo,Germany
Miller,France
Woolnough,France
Douglas,Spain
Fang,Germany
Munro,France
Vinogradov,France
Lai,France
Udegbulam,France
Mao,Spain
Onyekaozulu,Germany
Fu,Germany
Cross,France
Snider,France
Harrison,France
Dale,France
Udinese,Germany
DeRose,France
Hay,France
Bruce,France
Romani,France
Tseng,France
Tang,Germany
Isayeva,Spain
Hill,Spain
Barnes,France
Moreno,France
McGregor,France
Genovese,France
Gill,Germany
Ts'ai,Germany
Green,France
Martin,Germany
Johnson,Germany
Onio,France
Vaguine,France
Manna,Germany
Toomey,Spain
Bell,Germany
Bonwick,Germany
Folliero,Spain
Holt,Spain
Brown,Germany
Ch'ang,France
Fiorentini,France
Middleton,Germany
Millar,Germany
Osborne,Spain
Feng,France
Vale,Germany
Arkwookerum,Germany
Lujan,France
Alexeyeva,France
Gannon,Spain
Prokhorova,Spain
Romero,Germany
Toscani,Germany
Onwuamaegbu,Spain
King,Germany
Trentino,France
Peacock,Germany
Nnaife,France
Chao,France
Barese,France
Udegbulam,France
Fu,France
Onwuatuegwu,Spain
Degtyaryov,Germany
Nnaemeka,Spain
Udinese,France
Mitchell,Spain
Ch'en,Germany
Golovanov,France
Efimov,France
Davidson,Germany
Wade,France
Maynard,France
Murphy,France
Zotova,France
Hannah,Germany
Cartagena,France
Hall,France
Hunt,France
Greece,Germany
Thomson,Germany
Victor,France
Mitchell,France
Olisaemeka,France
Krawczyk,Spain
Alexandrova,Germany
Paterson,France
Chou,Spain
Abel,France
Chesnokova,Germany
Niu,France
Sullivan,Germany
Ma,France
Cavill,Spain
Nicholls,Spain
Nnonso,Germany
Gibson,France
Garcia,Germany
Renwick,Spain
Norris,France
Nkemakonam,France
Piccio,Spain
Linton,Germany
Onyekaozulu,Spain
Tobenna,Germany
Wang,Germany
O'Donnell,France
Langlands,France
Smith,France
Sykes,Germany
Marshall,France
Gibson,France
Stephenson,France
Y?,France
Kang,France
Miller,Germany
Kryukov,France
Y?,Germany
Fanucci,France
Lombardi,Germany
Hs?,France
Anderson,France
Trentino,Spain
Donnelly,Germany
Tsou,France
Johnson,Spain
Watson,Spain
Allan,France
Butcher,France
Henderson,Spain
Boucaut,France
Obiajulu,Germany
Ifeatu,Germany
Kelly,France
Pirozzi,Spain
Siciliano,France
Silva,Spain
Iweobiegbunam,France
Williamson,Spain
Madueke,France
Chiagoziem,France
Kwemto,Germany
Zito,Germany
Ukaegbunam,France
Trevisani,France
Edmondstone,France
Chien,France
Boni,Spain
Yashina,Germany
Georg,Spain
Tung,Spain
Michelides,Spain
Korovina,Germany
Chuang,Spain
Yuriev,Spain
Chidimma,Germany
Stevens,France
Kao,Spain
Edmund la Touche,France
Belousov,France
McCane,Spain
Parry-Okeden,France
Hudson,Germany
Marsden,France
Manfrin,Spain
Ch'ang,Spain
Clark,France
Aldrich,Germany
Khan,France
Murray,Spain
Anayolisa,Spain
Shillito,France
McMillan,Germany
Howells,Spain
Stewart,France
Ikechukwu,Germany
Repina,Spain
Cox,Germany
Lo,France
Grant,Germany
Stevenson,France
Kauffmann,France
Samsonova,France
Niu,Spain
Bock,France
Barlow,France
Stevenson,France
Kung,Spain
Nwankwo,France
Brewer,Germany
Ch'iu,France
Quinn,Germany
Kodilinyechukwu,Spain
Ifeanyichukwu,Germany
Yermakova,Germany
Sullivan,Germany
Grant,Germany
Jacka,Spain
Tsai,France
Emery,Spain
Piccio,Germany
Sanders,France
Sharp,Germany
Myers,Germany
Campbell,Germany
Abbott,France
Preston,France
Atherton,Germany
Fanucci,Spain
Evans,Germany
Cookson,France
Nnachetam,France
Johnstone,France
Hort,France
Johnson,France
Zaytseva,Spain
Sorokina,France
Diehl,France
Onuchukwu,France
Osonduagwuike,France
Mead,France
Stewart,France
Thomson,France
Goliwe,France
Lori,France
Onwuamaeze,France
Butusov,France
Rogers,Germany
Nicholson,France
Rossi,Germany
Hall,France
Huddart,France
Chinomso,France
Shaw,Germany
Hargreaves,Spain
Swain,France
Butcher,France
Stone,France
Allan,France
Wang,France
Colombo,Germany
McKay,Spain
Brient,Germany
Yin,Germany
Bellucci,France
Duncan,France
Pirozzi,France
Findlay,France
King,France
Iweobiegbunam,France
Tucker,France
Izmailova,France
Meng,France
Liang,Spain
Hutchinson,Spain
Shen,France
Okwuoma,France
Chinwemma,France
Golubova,France
Schiavone,France
Moore,Spain
Graham,Germany
Amadi,Germany
McKay,Germany
Fedorova,France
Percy,Germany
Floyd,Spain
Long,France
Castiglione,Germany
Melendez,France
Mazzi,Germany
Kovaleva,France
Gill,France
Arcuri,Germany
Chukwuma,Germany
Stevenson,France
Ponomarev,Spain
Gilroy,France
Sidorov,Germany
Bates,France
Fanucci,Spain
Toscano,Germany
Hearn,France
Iroawuchi,Germany
Martin,Spain
Sinclair,France
Swanson,Germany
Chinomso,Spain
Fomin,France
McKay,France
Bergamaschi,Spain
Matveyeva,Germany
Madukaego,France
Ferri,France
Achebe,Spain
Mai,Germany
Davis,France
Davey,France
Tsou,Germany
Marino,Germany
Kerr,France
Hsiao,Germany
Graham,Germany
Ejikemeifeuwa,Germany
Volkova,France
Wang,France
Benjamin,Germany
Ryrie,Germany
Andreev,Spain
Ts'ao,Germany
Frolov,Spain
Montemayor,Spain
Fu,Germany
Whitehead,France
Izuchukwu,France
Lai,France
Herring,France
Duffy,Spain
Chiefo,Spain
Fyodorov,France
Chu,France
Robertson,Spain
Palmerston,Germany
Madukwe,Spain
Chinedum,Spain
French,France
Polyakov,Spain
Clements,France
Connor,Spain
Balashov,Germany
Avdeeva,France
Chester,Spain
Hung,Spain
Tu,France
Thompson,France
Jones,Spain
Li,France
Denisova,Germany
Clogstoun,France
Tan,France
Power,Spain
Harriman,France
Benson,Germany
Thornton,France
White,France
Mackenzie,Germany
Kalinina,France
Bennet,Spain
Hallahan,France
Martin,Germany
Rivera,France
Chiawuotu,Germany
Sergeyev,Germany
Christie,France
Louis,France
Iqbal,Spain
Marino,Germany
Robertson,France
Pai,Germany
Barese,France
Chigolum,Germany
Trouette,France
Ugochukwu,Spain
Cribb,France
McIntyre,Germany
Pickering,France
Fletcher,France
Uchenna,France
Pisano,France
Corson,France
Hooper,France
He,France
Chidubem,France
Schofield,France
Liang,Germany
Somadina,Spain
McIntosh,France
Hinton,Germany
Sal,France
De Luca,Spain
Bromby,Germany
Chang,Germany
Hunter,France
Sheppard,Germany
Fan,France
Muir,Spain
Lai,France
Padovesi,France
Kemp,France
Greece,Spain
Young,Spain
Chukwueloka,Spain
Woods,France
Forbes,France
Kang,France
Nweke,France
Ts'ui,Spain
Milano,Spain
Chao,Spain
Wan,Spain
Napolitani,Spain
Kovaleva,Spain
Russell,Spain
Chiebuka,Germany
Ellis,Spain
Gordon,Germany
Conway,France
Buccho,Spain
Aksyonova,Spain
Batty,France
Rowe,Spain
Pisani,Germany
Onochie,Spain
Farmer,Spain
Cameron,France
Jennings,France
Eluemuno,Spain
Swift,France
Pisani,France
Nnonso,France
Cameron,Spain
Stevens,France
Zito,Spain
Taylor,Spain
Ferrari,Spain
Yeh,France
Gould,France
Agafonova,France
Fowler,Spain
Chidumaga,Germany
Sabbatini,France
Johnson,France
Chapman,France
Birk,France
Capon,Spain
Chidubem,Spain
Childs,Spain
Sun,Germany
Lung,France
Tao,France
Napolitano,France
Davis,France
Sagese,France
Hutchinson,Spain
Nelson,France
Schiavone,Spain
Chienezie,Spain
Obioma,Germany
Butusov,France
Pisano,France
Stetson,France
Waring,France
Fanucci,France
Thao,France
Murphy,France
McConnell,Spain
Armfield,France
Fanucci,France
Panina,France
Nixon,Spain
Walker,Spain
Chiemela,France
Martel,Spain
Briggs,France
Iheatu,France
Jennings,France
Ch'en,Spain
Kovalyov,Spain
Yeh,France
Chien,France
Brown,France
Buddicom,France
McGregor,France
Thompson,Germany
Ross,Spain
Ch'ang,France
Warren,Germany
Uspenskaya,France
King,France
Trentini,France
Konovalova,France
Dellucci,Germany
Goddard,France
Neumann,France
Ch'in,Spain
Walters,France
Muravyova,Germany
Barry,Germany
Woolnough,France
Keen,France
Liebe,France
White,Spain
Hunter,Spain
Myers,Spain
Rogova,Spain
Raff,France
Cocci,France
Kanayochukwu,France
Obialo,Germany
Liu,France
Gilbert,France
Coles,France
Ponomaryov,Germany
Bergamaschi,France
Guerin,Spain
Sinclair,France
Dominguez,France
Costa,France
Wei,Spain
Mills,France
Pugh,Spain
Price,Spain
Wood,Spain
Robertson,France
Sawtell,Germany
Yuryeva,Germany
Pisano,Germany
Kharitonova,Spain
Simmons,Germany
Muramats,France
Tang,France
Peng,Germany
Bevan,Spain
Zito,Germany
Sokolov,Germany
Teng,Spain
Amadi,France
Davide,France
Parkes,France
Mazzanti,Spain
Findlay,France
Hsu,France
Chukwukadibia,France
Baxter,France
Kung,France
Booth,France
Evans,France
Kung,Spain
Tung,Spain
Yuan,France
Jackson,France
Ross,Spain
Yang,France
Yu,Spain
Onwumelu,France
Gay,France
Morrison,Germany
Belov,France
Mao,Spain
Walsh,France
Bruno,France
Gray,Spain
Maurer,France
Chiang,Spain
Cattaneo,France
Grieve,Germany
Lowell,Germany
Trentino,Germany
Sung,Germany
Yen,France
Philipp,Spain
Dynon,France
Alexeyeva,Germany
Hs?eh,Germany
Ferri,France
Hsu,Germany
Bishop,France
Toscani,Germany
T'ao,Germany
Philip,France
Li Fonti,Germany
Rene,France
Daigle,France
Joshua,Spain
Simmons,France
Jamieson,Spain
Hou,France
Cochran,France
Bibb,France
Jen,France
Corran,Spain
He,France
Loggia,Germany
Lovely,France
Becker,Spain
Plascencia,Spain
Somadina,Spain
Walker,Germany
Alekseeva,Spain
Watson,France
Zotov,France
Williamson,Spain
Carpenter,France
Cattaneo,Germany
Gordon,France
Boni,France
Lynch,France
McCarthy,France
Davies,France
Hargreaves,Germany
Blackburn,Spain
K?,Spain
Meng,Spain
Cattaneo,Spain
Hunt,Germany
Owens,France
Steele,Spain
Kennedy,France
Pan,Germany
Alexander,Spain
Bray,Germany
Nnabuife,Germany
Padovesi,Germany
Bray,Spain
Lucas,France
Tinline,France
Esomchi,France
Liao,Germany
Iroawuchi,Spain
Retana,France
Fang,France
Ozioma,France
Robson,Spain
Bruno,France
Price,France
Swanson,France
Chang,Germany
Morgan,France
Nwebube,Germany
Trevisan,Spain
Ositadimma,Spain
Cunningham,Spain
Fields,Germany
Johnston,Spain
Vasilyev,France
Hooper,France
Colombo,Germany
Tsao,France
Chikere,Germany
Ballard,Spain
Akhtar,France
O'Loughlin,Spain
Davis,Germany
Barry,Spain
K'ung,France
Gorman,France
John,Spain
Tsou,France
Okonkwo,France
Esposito,Germany
Boni,France
Pratt,Germany
Page,Germany
Wilkinson,France
Tseng,France
Clark,France
Finch,Germany
Shen,France
Hou,France
Wall,Germany
Manna,France
Reyes,France
Jideofor,Germany
Sal,Germany
Iweobiegbunam,Germany
Shao,France
Heath,Germany
Chidimma,Spain
Murray,Germany
Sullivan,Spain
Wu,France
Downie,France
Chukwufumnanya,Spain
Allan,Spain
Findlay,France
Ch'eng,Spain
Miller,France
Tsai,France
Graham,Spain
Norton,Spain
Yegorov,France
Holt,Spain
Kao,France
Ross,Spain
Hsiao,France
Allan,Germany
Liang,Spain
Briggs,Spain
Cantrell,Germany
Wang,Germany
Aksenov,France
Glennon,France
Yancy,France
Mazzi,France
Liu,Germany
Nucci,Spain
Y?,France
Nucci,France
Tang,France
Kao,Germany
Chen,Spain
Yao,Spain
Tsou,France
Barnes,France
H?,France
Cruz,Germany
Smith,France
Onuchukwu,Spain
Bukowski,France
Simmons,France
Stewart,Spain
Gow,France
Williams,France
Francis,France
Calabresi,Spain
Chimaobim,Spain
Chikwendu,France
Padovesi,Germany
Henderson,Spain
Kharlamova,Spain
Onio,France
Yeh,Germany
Feng,France
Norman,Germany
White,France
Manfrin,Germany
Ritchie,France
Udegbulam,Spain
Kao,France
Diaz,Spain
Olisaemeka,Germany
Ross-Watt,Germany
Miller,Spain
Shubin,Spain
Nwankwo,Spain
Cartwright,Germany
Ngozichukwuka,Spain
Sadler,Germany
Azuka,France
Shen,Spain
Whittaker,Spain
Abazu,Spain
Murphy,France
Ford,France
Gratwick,Spain
Pai,France
Lorenzo,France
Brady,Germany
Wong,Germany
Douglas,France
Kennedy,France
Chang,France
Brown,France
Hsiung,Spain
MacDonald,France
Davidson,Spain
Milano,Spain
Bovee,Spain
Lewis,Spain
Dyer,Spain
Hsia,France
Hicks,Germany
Millar,Germany
Fan,France
Young,France
Kerr,Spain
Frolova,France
Vasilyev,France
Sabbatini,Germany
Ifeanacho,France
Capon,France
Chieloka,Spain
Hanson,France
Ts'ao,Spain
Bradshaw,Spain
Nkemakolam,Spain
Clunie,France
Cover,Germany
Esposito,Germany
Hodgson,France
Harvey,Spain
Dobie,France
Okwudilichukwu,France
Dyer,France
Chase,Spain
Baresi,France
Lo,Germany
Tyler,France
Ts'ui,Spain
Aparicio,Spain
Macleod,France
Sal,Spain
Yeh,France
Udegbunam,Spain
Alexandrov,France
Ozioma,France
Atkins,France
Campos,France
Wood,Spain
Kerr,France
Chienezie,Spain
Tsou,Germany
McKinnon,France
Nwachukwu,France
Nwebube,France
Burt,Spain
Ross,France
Lees,Spain
Feetham,France
Chuang,Spain
Aitken,Germany
Chambers,Germany
Coburn,Spain
Ahmed,Spain
Ogochukwu,France
Soto,France
Obiajulu,France
Yegorova,Germany
Lucchese,France
Talbot,France
Lu,Spain
Arnold,Spain
Nicholson,Spain
Chukwualuka,France
Wallace,France
Pisano,Spain
Kelly,France
Brady,Spain
Palmer,France
Tan,France
L?,France
Mordvinova,Spain
Corones,Germany
Clements,France
Morrice,Germany
Hsiung,Germany
Barrett,France
Kanayochukwu,France
Tardent,France
Bowhay,Germany
Lei,Spain
Baker,Spain
Pisano,France
Castillo,Germany
Gibson,Germany
Lindsay,Germany
Macnamara,Germany
Romano,France
Aksakova,Spain
Farnsworth,France
Giordano,France
Arnold,France
Thompson,Germany
Koch,Spain
Jones,France
Otitodilinna,Spain
Fleetwood-Smith,Spain
Chinonyelum,France
Montague,Spain
Milani,France
Palermo,France
Anderson,France
Crawford,Germany
Lin,France
Yewen,France
Simmons,Germany
Mbadiwe,France
Munro,France
Graham,France
Lombardo,Spain
Kalinin,France
Woodward,Germany
Pirozzi,France
Iweobiegbulam,France
Piazza,Germany
Baranova,Germany
Fan,Spain
Sun,France
Marino,France
Donaldson,France
Burton,France
Quinn,France
Sabbatini,Germany
Brooks,France
Black,France
Schwartz,Spain
Ts'ui,Spain
Sargent,France
Udinesi,Spain
Lee,Germany
Taylor,France
Kepley,France
Ozuluonye,Germany
Lassetter,France
Mishina,France
Trevisano,Germany
Iloerika,Spain
Tan,France
Chikelu,France
Lin,France
Nicholson,France
Ugoji,Germany
Michel,Germany
Bruce,Germany
Feng,France
McDonald,France
Watt,France
Goodwin,France
Arcuri,France
Rapuluolisa,Spain
Kao,Germany
Tsui,Spain
Summers,Germany
Cross,Spain
Osorio,France
Bobrov,Germany
Barnett,Germany
Pike,Spain
Gearheart,Spain
Bruno,Spain
Egobudike,France
Okechukwu,Spain
Zikoranachidimma,Germany
Milanesi,France
Ahern,France
Dickson,Spain
Anayochukwu,Germany
McDonald,Germany
Fiorentini,Spain
Russo,Germany
Young,France
Bianchi,France
Fallaci,France
Crawford,France
Marsh,France
Kosisochukwu,Spain
Piccio,Spain
Nevels,France
Kaodilinakachukwu,France
Amaechi,France
P'an,Spain
Ikemefuna,Spain
Tai,Germany
Winn,France
Hardy,Spain
Chiu,France
Lopez,Germany
Steen,France
Ferri,Spain
Yegorova,France
Knowles,Spain
May,Germany
Bianchi,Spain
Pipes,France
Doherty,France
Yobanna,France
Hsu,Germany
Russell,France
Payne,Spain
Windsor,Germany
Bray,Germany
Seleznyov,France
Wark,France
Y?,Germany
Brown,Spain
Huang,Spain
Zito,Germany
Bailey,France
Allnutt,France
Christie,Spain
Pope,Germany
Johnstone,Germany
Bird,Spain
Jones,France
Pedder,Germany
Calabrese,France
Chialuka,France
McKenzie,France
Holloway,France
Tang,Spain
Byrne,Germany
Selwyn,Germany
Genovese,France
Koger,Germany
Baranov,France
Greco,Spain
Owens,France
Y?,France
Kendall,Germany
Ko,Germany
Tang,France
Lombardo,Germany
Perkins,France
Feng,France
Lo,Germany
Piccio,Spain
Mazzanti,Germany
Chukwualuka,Spain
Elliot,Germany
Gratton,France
Carandini,France
Robinson,Spain
Lo,France
Ma,France
Vinogradova,Spain
H?,Spain
Alexandrova,Spain
Yang,Spain
Maslova,Spain
Buccho,France
Young,Germany
Barker,France
Sung,Spain
Hansen,Germany
Brown,France
Lo Duca,France
Ellis,Spain
Korff,Germany
Gardiner,France
Kiernan,Spain
Thompson,Germany
Mathews,France
Macrossan,France
Illingworth,Spain
Bowen,Spain
Craig,France
Menhennitt,Spain
Moore,Germany
Shoebridge,France
Palermo,France
Reilly,Germany
Bowen,Spain
Fyodorov,France
Clements,France
McKenzie,France
Craig,Spain
Iloerika,France
Dolgorukova,Germany
Eva,France
Yeh,France
P'an,Spain
Howe,Spain
Jenkins,France
Shih,France
Nnamdi,France
Mitchell,France
Findlay,France
Pisani,France
Belisario,France
Pomeroy,France
Ibrahimova,Germany
K?,Spain
Graham,France
Trevisano,France
Trevisano,France
K?,France
Manning,Germany
Tucker,Germany
Schaffer,Spain
Esomchi,Germany
Ch'ang,France
Walker,France
Chu,France
Crawford,France
Milne,Spain
Anenechukwu,France
Donaldson,Spain
Kelly,France
Ts'ao,France
Gonzalez,Germany
Tai,France
Muravyova,Germany
Milanesi,Germany
Lin,France
Lambert,Germany
Temple,Spain
Ridley,France
Young,France
Slye,France
Pan,Germany
Hsueh,Germany
Roberts,France
Moss,France
Andrews,France
Takasuka,France
Dawson,France
Bruche,France
Oliver,Germany
Ryan,Germany
Sabbatini,Germany
Watt,Spain
Wilson,Spain
Abramova,Germany
Purdy,Spain
Higgins,France
Marshall,France
Reye,France
Chibueze,Germany
Kwemtochukwu,Germany
Biryukova,Spain
Chidozie,France
Barber,France
Thompson,France
Maslov,Germany
Jones,Germany
Chidumaga,Germany
Hs?,France
Trentini,Germany
Lucas,Spain
Willoughby,France
Jamieson,Germany
Robertson,Spain
Ojiofor,Germany
Cameron,Germany
Mayne,Spain
Mancini,Spain
Paramor,Germany
Young,Spain
Daly,Spain
Carter,France
Dike,France
Hughes,France
Green,Spain
Chinomso,Germany
Gorshkov,France
Chinomso,France
Ijendu,Spain
Yen,France
Arcuri,France
Baresi,Spain
Field,France
Christian,Germany
Ross,France
Trevisani,France
Akabueze,Spain
Dunn,Spain
Martin,France
Donaldson,France
McClinton,Spain
Bentley,Spain
Ibezimako,France
Thomson,France
Ch'in,Germany
Holbrook,Germany
Solomina,France
McDonald,France
Dennis,France
Faulk,Germany
Dale,France
Gorbunov,France
Farrell,France
De Luca,France
Walker,France
Forster,France
Brown,France
Monaldo,France
Wu,France
Pan,France
Longo,Germany
Findlay,France
Fu,France
Yin,France
Hamilton,France
Miller,France
Hsing,France
Mitchell,Spain
Chamberlin,France
Buttenshaw,Germany
Anayochukwu,Spain
Wallace,Germany
Calabresi,Germany
Sun,Spain
Tuan,France
Nazarova,Spain
Bryant,France
Pai,France
Power,France
Hao,Germany
McMillan,France
Merrett,France
Phillips,France
De Luca,Spain
Tu,France
Elder,Germany
Dilke,France
Panicucci,Germany
Mason,Spain
Townsend,Spain
Gunson,France
Milano,Germany
Macleod,Germany
Olisaemeka,Germany
Gleeson,France
Martin,Spain
Liao,Spain
Sung,Spain
Lai,Spain
Cartwright,Germany
Wu,Germany
Ch'in,Germany
Biryukov,France
Ting,France
P'eng,Germany
Niu,Spain
Mellor,France
Power,France
Arcuri,Spain
Lang,France
Eve,Germany
Ch'in,France
Napolitani,Spain
Barker,Spain
Whitfield,Spain
Stradford,Spain
Brownlow,France
Dunn,Spain
DeRose,Spain
Wang,Germany
Hobbs,Germany
Anderson,France
Ugochukwu,France
Kirsova,Germany
Tsou,Germany
Ozerova,France
Li,Spain
Fyans,Spain
Freeman,France
Chiu,France
Iadanza,Spain
Ferguson,France
Kelly,Germany
She,Germany
Christie,France
Creel,Spain
Thompson,France
Lazareva,Spain
Boni,France
Evseev,France
Marino,Germany
Mackenzie,Germany
Sutherland,France
Nicolay,Spain
Lori,France
Piazza,Germany
Somerville,France
Christie,France
Grave,Spain
Lori,France
Iloerika,Spain
Muir,France
Pauley,France
Kao,Spain
Grant,France
Chukwuma,France
Vincent,France
Lazareva,Spain
Ch'ien,Spain
Bishop,France
Chibuzo,Spain
Chang,France
Calabrese,Germany
Tokaryev,Spain
Logan,Spain
Ozerova,France
Goering,France
Lo,France
Simmons,France
Maduabuchim,Spain
Linger,France
Yeh,France
Stevenson,France
Ifeatu,France
Kenechukwu,Germany
Learmonth,Germany
Dickson,Spain
Volkova,Spain
Mitchell,Spain
Wong,Spain
James,Germany
Shao,France
Walton,France
Stanley,Spain
Watson,Germany
Folliero,Germany
Fitzgerald,France
Garner,Germany
Folliero,Spain
Liao,Spain
Lucchesi,France
Chan,France
Ma,Spain
Nwabugwu,France
P'eng,Spain
Andrews,France
Otutodilinna,France
Grant,France
Abramovich,Spain
Komarova,France
Otutodilichukwu,Spain
Donaldson,France
Duggan,France
Chinwendu,Germany
Hamilton,France
Smith,France
Mazzi,France
Krischock,Spain
Kent,Spain
Binder,France
Zubarev,France
Degtyarev,Germany
Obialo,France
Davydova,Germany
Teng,Germany
Hsing,Spain
Coleman,Spain
Wilder,France
Molineux,France
Cocci,Spain
Chikwendu,Spain
Fraser,Germany
Lai,Germany
Korovin,Spain
Sidorov,Spain
Ibrahimova,Spain
Duigan,France
Taylor,France
Donaldson,France
Jobson,France
Lu,France
Nebechi,France
Cross,Spain
Wallace,France
Perreault,France
Manna,Germany
Hsiung,France
Gibbons,France
Algeranoff,Germany
Doherty,Germany
Rowe,Spain
Yates,France
Galloway,France
Genovese,France
Arrington,France
Miah,France
Chijindum,Germany
Ferguson,France
Smith,France
Marshall,France
P'an,Germany
Burton,France
Kamdibe,France
Milani,France
Forbes,Spain
Chiekwugo,Germany
Cousens,France
Ross,France
Wood,Spain
Hawks,France
T'ien,Spain
Ting,Germany
Thynne,France
Wang,France
Maclean,France
Watson,France
Gibson,Spain
French,France
Henderson,France
Greenwood,Spain
Anderson,France
Mistry,Germany
Tuan,France
Fiorentini,France
Scott,Germany
Jideofor,France
Yevseyev,France
Kelly,Spain
Smith,Spain
Ogle,Spain
Moss,Spain
Loggia,Spain
Nwankwo,France
Allan,France
Woronoff,Germany
Wolfe,France
Henderson,Spain
Sutherland,Spain
Marsden,Germany
Hyde,France
Kao,Germany
T'ang,France
Crawford,Germany
Dilibe,Germany
Austin,Spain
Santiago,France
Chibugo,Germany
Toscano,France
Afanasyeva,France
Sokolov,France
Wei,France
Olisanugo,France
Gorman,France
Priestley,France
Lloyd,France
Salmond,Spain
MacDonald,France
Robertson,Spain
Chukwumaobim,Germany
Ifeanacho,France
Li Fonti,Germany
Ko,Spain
Goloubev,France
Kruglov,Spain
Liao,Germany
White,Germany
Sinclair,Spain
Fiorentini,France
Shen,France
Rapuokwu,France
Woronoff,France
Holden,Germany
Roberts,France
Tsou,Germany
Somerville,Spain
Greco,Germany
Leonard,France
McKenzie,Spain
McElhone,France
Dipietro,France
Kerr,Spain
Hunter,France
Niehaus,Spain
Craig,France
Barclay-Harvey,France
Teng,Spain
Milani,France
Mistry,Spain
Jamieson,Germany
Kay,Spain
Ikedinachukwu,Spain
Holt,France
Nkemakolam,France
Hartung,France
Ch'en,Spain
Baker,Spain
Osinachi,France
Shih,France
Feng,Germany
Sternberg,Germany
Adams,France
Gray,Germany
Shepherd,Germany
Walton,France
Yang,Germany
Barnett,Germany
Romani,Spain
Greene,Germany
Hart,Spain
Johnston,Spain
Miller,Germany
Robson,Spain
Wallace,Spain
Cross,France
Marcum,Germany
North,France
Mao,France
Calabrese,Germany
Martin,France
Fleming,Spain
Roberts,Germany
Finch,France
Whitelegge,Spain
Rooke,Germany
Lu,Spain
Marcelo,France
Matthews,Spain
Romani,France
Scott,France
Mao,Germany
Horsley,Spain
Goddard,France
Eskridge,Germany
Smith,France
Simpson,Germany
Oguejiofor,Spain
Holloway,Spain
L?,Germany
Feng,France
Claiborne,France
Egobudike,Spain
Folliero,France
Bray,France
Ibrahimov,Spain
Carpenter,France
Walsh,France
Woods,France
Wu,France
Forbes,France
Lynch,France
Amaechi,France
Enriquez,Germany
Y?an,France
Brooks,Germany
Wang,France
Burke,France
Meng,Spain
Chiganu,France
Hunt,France
Lucchese,France
Humphries,France
Frolova,France
Hsing,Germany
Parkes,France
Gregory,France
Obiuto,Spain
Longo,France
Lombardo,France
Lombardo,Germany
Gonzalez,France
Nwabugwu,Germany
Ford,Germany
Gilleland,France
Fullwood,France
Kao,France
Montalvo,France
Wilson,Germany
Doyne,Spain
Onwuamaeze,France
K'ung,Germany
O'Donnell,Spain
McMillan,France
Chinedum,France
Capon,France
Rawling,France
Duncan,France
Trevisani,France
Ankudinova,France
Balsillie,Germany
Kerr,France
Worsnop,France
Yevseyev,Spain
Manna,Spain
Siciliani,France
Powell,France
Bazarova,France
White,France
Buda,Spain
Cattaneo,Germany
Lo,France
Brown,Spain
Rose,France
Lombardo,Germany
McMillan,Spain
Howe,France
Hsu,Spain
Han,France
Calabrese,France
Riley,France
Biryukov,Germany
Broadhurst,France
Genovesi,Germany
Hsieh,Germany
Kemp,France
Chukwudi,France
Iqbal,Germany
Teng,France
Tao,France
Chinedum,France
Stevenson,Spain
Duncan,Spain
Garrett,Spain
Yao,Spain
He,Germany
Mazzi,France
Edwards,France
Lucchesi,Germany
Siciliani,France
Shih,Germany
Logue,France
Rechner,France
O'Brien,France
Stewart,Germany
Batt,Germany
Hope,Germany
Ahmed,France
Pearson,Spain
Kruglov,Spain
Gordon,France
Trujillo,France
Pagnotto,Germany
Horton,Germany
DeRose,France
Chiang,Spain
Gill,France
Trevisano,Spain
Morrison,Germany
Onuora,Germany
Ikenna,Spain
Mancini,France
Moss,France
Ting,Spain
Tai,France
Pan,France
Wilson,France
Bianchi,Spain
Holman,Germany
Obidimkpa,France
Wallace,France
Ash,France
Ku,France
Uspensky,France
Shih,Spain
Kumm,France
Carey,Spain
Farber,Germany
Calabrese,Germany
Findlay,Germany
Yu,France
Edments,Spain
Brown,Spain
Lindon,Germany
Chukwudi,France
Caldwell,France
Li Fonti,France
Pitcher,France
Capon,France
Kable,France
Lo Duca,Germany
Kulikova,France
Navarrete,Germany
Huguley,France
Han,Spain
Horsley,France
Massie,France
Singh,France
H?,France
Doyle,Spain
Grant,Spain
Law,France
King,France
Onwubiko,France
Romano,Spain
Okwudilichukwu,Spain
Milano,Spain
Parker,Germany
Aitken,France
Obiora,Spain
Vasilyeva,Spain
Chiabuotu,Spain
Slater,Germany
Hughes,France
Menkens,France
Pisani,Spain
Y?an,France
Milani,France
Chin,Spain
Fu,France
Howells,Spain
Ni,France
Maslova,Spain
Forster,Germany
Sun,Spain
Bocharova,France
Y?an,Spain
Singh,Germany
Nkemakonam,France
Chiemenam,Spain
Angelo,Spain
Frolov,France
West,France
Beatham,Spain
Pollard,Germany
Hsing,Spain
Dowse,Spain
Lucciano,France
Godfrey,France
Gratton,France
Manning,France
Mazzi,Germany
Wall,Germany
Sims,Spain
Allan,France
Griffen,Spain
Russell,France
Brown,Spain
Palerma,Germany
Gilbert,Spain
Uvarov,France
Wisdom,Germany
Hussain,France
Woods,France
Cameron,Germany
Mai,Spain
Gibson,Spain
Grigoryeva,Germany
Gunter,Spain
Arcuri,France
Tung,France
Smith,Germany
Lori,France
Chidimma,France
Ting,France
Tsao,Spain
Collee,Spain
Lettiere,Spain
Fu,France
Bergamaschi,Germany
Dyer,France
Buccho,France
Jones,France
Nebechi,Germany
Ibekwe,France
Gorshkov,Germany
Nweke,Spain
Hairston,France
Loggia,Germany
Morgan,Germany
Abdulov,Germany
Norris,Germany
Clark,Spain
Chukwudi,France
Perkin,France
Ch'ang,France
Kang,France
Chukwudi,Germany
Frolova,Germany
Chiu,Germany
Simpson,France
McLean,Spain
Hu,Germany
Savage,Germany
Wallace,Germany
Winter,Germany
Ho,France
Su,Spain
Li Fonti,Spain
Ives,France
Trevisani,Germany
Bond,France
Lettiere,Germany
Houghton,Germany
Lei,France
Stirling,Germany
Grant,France
Baresi,France
Pearce,Germany
Rutledge,Spain
Udegbunam,France
Zaytseva,France
Onyemauchechukwu,France
Mullah,Spain
Candler,France
Konovalova,France
Lei,France
Hollis,France
Lionel,France
Francis,Spain
Carter,Spain
Mai,Germany
Johnson,France
Sherman,France
Sabbatini,France
Shih,Germany
Yao,Germany
Ko,France
Kazakova,France
Chiganu,Germany
Nucci,Spain
Marsden,Spain
Serena,Spain
McLean,France
Longo,France
Wilson,France
Hsiung,France
Wright,France
Folliero,France
Johnston,Germany
Palermo,Spain
Nwabugwu,Spain
Endrizzi,Spain
Tuan,Germany
Udobata,France
Ibezimako,Spain
Maclean,Germany
Shaw,Spain
Cummins,France
Lavrentiev,France
Saunders,Germany
Fiorentino,France
Knight,Spain
Manfrin,France
Zetticci,France
Angelo,Germany
Zhdanov,France
Peck,France
Uwaezuoke,France
White,Germany
Greco,Germany
Chu,Spain
Kodilinyechukwu,France
Scott,Spain
Enyinnaya,France
Hao,France
McElhone,France
Ko,Spain
Day,Germany
Harris,France
Gerald,Germany
Nebeuwa,Spain
Kaodilinakachukwu,Germany
Maruff,Germany
Howe,Germany
Knepper,Germany
Fennell,Spain
T'ao,France
Morris,France
Holmes,France
Yu,Spain
Walker,Germany
Edwards,France
Harvey,France
McDonald,Germany
Chambers,Germany
Reed,Spain
Shih,France
Onyemachukwu,France
Teng,Germany
Hand,France
Onyemauchechukwu,France
Bailey,France
Chiang,Germany
Maclean,Germany
Yobachi,Spain
Munro,Germany
Chidi,France
Chamberlain,Spain
Trujillo,Spain
Tang,France
Wilson,France
Mann,Spain
Parry,France
Manfrin,France
Millar,France
Simmons,Spain
Beneventi,Germany
Chung,Spain
Maxwell,Germany
Dale,Germany
Stevens,Spain
Wei,France
Chiu,France
Duncan,Spain
Brady,Spain
Macleod,France
Berkeley,France
Kaur,France
Bell,France
Nwokike,France
Williamson,Germany
Mountgarrett,Germany
Wreford,France
Paterson,Germany
Hou,France
Smith,France
Peng,Germany
Wollstonecraft,Germany
Bolton,France
Corrie,France
Boyle,Spain
Lambie,France
Cartwright,France
Lu,France
Pisano,France
Chukwubuikem,France
Harper,Germany
Wilson,Germany
Ch'in,Germany
Streeton,Spain
Ch'ang,Spain
Pennington,France
T'ien,France
Liu,France
Cunningham,France
Ch'in,France
Smith,France
Anderson,Germany
Forbes,Germany
Ansell,Germany
Chiu,Germany
Yevdokimova,France
Chamberlin,Germany
Johnston,France
McDonald,Germany
Chen,France
Cattaneo,Spain
Barclay-Harvey,France
Dawson,France
Costa,Germany
Chikwado,France
Ch'eng,Spain
Harrison,Germany
Crawford,France
Gibson,Spain
Martin,Spain
Stokes,France
Niu,France
Ampt,Spain
Wynn,Germany
Lawrence,Spain
Wagner,Germany
Argyle,Spain
Ofodile,France
Chiemenam,Spain
Akobundu,Germany
Locke,France
Bullen,France
Forster,France
Smith,France
Craig,Germany
Archer,France
McWilliams,Spain
Moss,France
Townsend,Spain
Brown,France
Munson,Spain
T'ien,France
Shubin,France
Isayeva,Germany
Hung,Spain
Webb,France
Scott,France
Rahman,France
Lori,France
Cooke,France
Volkova,Germany
Lamb,Spain
Hawes,Germany
Smith,France
Swanton,Germany
Mitchell,France
Colombo,Germany
Shaw,Germany
Shipp,France
Jonathan,Spain
Hernandez,France
Green,Germany
Young,France
Han,France
Highland,Spain
Hamilton,France
Yobanna,France
Crawford,Germany
Beavers,Germany
Williamson,Spain
Beneventi,France
Chidumaga,France
Mitchell,France
Chibugo,Spain
Hyde,Germany
Alekseeva,France
Abdulov,Spain
Buckley,Spain
Howard,Germany
Peel,France
Herz,Germany
Holden,France
McLean,France
Findlay,Spain
Wyatt,France
Rapuluolisa,Germany
Buckland,Spain
Hargreaves,Germany
Onyeoruru,France
Salas,Spain
Laney,Germany
Fu,France
Tien,Spain
Sazonova,France
Tuan,France
Wei,Germany
Bergamaschi,Germany
Taylor,Spain
Messersmith,France
Coles,Germany
Brookes,France
Reid,France
Etheridge,France
Jolly,Spain
Chizoba,Spain
Eberegbulam,France
Pagnotto,France
Lucchesi,France
Hughes,Germany
Panicucci,Germany
Burns,Germany
Ricci,Spain
Lambert,Spain
Esposito,Spain
Benson,Spain
Botts,Germany
Parkes,France
Mai,Spain
Castiglione,France
Manna,France
Lin,France
Fink,France
Baresi,France
Morehead,France
Afamefuna,Spain
Greco,France
Balashova,France
Bogdanov,France
Lowe,France
Ponce,Germany
Trevisano,Spain
Gardner,France
Lorenzo,France
Palmer,France
Zuyeva,Germany
Jen,Spain
Alekseeva,France
Manfrin,Germany
Chiemenam,France
Chiemenam,Spain
Clark,France
Fanucci,Spain
Cattaneo,Germany
Udinesi,Germany
Bentley,Germany
Holmes,Germany
Austin,Spain
Mackenzie,Spain
Booth,Germany
Collier,Spain
Hs?,France
Oluchukwu,France
Sung,Germany
Marino,Spain
Vinogradov,Spain
Burns,France
Fanucci,Germany
Chukwujamuike,Spain
Flynn,France
Chao,Spain
Yeh,Germany
Klein,Germany
Mahmood,France
Tu,France
Shcherbakov,France
Zetticci,France
Carr,Spain
Browne,Spain
Feng,France
Ferguson,Germany
Shaw,France
Palermo,France
Moore,Spain
Huang,France
Gray,France
Sokolova,Spain
Henderson,France
Mosley,Germany
Nnaemeka,Spain
Everett,Spain
Goddard,Spain
Kuo,Germany
Bianchi,Spain
Rouse,France
Nwoye,France
Greco,Germany
Fang,France
Chiemenam,France
Artemiev,Spain
Burrows,France
Chizuoke,France
T'ien,France
Rogova,France
Trevisano,Germany
Sagese,France
Artyomova,Spain
Long,Spain
Hsueh,Spain
White,Germany
Lazarev,France
Benjamin,Spain
Wan,Spain
Romano,Germany
Craig,Spain
Yermolayeva,France
Tseng,France
Tseng,Spain
Le Hunte,France
Blake,Germany
Lane,France
Sparks,France
Tu,France
Tochukwu,France
Whittaker,Germany
Wang,Spain
Northern,Germany
Humphries,France
Cremonesi,France
Ku,France
Tobenna,Germany
Okwuadigbo,France
Johnston,Germany
Li,France
Talbot,France
Tu,Germany
T'ien,France
Ross,France
Maclean,France
Wan,Spain
Tsou,France
Jack,Germany
Lucchesi,France
Ch'eng,Germany
Saunders,Spain
Glover,Germany
Tung,France
Padovano,France
Johnstone,France
Endrizzi,France
Secombe,France
Elewechi,France
Chu,Germany
Lucciano,France
Pinto,France
McGregor,Germany
Ugorji,Germany
Bancks,France
Warlow-Davies,France
Dale,France
Buckley,France
Nkemjika,France
Fairley,France
Boothby,Germany
Chukwuhaenye,France
Lock,Germany
Clarke,Spain
Ramsey,France
Eipper,Germany
Ko,Germany
Munro,Spain
McGregor,France
Henderson,France
Fernandez,Spain
Porter,Spain
Pan,France
Esposito,Spain
Kaeppel,Germany
Lamb,Spain
Lei,Germany
Conti,France
Hargreaves,Germany
Yermolayev,France
Kerr,Spain
Waters,Germany
Onyeorulu,France
Kolesnikova,France
Kazakova,France
MacDonald,Spain
Sharwood,Spain
Bufkin,Germany
Nwankwo,France
Boniwell,France
Willis,France
Burns,Spain
Kung,France
Howells,France
Bevan,Spain
Neitenstein,France
Johnson,France
Sandover,Germany
Nnamutaezinwa,Spain
Sinclair,France
Wei,Germany
Higgins,France
Chang,Spain
Henderson,France
Cox,France
Tsui,France
Lee,France
Sergeyeva,Germany
Napolitani,Spain
Beatham,Germany
Lu,Germany
Yashina,France
Bales,France
Hill,Germany
Ibeamaka,Spain
Romilly,France
Hayes,Germany
Chiu,France
Sun,Germany
Brennan,France
Storey,Germany
Lawson,Germany
T'ao,France
Yao,Germany
Bracewell,Spain
Kerr,Germany
Blake,Germany
Sanders,Spain
Torkelson,France
Hsueh,France
Wang,Germany
Hightower,Germany
Genovesi,Germany
Levan,France
Lai,Germany
Loginov,France
Lafleur,France
Obidimkpa,Germany
Ch'ang,Germany
Mason,Spain
Miranda,Germany
Simon,Germany
Golubeva,France
Manfrin,Germany
Stange,France
Ferrari,Spain
Taylor,Germany
Wei,Spain
Ch'eng,France
Parsons,France
Pan,Germany
Cameron,France
Igwebuike,Spain
Tuan,France
Fraser,France
Turnbull,Spain
Chiazagomekpere,France
Yudina,France
Udinese,Germany
Chinweike,Germany
Bergamaschi,France
Milliner,France
Knowles,Spain
Swinton,France
Gregory,Germany
Chibueze,France
Sukhorukova,France
French,France
Estrada,Spain
Fleming,France
Kennedy,France
Combes,France
Carruthers,France
Andrejew,Spain
Ko,Germany
Daniels,Germany
Toscano,France
Wilson,France
Thomson,France
Kazantseva,France
Cremonesi,France
Ferri,France
Ferri,Spain
Lombardi,France
Eluemuno,France
Chiganu,Spain
Hsueh,France
O'Brien,France
Booth,France
O'Loghlin,Spain
Lavrov,Spain
Somadina,France
Colombo,France
Troupe,France
Kenenna,France
Franklin,France
Deleon,Germany
Kung,France
Zito,Spain
Giordano,France
Davide,Spain
Lei,Germany
Moss,France
Lucciano,Spain
Tai,France
Osinachi,France
Coates,Spain
Larionova,Germany
Seleznev,France
Butcher,France
Gould,Germany
Cunningham,France
Sanderson,France
Mai,Germany
Reid,Spain
Downer,France
Humphries,Germany
Bochsa,France
Czajkowski,France
Pankhurst,France
She,Germany
Birdseye,France
Hope,Spain
Gill,Spain
Moon,Spain
Watt,France
Chinomso,France
Bellucci,Spain
Barese,France
Fleming,Spain
Bell,France
Li Fonti,France
Christmas,Spain
Chuter,Spain
Johnson,Spain
Scott,Spain
Byrne,Spain
Chukwudi,France
Ma,France
Simmons,Spain
Fang,Spain
Blake,France
Tien,France
Yusupova,Spain
Davidson,Germany
Zhdanova,France
Nielson,Spain
Niu,Germany
Kay,Spain
Green,France
She,France
Ajuluchukwu,Germany
Sabbatini,France
Board,France
Leckie,France
Ho,France
Gordon,France
Iroawuchi,Spain
Liao,France
Hamilton,Germany
Chimaobim,Germany
Fan,Germany
Cayley,France
Kuykendall,France
McDonald,Germany
Duncan,France
Browne,Germany
Barton,France
Boyle,Germany
Moretti,France
Ukaegbulam,France
Nwankwo,France
Niu,Spain
Hsu,Spain
Shaw,Spain
Ho,France
Christie,France
Onwuemelie,France
Ch'ang,Germany
Clendinnen,France
Onyemauchechi,Germany
Crawford,France
Mellor,Germany
Rizzo,Spain
Christie,France
Watkins,Germany
Ojiofor,Germany
Tung,Spain
McKay,France
Meng,France
Hussain,France
Mactier,France
Hsueh,France
Nnachetam,France
Barnes,Spain
Christie,Germany
Lipton,France
Yu,Germany
Storey,Spain
Read,France
Levy,Germany
Chiu,France
Moore,Spain
Amies,Spain
Tsao,France
Rowley,France
Aliyev,Spain
Riley,France
Toscano,France
Oluchukwu,Spain
Fu,Spain
Warner,Spain
Fleming,Spain
Ch'iu,France
Langler,Spain
Angelo,Spain
T'ien,France
Milani,France
Pye,France
Asher,France
Chung,France
Yudin,France
Arcuri,France
Capon,Germany
Piccio,Spain
Lung,Spain
Trevisan,France
John,France
Anayolisa,Germany
Ritchie,France
Ch'eng,France
Macleod,France
Boyle,France
Chukwuemeka,Spain
Bryant,France
Hackett,Germany
Kovaleva,France
Reed,France
Major,France
Lo,France
Hanson,France
Ogbonnaya,Germany
Windsor,Spain
Calabrese,France
Keating,France
Costa,Germany
Tan,France
Ma,Spain
Martin,Germany
Halpern,Spain
Nyhan,Germany
Jackson,France
Reynolds,Spain
Tai,France
Trevisani,Germany
Uwakwe,France
Kerr,France
Findlay,France
Ugorji,Spain
Balashova,France
Cheng,France
Martin,France
Skinner,France
McDonald,France
Dellucci,France
Reynolds,Germany
Birdsall,France
Tsai,Germany
Oguejiofor,France
Mackie,Germany
Jamieson,Germany
Mai,France
Patterson,Spain
Taylor,France
Vinogradoff,France
North,France
Carter,Spain
Graham,France
Noble,France
Walker,Germany
Chibugo,Spain
Yobachi,France
Ignatyeva,Spain
Chiemela,France
Pokrovskaya,France
Storey,Germany
Moroney,France
Maslov,France
Chukwueloka,Germany
Chu,Germany
Spence,France
Mills,France
Doyle,France
Donnelly,Spain
Tai,France
Abbott,France
Perez,Germany
Hsiung,France
Cherkasova,Germany
Denisov,France
Fowler,France
Siciliano,France
Crocker,Germany
Longo,Spain
Polyakova,France
Brown,France
Uspensky,France
O'Meara,France
Cantamessa,Germany
Alexander,France
Chinagorom,France
Tomlinson,Spain
Lo,France
Nwachukwu,France
Yang,Germany
Bage,Germany
Marcelo,France
Ofodile,Germany
Savage,Spain
Piccio,France
Simmons,Spain
DeRose,Germany
Onuchukwu,Germany
Goodwin,Spain
Teakle,Spain
Thomson,France
Cross,Spain
Jones,Germany
Walker,Germany
De Salis,France
Oliver,France
Lo Duca,France
Brookes,France
Challis,France
Ibeabuchi,Spain
Iroawuchi,France
Tyler,France
Fan,France
Bates,Spain
Marsden,France
Dodgshun,France
Maclean,France
Blackall,France
Mazzanti,Germany
Amadi,France
Schoenheimer,France
Fiorentino,France
Murray,France
Fan,Germany
Cartwright,France
Cremonesi,France
White,Spain
Sabbatini,Germany
Patterson,France
Bromley,France
Doherty,Spain
Ifeatu,France
Bergamaschi,Spain
Shubina,France
Lung,Spain
Kinder,Germany
Terry,Germany
Shepherdson,France
Short,Spain
Zetticci,France
Belov,Spain
Knight,Spain
Burson,Spain
Nicholls,Germany
Hs?eh,France
Ku,France
T'ien,France
H?,Germany
Vasilieva,France
Omeokachie,Germany
Napolitano,Spain
Hopwood,France
Bergamaschi,France
Lindeman,Spain
McKinley,France
Sergeyev,France
Sanchez,Spain
Muomelu,Germany
Murray,France
Ibekwe,France
McVey,France
White,Germany
Patterson,France
Mai,France
Han,France
Davidson,Spain
Parkin,Spain
McKissick,France
Horsfall,France
Clapp,France
Azikiwe,France
Zubarev,France
Pisano,France
Coates,Germany
Trentino,Germany
MacDonnell,Spain
Ermakov,Germany
K?,Germany
Hammonds,France
Peppin,Spain
Ball,Spain
Yeh,Germany
L?,Spain
Shih,France
Greco,France
Napolitano,Germany
Zaytseva,France
Genovesi,Spain
Angelo,France
Waters,France
Maclean,Spain
Seleznyova,Spain
Fontenot,France
Reid,France
Fraser,Germany
Tuan,Spain
Howarth,France
Davis,Spain
Gorbunov,France
Gentry,France
Chiu,Germany
Sunderland,Spain
Fan,Germany
Parry,France
Niu,France
Zuyev,Germany
Ijendu,France
Bird,Spain
Palmer,Spain
Y?,Spain
Nicholson,France
Adams,France
Cocci,Germany
Kuo,Germany
Trevisani,France
Kuo,France
H?,France
Thomson,France
Knorr,Spain
Manfrin,France
Hayes,France
Shao,France
Sinclair,France
Bradshaw,Germany
Castiglione,France
Hurst,France
Adamson,France
James,France
Pavlova,Spain
Davey,France
Barrett,Spain
Dolgorukova,France
Johnson,France
Manna,Germany
Hou,Germany
Okeke,Germany
Kodilinyechukwu,France
Esposito,France
Boyle,France
Hsiung,France
Kennedy,Germany
Norton,France
Zakharov,France
Chimaraoke,France
Small,Spain
McGregor,France
Brown,Spain
Frederickson,France
Wood,Spain
Smith,Spain
Harris,Germany
Hall,France
Pickworth,France
Porter,France
Storey,France
Li,Germany
McGill,Germany
Sinclair,Spain
Horton,France
Sal,Germany
Murray,Germany
Giles,France
Brown,France
Okechukwu,Spain
White,Spain
Kirillova,Spain
Lawson,Germany
Sarratt,France
Hay,Germany
Lin,Germany
Ozerova,France
Lambert,Germany
Bulgakov,France
He,France
Uchechukwu,France
Robertson,Germany
Leworthy,France
Onyemachukwu,France
Rivero,Germany
Lai,Spain
Feng,Spain
Hornung,France
Schiavone,France
Barnet,Spain
Dennys,France
Ritchie,Germany
Lo,Spain
Yuriev,France
Howarth,France
Gibson,Germany
Zikoranachidimma,France
Mason,Germany
Rizzo,France
Thomson,Germany
Ignatyev,France
Ferguson,Germany
Woods,France
Sung,Spain
Lo,Spain
Burn,France
Russell,Germany
Jen,France
Lo Duca,France
Oluchi,Spain
Yao,France
Gould,France
Salter,Germany
Warner,France
Salier,France
Lazar,Germany
Onyenachiya,France
Findlay,Germany
Gibbons,Germany
McCawley,France
Taylor,France
Yang,Spain
Okwudiliolisa,Germany
Napolitano,France
Vavilov,France
Teague,Spain
Chiemenam,France
Hughes,Spain
Cattaneo,France
Davis,Germany
Nekrasova,Spain
Loggia,Germany
Combes,France
Onwuka,Germany
Kharlamov,Spain
Scott,Spain
Lettiere,Germany
Osonduagwuike,France
Wan,Spain
Donaldson,Spain
Chukwufumnanya,France
Ma,Germany
Alexander,Spain
Nkemjika,Spain
Carroll,France
Obioma,Germany
Campbell,Spain
Sims,France
McKay,Spain
Huang,Spain
Campbell,Germany
Boni,France
Gorbunova,France
Genovese,France
Landor,Germany
Meng,Spain
Wardell,France
Williams,France
Ofodile,Spain
Clark,France
Lo,Spain
Chukwuemeka,France
Lai,Germany
Arcuri,France
Graham,France
Krylov,France
Henry,Spain
Jamieson,Spain
Moore,Germany
Tan,France
Thornton,Spain
Macleod,France
Rizzo,France
Chukwukadibia,Spain
Ts'ai,France
Lu,Germany
Kent,Germany
Black,France
Chukwubuikem,Spain
McMillan,Germany
Ngozichukwuka,Spain
Y?an,France
Sung,Germany
Macartney,France
Ali,France
Morley,Spain
Martin,Spain
Okorie,France
Ku,France
Andreyeva,France
Cheng,France
Hsia,Spain
Lane,France
Findlay,Germany
Okonkwo,Germany
Pirogova,France
McDonald,Germany
Okonkwo,France
Nnanna,Germany
Ku,France
Porter,Spain
Somayina,France
Mao,Germany
Fuller,Germany
Craig,Spain
Trevisano,France
Ruiz,France
Fraser,France
Gallo,France
Waterhouse,Germany
Cremonesi,France
Feng,Spain
H?,France
Jara,France
Wilson,Germany
O'Callaghan,Germany
Robson,France
Pease,France
Maclean,France
Lavrentyev,France
Rhodes,Germany
Murphy,Spain
Alexander,Germany
Nekrasov,Germany
Arnold,France
Trevisan,France
Mason,France
Tucker,France
Hobson,Germany
Gordon,France
Anderson,France
Terry,Germany
Lappin,France
Santiago,France
Wallace,France
King,France
Fang,France
May,Spain
Travis,France
Nnachetam,Germany
Zhdanova,Spain
Jefferson,France
Cremonesi,Spain
Fang,France
Sinclair,Germany
Begley,Spain
Degtyarev,Germany
Atkins,France
Ikenna,Spain
Sun,France
Lettiere,France
Smith,Germany
Finch,France
Monaldo,Germany
Ugonna,France
Chiang,France
Sun,France
Blackburn,France
Chang,Spain
Palermo,France
McEwan,Spain
Davide,Germany
Chieloka,Spain
Humphreys,Germany
Cocci,Germany
Hanson,Spain
Macleod,France
Ritchie,France
Nebechukwu,France
Nnamutaezinwa,France
Ikemefuna,Germany
Scott,France
Chiang,Spain
Artyomova,France
Hsieh,Spain
Levien,France
Erskine,Spain
Fiorentino,Germany
Okonkwo,France
Monds,France
Campbell,Spain
Ibekwe,France
Marcelo,France
Castro,Germany
Capon,France
Voronova,Germany
Loggia,Spain
Law,France
Grant,Spain
Greco,Germany
Dietz,Germany
Martel,Spain
Jarvis,France
Meng,France
Hay,Germany
Voronoff,France
Trevascus,Germany
Ho,Spain
Hansen,France
Craig,France
Hall,Spain
Sun,France
Durant,Spain
Jackson,France
Chigozie,Spain
Farmer,Germany
Douglas,Germany
Ardis,Germany
Smith,Germany
Butler,Germany
Pettry,France
John,Spain
Potter,France
Shaw,France
Boyle,France
Elmore,Germany
Udinesi,France
Sun,Germany
Tuan,France
Lawrence,France
Burrows,Spain
Shao,France
White,Spain
Chialuka,France
Toscano,France
McKay,Spain
Voronkov,France
Sal,Spain
Ikechukwu,France
Kruglova,Spain
Clements,Spain
Kennedy,France
Johnson,Germany
Chung,Germany
Garland,Germany
Docherty,Germany
Nnaife,France
Lettiere,France
Sanderson,Germany
Fomin,Germany
Wright,France
Buckley,France
Pan,Germany
Manna,France
Chinwendu,France
Ndubuagha,France
White,Spain
Hale,Spain
Ross,France
Ikenna,France
Nkemdilim,France
McMillan,France
Duke,France
Bradbury,Germany
Bayley,Germany
Bartlett,Germany
Cremin,Spain
Gilchrist,Germany
Shih,Germany
Fitzpatrick,France
Pagan,France
Hendrick,Spain
Sanderson,France
Samsonova,Spain
Azubuike,France
Pan,Spain
Massie,Germany
Sandover,France
Craig,France
Onwudiwe,Spain
Chu,Germany
Zetticci,Spain
Vaguine,France
Owen,France
Hurst,France
Harding,France
Smith,Germany
Moore,Spain
Bradley,France
Burfitt,Spain
Mackenzie,France
Milanesi,France
Shubin,France
Nieves,France
Martin,France
Jen,Spain
Woods,Spain
Docherty,Germany
Lin,Spain
Cheng,Spain
Korovina,France
Macdonald,France
Hardy,Germany
Shaw,Spain
Knight,France
Bruny,Spain
Ikedinachukwu,France
Moran,France
Macleod,Spain
Yin,France
Felix,France
Rippey,France
Mishina,France
Graham,Spain
Johnston,Spain
Korovin,Spain
Lei,Germany
Chimaijem,Spain
Scott,France
Grant,France
McIntyre,Spain
Griffin,Germany
Converse,Germany
Ch'ang,France
Coates,France
Reid,France
Ts'ui,France
Belstead,France
Dickinson,Germany
Nwora,Germany
Bishop,Spain
Loggia,Spain
Rowe,France
Balashov,France
Ulyanova,Germany
Bogolyubova,France
Remington,France
Mishin,Spain
Tu,Spain
Castiglione,France
Nnaife,Spain
Yang,France
Ayers,France
Cocci,Germany
Mackenzie,Spain
Fiorentini,Germany
Akabueze,Germany
Hyde,France
Levi,Germany
Nwabugwu,France
Chia,Spain
Trevisano,Spain
Bennetts,France
Teng,France
Hsueh,Spain
Mahmood,France
Sinclair,France
Chin,Germany
She,Spain
He,Germany
Hill,France
Vachon,Germany
Ball,Germany
Hsieh,France
Baker,France
Monaldo,Germany
Lucchesi,France
Hamilton,Germany
Kuo,Germany
Fan,Spain
Wright,France
Milano,Germany
Wall,Germany
Chidumaga,Germany
Olisaemeka,France
Kovalyova,Spain
Onio,Spain
Hill,Spain
Okeke,France
Upjohn,France
H?,Germany
Marcus,Germany
Yobachukwu,Spain
Russell,Spain
Hovell,Germany
Chukwumaobim,France
Boyle,France
Scott,France
Johnstone,Spain
Alvares,France
McDavid,Spain
Dellucci,France
Brothers,France
Sanders,France
Morrison,France
Molle,Germany
Genovese,Spain
Zetticci,France
Hsueh,Spain
Alexander,France
Muravyova,Spain
Wright,Germany
Calabresi,France
Johnson,Germany
Lucchesi,Spain
Galgano,Germany
Grigoryeva,Spain
Raymond,Spain
Paterson,Germany
Genovese,Spain
Martin,France
Moretti,France
Leckie,Germany
Lane,Germany
Brodney,Germany
Angelo,Germany
Millar,Spain
Balashov,France
Afanasyev,Germany
Chialuka,Germany
Yermolayev,France
Tien,Spain
Lucchesi,France
Lai,France
Bates,France
Saunders,France
Chukwuemeka,Spain
Meagher,Spain
Golubeva,Spain
Collier,France
Chan,Germany
Chen,France
Wright,France
Cocci,France
Williams,France
McGuffog,France
Chukwujamuike,Germany
Scott,France
Bell,France
Olisaemeka,France
Napolitani,France
Sargood,Spain
Harrington,France
Sutherland,France
Allan,Germany
Folliero,France
Mordvinova,France
Schofield,Germany
Williams,France
Baird,France
Whitehouse,Spain
Thompson,Germany
Ogochukwu,Spain
Niu,Spain
Okoli,Germany
Lorenzen,Germany
Okechukwu,Germany
Anderson,Germany
Ku,France
Kung,France
Lu,France
Trevisano,France
Onwubiko,France
Vidler,France
Shen,France
McGregor,France
Nnamdi,Germany
Castiglione,France
Bergamaschi,Germany
Allingham,Spain
Stelzer,France
Rubin,Spain
Ho,France
Watson,Germany
Perry,France
Sun,Spain
Harrell,France
Robson,France
Wilson,Germany
Kelechi,France
Bates,Spain
Eberegbulam,Germany
Olisaemeka,France
Davey,Germany
De Luca,France
Ho,France
Vasiliev,Spain
Smith,France
Sung,France
White,France
Wang,Spain
Davide,France
Nnamdi,France
Welsh,France
Sousa,France
Andrews,France
Chiawuotu,Germany
Thomson,Germany
Carpenter,France
Yefimova,France
Ma,Spain
Black,Spain
Obijiaku,Spain
King,Spain
Miller,Spain
Chin,France
Cox,Spain
Wallace,Spain
Price,France
Yuan,France
Mullen,France
Howell,France
McIntosh,Germany
Clifton,France
Okwuoma,Spain
Chidiebere,France
Fan,Spain
Onyemauchechukwu,Spain
Harker,France
Bolton,France
Lazarev,Germany
Alexeyeva,Spain
Stevens,France
Glover,Germany
Ibekwe,Spain
Paterson,Germany
Marsh,France
Reeves,France
Rees,France
Hanson,Germany
Onwughara,Germany
Odinakachukwu,France
Huang,Spain
Trevisani,France
Dale,Spain
Pavlova,Spain
Meng,Spain
Dean,France
Chiganu,Germany
Lung,Spain
Donaldson,Germany
Li Fonti,France
Izmailova,France
Walker,France
Nnonso,Germany
Stevenson,France
Schnaars,France
Geoghegan,France
Ilyina,Spain
Muir,France
Gardener,France
Chidi,Spain
Fu,France
Sun,Spain
Ting,Germany
Ashton,Spain
Uwakwe,Spain
Vassiliev,France
Kazakova,France
Perry,Spain
Howell,Spain
Ricci,France
Smith,France
Rossi,Spain
Jones,France
Quezada,France
McCulloch,France
Tobeolisa,France
Black,France
Fraser,France
Green,France
Allan,France
Akudinobi,France
Walker,Germany
Olisaemeka,Germany
Arcuri,Spain
Liu,France
Flemming,Germany
Bischof,Germany
John,Spain
Sinnett,France
Ts'ui,Germany
Pokrovsky,Germany
Azarov,France
McCarthy,Germany
Simpson,France
Stevenson,Germany
Moore,France
Chill,Germany
Moore,France
Su,France
Rees,Spain
Lung,France
Thomas,Germany
Fuller,Spain
Trevisani,France
Dumolo,Spain
Wu,France
Kerr,Germany
Geoghegan,Germany
Bailey,France
Hsia,Spain
Holden,France
Milani,France
Jamieson,Germany
Ndubueze,France
Abramova,Spain
Wetherspoon,France
Middleton,Spain
Arcuri,Germany
Calabrese,Germany
Hampton,France
Clayton,France
Otutodilichukwu,Spain
Chukwuemeka,France
Douglas,France
Galloway,Germany
Sochima,Spain
Wilkins,France
Rice,France
Pope,France
Romani,Spain
Ch'ang,France
Chizuoke,Spain
Ireland,France
Finch,France
Meng,France
Hibbins,Spain
Chung,Spain
Black,France
Balashov,Spain
Palmer,Germany
Lea,Spain
Singleton,Germany
Burt,France
Siciliano,France
Sun,Germany
Sauve,France
Thompson,Spain
Boni,France
Wood,Germany
Buccho,Germany
Spencer,Spain
Eidson,Germany
Hung,Germany
Melvin,Spain
Dawkins,France
Rizzo,Spain
Capon,Spain
Ts'ao,France
Johnstone,France
Fleming,Germany
Chang,Spain
Gibbs,France
Rita,Spain
Munro,Spain
Duncan,France
Okwuadigbo,Spain
McIntosh,France
Ch'iu,Germany
Watt,France
Udinese,France
Clark,France
Hsia,France
Obiuto,France
T'ien,Spain
McKenzie,France
Tang,Germany
Tu,France
Tsui,Germany
Lynch,Germany
Hung,Spain
Oluchukwu,France
Tuan,France
Lewis,France
Chidiebere,France
Woolacott,France
Yen,France
Service,France
Lin,Germany
Chuang,Spain
Akhtar,Germany
Faulkner,France
Liang,Germany
Dancy,France
Duigan,France
McLean,France
Zuyeva,Spain
Hankinson,Spain
Wei,France
Afamefula,Spain
Chiang,Germany
Myers,France
Chinedum,France
Ukaegbunam,France
Akubundu,France
Sal,Germany
Stevenson,France
Sutherland,France
Ts'ao,Spain
Sung,Spain
Pisani,Germany
Hs?eh,Spain
Sherrod,France
Holloway,Spain
Newton,France
Kang,France
Walton,Germany
Bradley,Germany
Watkins,Germany
Tien,France
Davide,Spain
Milne,Germany
Barling,Germany
Barnett,Spain
Ellis,Germany
Hsia,Spain
Chukwujamuike,France
Venables,France
Hsia,Germany
Alexander,Germany
Yuan,Germany
Johnston,Germany
Hobler,Spain
Jamieson,France
Macleod,France
Norris,Spain
Pirozzi,France
Folliero,Germany
Russell,France
Hsiung,France
Tate,France
Davis,France
Bair,France
Drury,Spain
Padovano,France
Conway,Spain
Waters,Germany
Kang,France
Martin,Germany
Ugochukwutubelum,France
Burns,France
Genovese,France
Beale,Germany
Cherkasova,France
Coles,Germany
Potter,France
McMinn,Germany
Bergamaschi,Germany
Chijindum,France
Ch'iu,Spain
Yusupova,Germany
Davis,Germany
Iadanza,France
Jordan,France
Kruglova,Germany
Echezonachukwu,Germany
Hajek,Spain
Welch,Germany
Vinogradoff,France
Hung,Germany
Okwudiliolisa,Germany
Mays,Germany
Gardner,France
Mamelu,Germany
Ross,France
Barese,Germany
Swayne,Spain
Phillips,France
Manfrin,France
Tan,Germany
Adams,France
Teng,France
Chinwendu,Germany
Davison,Germany
Hsing,France
Castro,France
Parkin,France
Manna,France
Fennescey,France
Colon,Spain
Yeh,Spain
Bergamaschi,France
Matveyeva,France
Ignatyeva,France
Lederer,Spain
Nwabugwu,Germany
Abramowitz,France
Chapman,Germany
Fiorentino,Germany
Cecil,France
Ikechukwu,Germany
Allen,France
Kao,France
Hart,France
Charlton,Spain
Turnbull,France
Manners,Germany
Chiazagomekpere,France
Lavrentyev,Germany
Wallace,Germany
Miller,France
Bazhenov,Spain
Ifesinachi,Germany
Ma,Germany
Chu,France
Kerr,France
Wynne,Germany
Moon,France
Disher,Spain
Cattaneo,Germany
Beluchi,France
Mazzi,Spain
Ifeajuna,Spain
Howe,France
Yocum,Spain
Moore,Germany
Y?an,Spain
Chinweuba,France
Lowrie,France
Shen,Germany
Lavarack,France
Davide,Germany
Gomes,France
Matveyeva,France
Fiorentino,Spain
Eberechukwu,France
Gibney,France
Virgo,France
Kulikova,Spain
Liu,Germany
Kao,France
Foran,France
Jones,France
Fowler,France
Conti,Germany
Stephenson,France
Willis,Germany
Ts'ui,France
Chibuzo,Germany
Fang,Spain
Wyckoff,France
Muir,Germany
Halpern,Spain
Flynn,Spain
Shao,Spain
Soares,France
Gallo,France
Lei,Spain
Daniels,Germany
Kenechi,France
Singleton,Spain
Williams,Spain
Greece,Spain
Olisanugo,Spain
Padovano,Germany
Rossi,France
Grant,France
Ebelegbulam,Spain
Mitchell,Germany
Buckley,France
Repina,Germany
Ellis,France
Douglas,Spain
Becher,France
Nwachukwu,Germany
Smith,France
Aksyonov,Spain
Artyomova,France
Medvedeva,Spain
Tsui,Spain
Runyon,Spain
Gallo,France
Bradshaw,Spain
Evans,Spain
Hancock,Germany
Butler,France
Bradshaw,France
Bergamaschi,Spain
Ebelegbulam,France
Greco,France
Lucas,France
Barber,Spain
Dobbs,Spain
Thomson,France
Su,France
Watkins,France
Ch'ien,France
Monds,Spain
McClemans,Germany
Shen,France
Gallo,France
Foveaux,France
Longo,France
Calabresi,France
Randall,Spain
Garcia,France
Sullivan,France
Higgins,Germany
Crawford,France
Martin,Germany
Currey,Germany
Teng,France
Austin,Germany
Hudson,France
Ts'ui,Germany
Hancock,France
Nicholas,France
Napolitano,France
Jamieson,France
Foster,Germany
Moretti,France
Chiedozie,Germany
Okwukwe,France
Lumholtz,Spain
Rose,France
Wan,Spain
De Bernales,Germany
Ch'eng,France
Edmondson,Spain
Ch'ien,Germany
Millar,Germany
Dickson,Germany
Toscani,Germany
Pan,France
Chigozie,Spain
Sagese,Germany
Reilly,France
Taylor,Spain
Yen,Germany
Kapustin,Germany
Singh,France
Yeh,France
Genovese,Germany
Boyle,Spain
Blair,France
Okagbue,France
Khan,France
Robertson,Spain
Tikhonov,Spain
MacDonald,France
Ah Mouy,France
Barese,Germany
Winter-Irving,France
Wilson,France
Fiorentino,Germany
Iloerika,Germany
Davison,France
Hamilton,Germany
Nnachetam,Spain
Blue,Spain
Madukwe,Spain
Mills,France
Ferrari,France
Nixon,Germany
Manfrin,France
McCartney,Germany
Robinson,France
Nkemdirim,Germany
Sal,France
Kao,France
Ikechukwu,France
Hargreaves,Spain
Sievier,Germany
Murphy,Spain
Munro,Germany
Donnelly,Germany
North,France
Cruz,France
Sinclair,France
Vasiliev,France
Vasilyeva,France
Hamilton,France
Sung,France
Genovesi,France
Atkinson,Spain
Watterston,Spain
Butters,Spain
Chien,Spain
Gorbunova,Spain
Bulgakov,France
Steele,Spain
Polyakova,Spain
Bull,France
Weaver,Spain
Earl,France
Giordano,Germany
Begg,France
Pickering,Spain
Fanucci,Spain
Chang,France
Sopuluchi,Spain
Martin,France
McNaughtan,Spain
Stewart,France
Reagan,Germany
Heller,Spain
Nwokeocha,France
Liu,France
Sokolova,Germany
Bancroft,France
Nnanna,Germany
Trevisani,Germany
Nwachinemelu,Spain
Ting,Germany
Lo Duca,Germany
Marshall,France
Band,France
Ferri,Spain
Carter,Spain
Wilson,Germany
Connor,Germany
Reid,Spain
Sandefur,Germany
Bidwill,Germany
Cone,France
Saunders,Germany
Liardet,Germany
Wilkes,Germany
Martin,France
Boni,Germany
Patel,Germany
Howell-Price,Germany
Simpson,France
Rowland,France
Barnard,France
Nnonso,France
Rossi,France
Pendred,France
Martin,Germany
K?,Spain
Miller,Germany
Afamefula,Germany
Sims,France
Knight,France
Obijiaku,Spain
Hopkins,Germany
Onio,Germany
Black,France
Eluemuno,France
Doyle,France
Onyemere,France
Rahman,Spain
Su,Germany
Walker,France
Ferguson,France
Samaniego,France
Onwumelu,France
Young,France
Mazzi,Germany
Toscano,Germany
Walton,Germany
Chiang,France
Burgos,Spain
Spinelli,Spain
Lung,France
Noble,Germany
Pai,France
Chigozie,Germany
Peavy,France
Yermakov,France
Burton,Spain
Costa,Germany
Pugliesi,France
Lindell,Germany
Sorenson,Spain
Arcuri,Spain
Banks,France
Parry,France
Cockett,France
Galkina,France
Su,France
Marino,Germany
Spears,Germany
Cunningham,Germany
Taylor,Germany
Chiazagomekpere,Spain
Hardacre,Spain
Maslow,France
Scott,Germany
Wakelin,Spain
Esposito,France
Shah,France
Chukwufumnanya,Germany
Fleming,France
Lori,France
Kennedy,Germany
Walters,France
Han,France
Lawrence,Spain
Cooke,France
Wan,France
Lo Duca,France
Yermakova,France
Combs,France
Chien,Germany
Meng,Spain
Calabresi,Germany
Stevenson,Germany
Davidson,Spain
Ch'in,Spain
Rose,Spain
Ch'ien,Spain
Artyomova,Spain
Mayrhofer,Germany
Yefremov,Spain
Kosovich,France
Lu,Spain
Taplin,Germany
Ebelechukwu,France
Fleming,France
Yefimov,Germany
Andreyeva,Spain
Pickering,Spain
Allan,Spain
Wang,Germany
Reynolds,Spain
Hales,France
Y?an,Germany
Rowley,Spain
Chia,Spain
Moore,Germany
Copeland,Spain
Rishel,France
Wan,France
Eluemuno,Germany
Hsia,France
Kelly,France
Muir,France
McIntyre,France
Donaldson,Spain
Wright,Spain
Uvarova,France
Doherty,Germany
Allen,France
Ma,Spain
Tucker,Germany
Ch'eng,France
Hs?,France
H?,France
Chimaijem,France
Esomchi,France
Lorenzo,France
Pirogov,Germany
Larkin,France
Eddy,France
Sells,Spain
Crawford,France
Bezrukov,Spain
Mancini,Spain
Iadanza,Spain
Wilkinson,Spain
P'eng,France
St Clair,Germany
Preston,France
Findlay,Spain
Nixon,France
Gorshkov,Germany
Chukwubuikem,Spain
Medvedeva,Germany
Chukwuhaenye,France
Endrizzi,Spain
Ch'ang,Germany
Piccio,France
Lockington,Germany
Seleznyov,Germany
Weston,France
Groom,France
Manfrin,France
Robertson,Germany
Ch'ang,Germany
Lucchesi,France
Cambage,France
Tan,Spain
Tao,Spain
Hsieh,France
Burdekin,France
Longo,Germany
Maughan,Germany
Franz,Germany
Piazza,Spain
Morant,Spain
Becher,Germany
Lombardi,Spain
Loton,Spain
Conti,France
Sani,Spain
Lori,Spain
Wong,Germany
Lombardi,France
Obialo,France
Mazzi,France
Von Doussa,Spain
Miller,Spain
Miracle,France
Su,Germany
Wyatt,Germany
Anayolisa,France
Wade,France
Enemuo,Germany
Bruno,France
Greece,France
Yang,Germany
Brown,France
Anderson,Spain
Johnston,France
Zakharov,France
Golibe,Spain
Nikitina,Germany
Leonard,France
Burns,France
Burtch,Spain
Clark,France
Woodward,Germany
Spencer,France
Chao,France
Costa,Germany
McLachlan,France
Hung,Spain
Akhtar,France
Toscani,Germany
Gray,France
Warren,Germany
Ramsden,Spain
Bartlett,Spain
Wenz,Germany
Kisch,France
Mai,France
McGregor,Spain
Pinto,Spain
Newman,France
Pagnotto,France
Williams,France
Ndubuisi,France
Plummer,Spain
Chimezie,France
Nash,France
Onochie,France
Rizzo,France
Boni,Spain
Davies,Germany
Lu,Germany
Burrows,Spain
Ershova,France
Udokamma,France
Aitken,France
Turnbull,Germany
Reilly,Germany
Hardy,Germany
Brookman,Germany
Kerr,France
McBurney,France
Mickey,France
Harrison,France
Olszewski,France
Chijioke,France
Young,France
Bellasis,France
De Mestre,Spain
De Luca,Germany
Mundy,France
Tung,France
Donahue,France
Okagbue,France
Nnaemeka,France
Verjus,France
H?,France
Napolitani,Spain
Ginikanwa,Germany
Spaull,France
Siciliani,France
Voronina,Spain
Tang,France
Crumbley,France
Hamilton,France
Piazza,France
Birch,Spain
Custance,France
Anayochukwu,Spain
Galkin,Spain
Adams,Germany
Toomey,France
Marshall-Hall,France
Shen,France
Pagnotto,Germany
Wood,France
More,Spain
Piccio,France
Tochukwu,Germany
Graham,Spain
Tung,France
P'eng,Germany
Nevzorova,Germany
Toscani,Spain
McKenzie,Spain
Okwuoma,Spain
Morley,Germany
Kerr,Germany
Harding,France
Butler,France
Crawford,Germany
Brown,Spain
Greece,Germany
Matthews,Spain
Heath,Spain
Vincent,France
Sal,Spain
Milne,Spain
Bazile,Germany
Wardle,France
Lilly,France
Aitken,Germany
Enderby,Spain
Chiu,France
Ugorji,France
Sharpe,France
Houghton,Germany
Konovalova,Germany
Patel,France
Ngozichukwuka,Germany
Medland,Germany
Padovano,Spain
Tsui,Spain
H?,Germany
Denman,France
Ratten,Spain
Baxter,Germany
Norman,Spain
Shen,Germany
Reilly,Germany
Ifeanacho,Spain
Graham,France
Lysaght,France
T'ang,France
Abron,France
Chimaraoke,France
Y?an,France
Sergeyeva,Spain
Ma,France
Obiajulu,Germany
Belcher,Germany
K?,Germany
Brown,France
Abernathy,France
Pape,France
Tao,Germany
Ma,Germany
Earle,France
Kazantsev,France
Uspenskaya,Spain
Coombes,Germany
Hopman,France
McKay,Germany
Milanesi,France
Chineze,Spain
Dawson,France
Shih,Germany
Hughes,Spain
Clark,France
Chukwuhaenye,Spain
Wall,France
Howell,Spain
Lo,Germany
Lazarev,Spain
Lowe,Germany
Folliero,France
Han,Germany
Holloway,Germany
Pai,Spain
Trejo,France
Johnston,Spain
Macknight,Spain
Lo,France
Glossop,France
Bishop,France
Yefremova,France
Obialo,Germany
Nkemjika,Germany
Trevisani,France
Parkes,Germany
Seleznyov,France
Naylor,France
Forbes,Germany
Douglas,France
Nwankwo,Spain
Myers,France
Rogova,Germany
Hsing,France
Giordano,Spain
Okwukwe,France
Chalmers,France
Chiazagomekpere,Germany
Evseyev,France
Parry-Okeden,France
Picot,France
Reid,Spain
Ferri,France
Genovesi,France
Neumayer,Germany
Murray,Spain
Tien,Spain
Parkes,France
Yip,France
Ingle,France
Chidubem,France
Lu,France
Vorobyova,France
Chiedozie,Spain
Napolitani,Germany
Coffey,France
Chigbogu,France
Akabueze,Spain
Istomin,France
Ndubueze,France
Toscani,France
Ross,Spain
Fernando,Spain
McClaran,France
Yermakova,France
Somadina,France
Wan,France
Mazzi,France
Tuan,Spain
Townsley,Germany
Yashina,France
Henderson,Germany
Mueller,France
Wright,France
Lung,France
Bryant,Spain
Madukaife,France
Maclean,Spain
Abdullah,France
Yao,France
Cheatham,Germany
Gallagher,Germany
Hao,Germany
Nixon,France
Wang,France
Kerr,Spain
Romani,France
Lock,Germany
Millar,Germany
K'ung,France
Onyekachi,Spain
Somayina,France
Dennis,Germany
Brown,Germany
Ogochukwu,France
Macleod,Spain
Page,France
Barese,France
Agafonova,France
Caraway,France
Stevenson,France
Duncan,Germany
Wang,Spain
Kaur,Spain
Jenkins,France
Edwards,Germany
Kelly,Spain
Boyle,Germany
Loane,Spain
Padovano,Germany
Li Fonti,France
Robinson,France
Geach,France
Payne,France
Chinonyelum,Spain
Watkins,France
Page,Spain
Genovese,Germany
Watson,France
Mancini,France
Chibueze,France
Hunter,Spain
Buchi,Spain
Charteris,France
Aksenov,France
Wright,Spain
Lu,France
K?,France
Hou,France
Descoteaux,Spain
Stephenson,France
Cooper,Spain
Crump,Spain
Diggs,Germany
Shih,Germany
Hudson,Spain
Carvosso,Germany
Wyatt,Germany
Kodilinyechukwu,France
Vorobyova,Germany
Piccio,Germany
Hsing,Germany
Lucas,Spain
T'ang,France
North,Germany
Thompson,Spain
Simpson,France
Nwora,Spain
Chandler,France
Uspensky,Germany
Ferguson,Spain
Kerr,France
Furneaux,France
Kambinachi,Germany
Black,Germany
Chizoba,Spain
Peng,France
Leach,France
Chiazagomekpele,France
Nickson,France
Lin,France
Alexeieva,France
Sykes,France
Martin,Spain
Herz,France
Nikitina,France
Ko,Germany
Highett,France
Jackson,France
Ball,Spain
Nelson,France
Woronoff,Germany
Morrison,France
Smith,France
Rendall,France
McIntyre,France
Wei,Spain
Allardyce,France
Cremonesi,France
Weatherford,France
Jen,Germany
Macleod,Germany
Mironova,Spain
Sharpe,France
Osborne,France
Chu,Spain
Chong,Spain
Alvarez,Germany
Palerma,Spain
Chiemenam,Germany
Pritchard,France
Wallis,Germany
Palerma,Spain
Hill,France
Hudson,France
Chung,Germany
Zhdanova,France
Fraser,France
Meng,Spain
Cherkasova,France
Rawlings,Spain
Jen,Germany
Chien,Germany
Gorbunov,France
Lucas,France
Young,Spain
Colombo,Germany
Tsao,Germany
Lewis,Germany
Hussain,France
Anderson,Spain
Ulyanov,France
Shaw,Spain
Lucciano,Spain
Gordon,France
Woodward,France
Cunningham,Germany
Boni,Germany
Truscott,Germany
Ginikanwa,France
Bailey,Germany
Hutchinson,France
Maclean,France
Chiang,Spain
Willmore,Germany
Godson,Germany
Smith,France
Bitter,France
Ts'ao,France
Chialuka,Germany
Scott,France
Feng,France
Castiglione,Germany
He,France
Fanucci,France
Ginikanwa,Germany
Manning,Germany
Forlonge,Spain
Liang,Spain
Uchechukwu,France
Sung,France
Tochukwu,France
Reyna,Spain
Liang,Germany
Unwin,France
Rutherford,France
Howe,Spain
Tran,France
Thompson,Germany
Linger,France
Johnston,Spain
Udokamma,France
Barrera,Germany
Sutherland,Spain
Bednall,France
Otoole,Germany
Cremonesi,Germany
Hamilton,France
Donaldson,Spain
McKay,France
Black,Germany
Kane,France
She,Spain
Bruno,Spain
Watson,France
Shih,Germany
Rose,France
Zikoranachukwudimma,France
Cole,France
Isaacs,France
Muravyova,France
Timperley,Germany
Kenechukwu,France
He,Germany
Storey,France
Onyekachukwu,France
Kharlamova,France
Christopher,France
Lombardo,Germany
Kerr,France
Duncan,France
Lawley,Germany
Burns,Germany
Whitson,France
Doyne,Spain
Pinto,France
Chin,France
Davide,France
Torres,Germany
Buccho,France
Greece,Spain
Wimble,Spain
Pirozzi,Germany
Hsiung,Germany
Obioma,Germany
Onio,France
Udinesi,France
Fermin,France
Moss,Spain
Docherty,France
Marcelo,Spain
Fadden,France
Zox,Germany
Otitodilinna,France
Kennedy,Germany
Tu,Spain
Barnes,Spain
Bibi,Spain
L?,France
Landseer,Germany
Nwachinemelu,France
Ch'iu,France
Vinogradova,France
Jenks,France
Crace,France
Packham,Spain
T'ien,France
Onyekachi,France
Solomina,Spain
Hawes,Spain
Benson,Germany
Emenike,Germany
Nero,France
Toscano,Germany
Yang,France
Palerma,Spain
Trentini,France
Haddon,Spain
Coates,Germany
Castiglione,France
Stone,France
Maynard,France
Moore,France
Obielumani,France
Harding,Spain
Hill,Spain
Brown,Spain
Pagnotto,Spain
Esposito,Germany
Tan,Spain
Hammond,France
Chung,France
Houghton,Germany
Chia,France
Zikoranachidimma,France
Boag,Spain
Pagnotto,Spain
Oluchukwu,France
Baxter,France
Tien,Spain
Chimezie,Germany
Slone,Germany
Martin,France
Loggia,France
Hartley,Spain
Parkin,Spain
Lin,France
Brooks,France
Tien,Germany
Dann,France
Trentino,Spain
Russo,France
Christie,Germany
Ross,France
Nnonso,France
Teng,Germany
Buccho,France
Madukaife,Spain
Dunn,France
Hooker,Germany
Griffin,Spain
Kistler,Spain
Law,Spain
Grigoryeva,France
Chu,Germany
Onyemachukwu,France
Lu,Spain
Watson,France
Fallaci,Germany
Ni,Germany
Leason,Germany
Tsai,Spain
Bruner,Germany
Wallace,France
Young,Spain
Forbes,France
Muir,France
Pugh,Germany
Webb,Spain
Walker,Spain
Cox,France
Maclean,France
Hollis,Spain
Jamieson,France
Su,France
P'eng,France
Hawkins,Spain
Ndubuagha,France
Hill,France
Norton,Spain
Achebe,Germany
Simpson,France
Chiang,France
Dalrymple,Germany
Chukwuemeka,France
Ojiofor,France
Rubeo,France
Fanucci,Germany
Zubarev,France
T'ao,Germany
Pai,Spain
Udegbunam,Spain
Claypool,France
Manfrin,Germany
Baker,Germany
Efremov,Spain
Chin,France
Brookes,Spain
Doyle,Spain
Ajuluchukwu,Germany
Ikemefuna,France
Fowler,Spain
Liao,Spain
Onuora,France
Aksenov,Germany
Trevisani,France
Wood,France
Lombardo,France
Walpole,France
Chikwendu,Spain
Ko,France
Steigrad,France
Isayeva,France
Boni,Germany
Anayolisa,Spain
Fallaci,Spain
Fenton,France
Chao,Spain
Osinachi,Spain
Chu,Germany
Obiuto,France
Chu,France
Nash,France
Hixson,France
Fiorentini,Spain
Chidimma,Germany
Chiazagomekpere,Spain
Laura,France
Wu,Spain
Toscani,Spain
McMillan,France
Chiekwugo,France
Hendley,Spain
Birnie,France
Kemp,France
Johnstone,France
Lo Duca,Germany
Montgomery,Spain
Miller,France
Chiemezie,France
Wright,Germany
Shaw,France
Chapman,Spain
Y?an,France
Clark,France
Howells,France
Gamble,France
Rogers,France
McMillan,Germany
Brown,Germany
Robertson,Spain
Thomas,Spain
Hsing,Germany
Chiu,France
Chang,France
Kornilova,France
Chifo,Spain
Lu,Spain
Bellucci,Germany
Michael,Spain
Sinclair,France
Chukwuebuka,Germany
Schmidt,France
Parry,France
McIntyre,Germany
Lo Duca,Spain
Ferrari,France
Berry,Spain
Cattaneo,France
Foster,France
Gordon,France
May,France
Cameron,France
Ch'eng,France
Curtis,France
Whitehead,France
Chukwuemeka,Spain
Onwughara,France
Grant,Spain
Browne,France
Goloubev,Spain
Gordon,France
Sutherland,Spain
Quesada,Spain
Wright,Germany
Simmons,Germany
Yobachukwu,France
Read,France
Wunder,France
Nnaife,France
Shen,France
Powell,France
Goddard,France
Buckley,France
McIntyre,France
Yen,France
Okonkwo,Germany
Burlingame,Germany
Hs?,France
Board,Germany
Adams,France
Rizzo,France
Chukwufumnanya,France
Fraser,France
Russell,France
Yefimova,France
Palermo,Spain
Bergamaschi,France
Shao,France
Chimaraoke,France
McGregor,France
Kesteven,France
Ritchie,Spain
Jenks,France
Udokamma,France
Boyle,Germany
Azuka,France
Pai,France
Howells,Spain
Hs?,Spain
Kelly,France
Walton,France
Ebelechukwu,France
Vasilieva,Spain
Hsiao,France
Abrego,Germany
Gibson,Germany
Giordano,Spain
Mancini,France
Afanasyeva,Spain
Wright,Spain
Okwudiliolisa,Germany
Hughes,France
Parrott,Germany
Hughes,Germany
Zinachukwudi,France
Keane,France
McCollum,France
Simpson,Spain
Gambrell,Germany
Moretti,Germany
Ricci,France
Rieke,Germany
Ndubuagha,France
Chung,Spain
Ts'ai,France
Cox,Spain
Lei,Germany
Ulyanova,Spain
Gray,Germany
McGregor,France
Tretiakova,Spain
Genovesi,Spain
Gordon,France
Aitken,Germany
Ginikanwa,Spain
Coates,France
Piazza,Germany
Cawood,France
Ignatieff,Spain
Gallo,Spain
Yelverton,Spain
William,France
Mault,Germany
Mackay,Germany
McIntyre,Germany
Henry,Germany
Kao,France
Frewin,France
Yefremova,Spain
Anenechukwu,Spain
Trentino,France
Tomlinson,Germany
Royston,Spain
Cremonesi,France
Yeh,Spain
Ch'in,France
Martinez,France
Wearing,Spain
Maclean,Spain
T'ao,Spain
Rose,France
Whitworth,France
Suttor,Germany
Hsing,Germany
Boni,France
Marshall,France
Catchpole,France
Tang,Spain
Siddons,Spain
Wan,Spain
Efimov,Germany
Rose,France
Fanucci,France
Iweobiegbulam,Spain
Ijendu,Germany
O'Sullivan,France
Hutchinson,France
Kwemto,France
Chiu,Spain
Berry,Spain
Hung,Germany
Mordvinova,France
Bruno,Germany
Arbour,Spain
Barese,France
Hingston,France
Davis,Germany
Lawrence,Germany
Chung,France
Padovano,France
Blinova,Germany
Carter,Germany
Webb,Spain
T'an,Germany
Yates,Germany
Su,France
Christian,Germany
Chiu,Spain
Sacco,Germany
Lettiere,Germany
Daluchi,Germany
T'ien,Germany
Hung,France
Liu,Germany
Feng,Germany
Gilbert,Germany
Robb,France
Manfrin,France
Chinwenma,France
Smith,Germany
Rowe,France
Moran,Spain
Walker,Germany
Myers,France
Wall,France
McKay,Spain
Egobudike,France
Williams,Germany
Ochoa,France
Otutodilinna,Germany
Ajuluchukwu,Germany
Bellucci,France
Gordon,Spain
Johnston,Spain
De Luca,Germany
Hill,France
Eluemuno,Germany
Howarth,France
Thomson,France
King,France
Grant,France
Gilbert,Germany
Richmond,Spain
Fiorentino,France
Greece,France
Dickson,France
Henderson,Spain
Stevens,Spain
Mitchell,France
Nworie,Spain
Boni,France
Wentcher,Germany
Bentley,France
Hayes-Williams,France
Johnstone,France
Johnstone,France
Nixon,France
Trevisano,Germany
Tsui,Germany
Moss,France
Graham,France
Onyemauchechukwu,Germany
Saunders,France
Ko,France
Cairns,Spain
Chiemela,Germany
Robertson,France
P'eng,Spain
Tseng,France
Russell,Germany
Yen,Spain
Yeh,Spain
Kalinina,Spain
Collier,Germany
Thomas,Germany
Shaw,France
Francis,Germany
George,France
Ikenna,Germany
Schatz,France
Tao,France
Scott,Spain
Sims,Spain
Chibugo,Spain
Ku,France
Stanton,France
Kung,France
Gibson,France
Iheanacho,Spain
Costa,Spain
Sal,Spain
Lin,Germany
Ferri,Spain
Yin,Germany
Avdeyeva,France
Tu,France
Donnelly,Spain
Loggia,France
Chao,Spain
Belonwu,France
Welch,France
Henderson,France
Yobanna,France
Gallo,France
Wilson,Germany
Marino,France
Bailey,France
Gboliwe,Germany
Chukwuhaenye,Spain
Bianchi,Germany
Ford,France
Rizzo,France
Lung,Germany
Ramirez,France
Sabbatini,France
Ts'ao,Germany
Trevisan,Germany
Chinwenma,France
Berry,Spain
Colombo,Spain
Harris,France
Bryan,Spain
Chigozie,France
Mullawirraburka,France
Steele,France
Zakharov,Germany
Ch'eng,France
Berry,Spain
Jen,Germany
Wang,Germany
Chubb,France
Chen,France
Mazzanti,France
T'ao,France
Ndubueze,France
Ferri,France
Thornton,Spain
DeRose,France
Montes,France
Kwemto,France
Lucchese,Germany
Huggins,Germany
Wade,Spain
Kenenna,France
Wheeler,France
Cartwright,France
Iloerika,France
Palermo,Spain
Nkemakolam,France
Butler,Germany
Calabresi,France
Nkemdilim,Spain
Ch'iu,Germany
Alexander,France
Chiabuotu,France
Vasilyeva,Spain
Schneider,France
Mason,France
Chukwukadibia,Germany
Tsui,Spain
Banks,France
Shih,France
Tretiakova,France
Barese,France
Longo,Germany
MacDonald,France
Chambers,Spain
Cowen,France
Iweobiegbunam,France
Mai,Germany
Yu,France
Duffy,France
Chiang,France
Watts,Spain
Daly,Spain
Baker,France
Uvarov,France
Costa,France
Genovesi,Germany
Doherty,France
Kaleski,France
Wright,Germany
Huang,France
Trentino,France
Chienezie,Germany
Sugden,France
Tu,France
Onuchukwu,France
Ugochukwutubelum,Germany
Davidson,France
Goddard,France
Beck,France
Beam,Germany
Sheppard,Germany
Godfrey,France
Gray,France
Hsiung,France
Cameron,Germany
Fleming,France
Austin,Spain
Wallace,Germany
Ku,France
Fiorentino,Germany
Buccho,Spain
Gordon,France
Haworth,Germany
Guidry,Spain
Lettiere,Germany
Tai,France
Chigozie,France
Bezrukov,Spain
Chia,Spain
Sheppard,Spain
Vasilyev,Spain
Maxwell,France
Maher,France
Cocci,Spain
P'an,France
Rapuluchukwu,Germany
Azuka,Germany
Esposito,Germany
Hou,France
Cyril,France
Tomlinson,Germany
Crawford,France
Chikwado,Germany
Hargreaves,France
Laidley,Spain
Ferguson,France
Burns,France
McNeill,France
Chukwuebuka,Spain
Shen,France
Diaz,France
Kentish,Spain
Persse,France
Okwukwe,France
Watt,Spain
Carslaw,Germany
Griffin,France
Hsia,France
Fyodorova,France
Chukwujekwu,France
Townsend,France
Marsh,France
Hayes,Spain
Padovano,France
Ma,France
Ham,Spain
Paten,Germany
Cawthorne,France
Herbert,Germany
Jen,France
Saunders,France
Esquivel,France
Chao,Germany
Eluemuno,Germany
Sidorova,France
Pirogova,Germany
Benson,Germany
Santana,France
Williamson,Germany
North,France
Davies,Germany
Siciliano,Spain
Mironov,France
Amechi,Spain
Toscano,France
Su,France
Chukwuemeka,France
P'eng,France
Lombardo,France
Lombardi,Germany
Butler,Spain
Dean,Germany
Piccio,Germany
Bradley,Germany
Cameron,Germany
Chan,France
Lettiere,Germany
Mironova,France
Tsui,Spain
Okoli,France
Berry,France
Ruse,Spain
Bogolyubov,France
Kennedy,France
Bolton,Germany
Chuang,Spain
Greco,Germany
Ma,Spain
Nucci,Germany
Yao,Spain
Palfreyman,France
Webster,Germany
Cardell,Germany
Bianchi,France
Somadina,Spain
Mellor,Germany
Tomlinson,France
Pai,Germany
Lennox,Germany
Meldrum,Spain
Watson,France
Findlay,France
Su,France
Davidson,Germany
Barrett,France
Miah,France
Chamberlain,France
Vidal,Spain
Lung,France
Tretyakova,France
Montgomery,Spain
Golubev,Germany
Han,France
Pan,Spain
Carroll,France
Hawkins,Spain
Loggia,France
Chesnokova,France
Chambers,France
Fleming,Germany
Veale,Germany
Browne,Germany
Parsons,France
Bailey,Spain
Ferrari,France
Genovese,France
McIntyre,France
Warner,France
Gordon,France
McMillan,Spain
Cheng,France
Akhtar,France
Iadanza,France
Abernathy,Spain
Watson,Spain
Shen,Germany
Kershaw,France
Reed,France
Mitchell,Spain
Webb,Spain
Vanzetti,France
Nnanna,Spain
Campbell,France
Capon,France
Otutodilichukwu,France
Boone,Germany
McIntyre,Germany
Zhdanov,France
Nagy,Spain
Lombardo,France
Simpson,Germany
Herbert,Spain
Lehr,Spain
Chou,Germany
Upchurch,Germany
Ugorji,Germany
Palerma,Spain
Coles,France
Hsueh,France
Tu,France
Kuo,France
Woodhouse,Germany
Tretiakova,Germany
Gibson,France
Moss,Spain
Chineze,France
Davidson,France
Liang,Spain
Graham,France
Nwebube,Spain
Sozonov,Germany
Forbes,Germany
Chikezie,France
Onwuemelie,France
Toth,Spain
Hunt,Germany
Mazure,Germany
Hughes,Spain
Bennett,Spain
Tien,Germany
Kay,France
Bryan,France
Ingamells,France
Milne,Spain
Lombardo,France
Owens,Spain
Charlton,Spain
Overby,Spain
Chifley,France
Oliver,France
Hill,France
DeRose,Spain
Chuang,Germany
Edwards,France
Rodriguez,Spain
Lo,Germany
Powell,France
Chu,France
Munro,Germany
Onwumelu,France
Siciliani,Spain
Yobachi,France
Akabueze,France
Chiemenam,Germany
Odinakachukwu,Germany
Reilly,Spain
Forbes,France
Amadi,France
Ferri,Germany
Y?an,Germany
Williamson,Germany
Briggs,Spain
Napolitani,France
Carpenter,France
Lin,France
Robinson,Spain
Collins,France
Kingsley,France
Harvey,France
Obiora,France
Knight,Spain
Hung,France
Curtis,Spain
Perez,France
Gosnell,France
Fang,France
Clarke,France
Milanesi,Spain
Chia,Germany
Gearhart,France
McLean,Germany
Williamson,France
Murphy,Germany
Angelo,Spain
Thomson,France
Murray,France
Kirby,Germany
Lane,France
Bergamaschi,Germany
Yang,Spain
Mills,France
Chidubem,Spain
Findlay,France
Wood,France
Boyle,Germany
Toscano,Spain
Seccombe,France
Uspenskaya,Spain
McKenzie,Spain
Liang,France
Yermakova,France
White,France
Rounsevell,Germany
Ts'ai,France
Stoneman,Germany
Yao,France
Chukwukere,France
Ifeatu,France
Millar,France
Igwebuike,Germany
Obidimkpa,Spain
Hou,Germany
Moody,Spain
Keldie,France
Liu,France
Ts'ao,France
Walker,France
Defalco,France
Lo Duca,Spain
Hyde,France
Kanayochukwu,France
Yen,France
Ts'ui,France
Tillman,France
Riley,France
Tu,Spain
Ruiz,France
Goliwe,Germany
Balashov,Germany
Leonard,France
Onyekaozulu,Germany
Carpenter,Spain
Beede,France
Beneventi,France
Sadlier,Germany
Lewis,France
Chiazagomekpele,Germany
Elliott,France
Liang,France
She,France
Bozeman,France
Yu,France
Teng,France
Davide,Germany
Beneventi,Spain
Yobachukwu,Spain
Douglas,Germany
Egobudike,France
Shelby,France
Golubov,France
Williamson,Germany
Fan,France
Nwebube,Spain
Bellucci,France
Udinese,Germany
Marian,Spain
Chizoba,France
McFarland,France
McDonald,France
Chiemezie,Spain
Fane,France
Marchesi,Germany
Scott,France
H?,France
Craig,France
Chikelu,Germany
Caffyn,Germany
Otitodilichukwu,Germany
Green,Spain
Y?an,Spain
Mao,France
Dahlenburg,Germany
Shih,France
Maclean,France
Fiorentino,Spain
Long,France
Olson,France
McKenzie,France
Rossi,France
Power,Spain
Yen,France
Norris,Spain
Collier,Spain
Rivers,Germany
Hudson,Spain
Milani,France
Hunt,Germany
Oluchukwu,Germany
Lorenzo,France
Chidiegwu,Germany
Warren,France
Glover,France
Andersen,France
Arcuri,Spain
Mackinlay,Germany
McCarthy,Spain
Chiu,France
Norriss,Germany
Moore,Germany
Mott,France
Ts'ai,Germany
Fokina,Spain
Nikitina,Germany
Henry,France
Chiefo,France
Mao,France
Bezrukova,France
Dodd,France
Lori,France
Yudina,Germany
Conti,Germany
Volkova,France
Boni,Germany
Ritchie,France
McMillan,France
Phillips,France
Lombardi,France
Ireland,France
Boan,Spain
Shao,France
Chiemenam,France
Hunter,Spain
McKay,France
Roberts,France
Aitken,France
Chao,Spain
Bruce,Spain
Chan,Germany
Watts,France
Gibbons,Germany
Ni,Spain
Jen,Germany
Phillips,France
Amaechi,France
Maslow,France
Rowley,Germany
Chukwuemeka,Spain
Bevan,Spain
Topp,France
Burgoyne,Spain
Yermakov,France
Ts'ui,France
Kodilinyechukwu,Germany
K?,France
Marino,France
Lucas,France
Anderson,Germany
Wei,France
Baldwin,Germany
Foster,Spain
Gebhart,France
Fedorov,France
Robertson,Spain
Tudawali,France
Iloerika,France
Onyemauchechukwu,France
Muir,Spain
Walker,France
Charlton,Germany
Tseng,France
Ifeatu,Spain
Chin,France
Blinova,France
Maconochie,Germany
Ch'in,Spain
Nicholson,France
Burgess,Germany
Young,France
Plumb,France
Trentino,Germany
Allen,France
Benford,France
Gallo,Spain
Cobb,Germany
Doherty,Germany
Cocci,France
Macadam,Spain
Tychonoff,France
Johnson,Spain
Tu,France
Chidiebere,France
Pope,Germany
Sutherland,Germany
Beneventi,France
Jamieson,France
Simmons,Spain
Chijioke,France
Iloerika,Germany
Chia,Spain
Nwachinemelu,France
Becher,France
Romano,Spain
Walker,Germany
Chiawuotu,France
Watt,France
Udegbunam,France
Watson,France
Bryant,France
Ward,France
Urban,France
Sutherland,France
K'ung,France
Iweobiegbunam,Spain
Wei,Germany
Lascelles,France
Ts'ao,Germany
Mack,France
Campbell,Germany
Fiorentini,France
Long,France
Lloyd,Spain
Sneddon,Spain
Gorshkov,Spain
Forbes,Germany
L?,France
Hopetoun,Spain
Lucchesi,France
Faria,France
Yefremov,Germany
Genovesi,France
Marquez,Germany
Trevisani,Germany
Tung,France
Barnhill,France
Marshall,Spain
Bednall,Spain
Pan,Germany
Ogg,Spain
T'ang,Spain
Baresi,Germany
Obiajulu,France
McGregor,France
Lung,France
Jamieson,France
Pinto,France
Fallaci,France
Goliwe,Spain
Ferri,France
Rowley,Germany
Tretiakova,France
She,Germany
Nebeolisa,Germany
Young,Spain
Fitzgerald,France
Arnold,Germany
Chidimma,France
Wells,Spain
Calzada,Spain
Black,France
Sopuluchukwu,France
Ts'ao,Germany
Ukaegbunam,France
Wood,France
Furneaux,Germany
Gresswell,Germany
Ch'in,France
Ma,Germany
Iweobiegbunam,Germany
Marcelo,Germany
Azubuike,France
Stewart,France
Yen,France
Hsieh,France
Chiedozie,Germany
Shih,Spain
Amechi,Germany
Ko,Spain
Chimezie,France
Azubuike,Germany
Aguirre,France
Lung,France
Adams,Germany
Castiglione,Germany
Yao,France
Morales,France
Thomas,France
Vasiliev,Germany
Chukwueloka,France
Ko,Germany
Atkins,France
Moffitt,France
Panicucci,Spain
Akobundu,Germany
Chiu,France
Tsui,France
Yobanna,France
Hollis,France
Cattaneo,France
Lung,France
Angelo,Spain
Folliero,Germany
Bryant,France
Weigel,France
Ajuluchukwu,Germany
Zhirov,France
Cox,France
Chimaraoke,Germany
Genovese,France
Ohearn,France
Munroe,France
Morrison,Spain
Parkhill,Germany
Y?,Spain
Hilton,Germany
Thompson,Spain
Yobanna,France
Thorpe,Germany
Harvey,Spain
Robinson,Germany
Manna,France
Li,Spain
Hancock,Spain
Hao,France
Nicholls,France
Folliero,France
Trumbull,France
Medvedeva,Spain
Crist,France
Middleton,France
Watts,France
Udinese,Spain
Tretiakov,Germany
O'Kane,Germany
Vasilyeva,Spain
Wei,France
Chinonyelum,France
Chin,Spain
Lorimer,Spain
Yeh,France
Duffy,Germany
Onyekachukwu,Germany
Banks,Spain
Hughes,Germany
Lai,France
Matthews,Germany
Bell,Germany
Tu,Spain
Hsia,Spain
Cheng,France
Cheng,France
Lin,France
Higgins,Germany
Chukwujekwu,Germany
McKay,Germany
Vincent,France
Ubanwa,France
Ch'ien,France
T'ien,France
Ricci,Germany
McDowell,France
Maclean,Spain
Manna,Germany
Jibunoh,Spain
Fan,Germany
Hsieh,France
Parsons,Spain
Udinese,Spain
Root,France
Chiemezie,Spain
Toscani,France
Obidimkpa,France
Degtyaryov,Germany
Maclean,Spain
Giordano,Spain
Saad,Spain
Lord,Spain
Hope,Germany
K?,France
Bull,Germany
Adams,Germany
Brookes,France
Victor,France
Giles,France
Ferrari,Germany
Milne,Germany
Parry,France
Allan,France
Warren,France
Rowntree,France
Andrejew,France
Corby,Spain
Kennedy,France
Young,Spain
Poole,Germany
Fletcher,France
Tsao,France
Gilroy,Spain
Onwuamaeze,Germany
Manna,Spain
Pisano,Germany
Thorpe,Germany
Dwyer,Spain
Okeke,France
Zito,France
Sergeyeva,France
Fang,France
Flannagan,Spain
Mao,Spain
Sturdee,France
Azikiwe,Spain
Chidi,Spain
Hull,France
Shah,Spain
Morgan,France
Vagin,France
Bruno,Germany
Osinachi,France
Ho,Spain
Tsui,France
Gordon,Spain
Duncan,Germany
Hu,Germany
Docherty,France
Brookes,France
Angelo,Spain
Emenike,Germany
Pugh,France
McKenzie,France
Mach,Germany
Endrizzi,France
L?,France
MacPherson,France
Michael,Spain
Chiedozie,France
Hughes,France
Taylor,Spain
Evdokimov,Spain
Davis,Germany
Ubanwa,Spain
Murray,France
Smith,France
Evseev,Germany
Mitchell,France
Ni,France
Palerma,Germany
Yuan,France
Knight,France
Rapuokwu,France
Wan,France
Artamonova,Germany
Rossi,Germany
Greco,France
Fleetwood-Smith,Spain
Butusov,France
West,Germany
Sanders,Germany
Parks,France
Edith,France
Korovin,Spain
Lajoie,Spain
Bergamaschi,France
T'ien,Spain
Torode,Germany
Fu,Spain
Cameron,Germany
Cattaneo,France
James,France
Abramovich,France
Onwughara,Germany
Wan,France
Salinas,Germany
Ho,Spain
Cleveland,Germany
Burke,France
Trentino,France
Kashiwagi,Spain
Nucci,France
Oluchi,France
Ts'ui,France
Graham,Spain
Lucciano,Germany
Aldridge,Spain
Flynn,Spain
Scott,Germany
Douglas,France
Shao,Germany
Ch'en,Spain
Pugliesi,France
McGregor,Germany
Hou,France
Thompson,France
Chou,France
Ch'in,France
Miller,France
Barker,France
Smith,Germany
Azikiwe,France
Mancini,France
P'eng,France
Diribe,France
T'ao,Spain
Burbidge,Germany
Griffin,Germany
Cocci,France
Echezonachukwu,Germany
Nepean,France
Bartlett,Germany
Mancini,Spain
Pirozzi,France
McMillan,Spain
Nkemakonam,Germany
Ajuluchukwu,France
Chukwualuka,Spain
Rahman,France
Wood,France
Obijiaku,France
Johnstone,France
Liu,France
Sabbatini,Germany
Walker,France
